TIME,C,C#,D,D#,E,F,F#,G,G#,A,A#,B
0.000000000,1.05435e-06,1.43427e-06,7.72672e-07,9.74857e-07,9.23715e-07,8.42005e-07,5.62328e-07,3.79392e-07,8.41022e-07,1.53536e-06,9.26389e-07,7.02486e-07
0.046439909,1.54693e-05,1.56397e-05,1.43034e-05,1.22301e-05,9.37179e-06,7.85885e-06,4.62691e-06,3.37035e-06,3.85502e-06,6.93108e-06,2.77233e-06,1.42058e-06
0.092879819,8.71914e-05,0.000104713,9.63018e-05,8.87665e-05,8.10057e-05,7.78749e-05,6.48838e-05,5.63151e-05,4.87966e-05,5.4386e-05,4.26984e-05,4.42629e-05
0.139319728,0.00496044,0.00098841,0.00133623,0.00799336,0.00972458,0.00298749,0.00150119,0.00205432,0.00192496,0.00505469,0.0275291,0.0278334
0.185759637,0.00187482,0.000960921,0.00138647,0.00277689,0.00312309,0.00120223,0.000537643,0.000717394,0.000633099,0.00183774,0.00884259,0.00833398
0.232199546,0.00107391,0.000446608,0.000910573,0.00263573,0.00274924,0.000846011,0.0006172,0.000598476,0.000509568,0.0010151,0.00595289,0.00552597
0.278639456,0.00233455,0.00124971,0.00149134,0.00327173,0.00360835,0.00229596,0.00221978,0.00167945,0.00107428,0.00240756,0.00870253,0.00859096
0.325079365,0.00327874,0.00180501,0.00214686,0.00467523,0.00436152,0.00239404,0.00213604,0.00215989,0.00146282,0.00286886,0.00973536,0.00882226
0.371519274,0.00445505,0.00479238,0.00595463,0.00413136,0.00646499,0.00428452,0.00507344,0.00513134,0.00420278,0.00326097,0.0100861,0.00955868
0.417959184,0.0170452,0.00462315,0.00332331,0.0199104,0.0229531,0.00797226,0.00351208,0.00353971,0.00347631,0.0108552,0.0657399,0.0645664
0.464399093,0.00963092,0.0036368,0.00248579,0.0111706,0.0135621,0.0059975,0.00367535,0.00248188,0.00248294,0.00714126,0.0414579,0.0419047
0.510839002,0.00607771,0.00245653,0.00350115,0.0105056,0.010001,0.00317659,0.00182746,0.00179859,0.00275046,0.00583458,0.0274021,0.0261382
0.557278912,0.00469356,0.00313252,0.00374785,0.00484039,0.00705868,0.00270767,0.00200434,0.00237852,0.00236164,0.00363464,0.0200233,0.0203909
0.603718821,0.0032098,0.00432552,0.00398206,0.00522321,0.00562188,0.0027463,0.00186621,0.002628,0.00317074,0.00383803,0.0117423,0.0111409
0.650158730,0.00273255,0.00334416,0.00193386,0.00237069,0.00320379,0.00138379,0.0010124,0.00077094,0.000836767,0.00161596,0.00474719,0.00342802
0.696598639,0.00173752,0.00105874,0.00167117,0.00367307,0.00322658,0.00105224,0.000748056,0.000794907,0.000859486,0.0014147,0.00348599,0.00302082
0.743038549,0.00137387,0.002044,0.00193893,0.00235684,0.00170713,0.000750015,0.000611665,0.00122527,0.00114478,0.000743465,0.00380206,0.00332268
0.789478458,0.00287141,0.00282927,0.00281468,0.00184796,0.00185396,0.00190343,0.00142712,0.00106839,0.00156946,0.00286032,0.00488758,0.00415556
0.835918367,0.00384736,0.00297352,0.00194807,0.00228981,0.0025156,0.00235979,0.00217825,0.00272409,0.0018068,0.00246121,0.00426394,0.0057205
0.882358277,0.0686662,0.0519676,0.0590304,0.0444466,0.0173145,0.013213,0.0178788,0.0237041,0.0603095,0.145325,0.178637,0.125014
0.928798186,0.00237202,0.00332501,0.0184506,0.0213594,0.00578597,0.00186556,0.00282812,0.00314193,0.0106908,0.0600598,0.0568143,0.0117385
0.975238095,0.00201501,0.00268555,0.0112161,0.0125728,0.00280412,0.00170181,0.00234475,0.0023375,0.00723101,0.0414608,0.0389753,0.00701093
1.021678005,0.00476147,0.00282408,0.00692115,0.00904067,0.00293923,0.00182237,0.00180331,0.0029913,0.00401348,0.0288182,0.032068,0.011317
1.068117914,0.00288109,0.0036838,0.00477619,0.00478196,0.00269564,0.00251837,0.00243659,0.00212808,0.00355026,0.0181022,0.0155171,0.00328057
1.114557823,0.00306514,0.00270958,0.0065603,0.00623464,0.00384611,0.00234113,0.00194972,0.00165602,0.00475472,0.0120022,0.00903692,0.00311707
1.160997732,0.00334366,0.009744,0.00926874,0.00337013,0.00273235,0.00360674,0.00543422,0.00439527,0.00229401,0.00740752,0.00737588,0.00240872
1.207437642,0.00136986,0.00574919,0.00693138,0.00391825,0.00232098,0.00122981,0.00229959,0.00316235,0.0026017,0.00507618,0.00467686,0.00173788
1.253877551,0.0312338,0.0209666,0.0234107,0.02317,0.0176739,0.0102882,0.00620008,0.00604631,0.00894117,0.0191265,0.0323076,0.0362975
1.300317460,0.00636576,0.00317225,0.00443766,0.00908643,0.0112392,0.00327808,0.00164628,0.00134955,0.00185376,0.00404559,0.0290498,0.0275986
1.346757370,0.00624883,0.00307841,0.00304263,0.0112879,0.0128986,0.00377578,0.00156576,0.0015747,0.00191098,0.00598641,0.0290676,0.0281052
1.393197279,0.0239015,0.00792999,0.00999769,0.0378206,0.0492513,0.0177505,0.00739456,0.00604656,0.00582025,0.0269834,0.142335,0.136296
1.439637188,0.00802383,0.00168748,0.00332567,0.0142362,0.0171464,0.00498755,0.00296162,0.00278646,0.00341215,0.00961001,0.0468998,0.0416284
1.486077098,0.00749131,0.00465624,0.0032237,0.0102017,0.0104131,0.00389991,0.00271642,0.00232886,0.00255806,0.00649668,0.0284617,0.027771
1.532517007,0.0167085,0.0063949,0.00421057,0.0233046,0.0278354,0.00939811,0.00293813,0.00319454,0.00305537,0.0155431,0.080347,0.0739013
1.578956916,0.0117594,0.00536838,0.00447224,0.0122285,0.0116056,0.00305314,0.00324198,0.00272877,0.0033084,0.00690639,0.0505473,0.0516431
1.625396825,0.00811839,0.00686153,0.00933325,0.00657718,0.00844359,0.00753539,0.006213,0.00667653,0.00851217,0.0137262,0.0198185,0.0325414
1.671836735,0.0049603,0.00453343,0.00455097,0.00518869,0.00461418,0.00164768,0.00125747,0.00132597,0.00230339,0.00389128,0.00887729,0.00539234
1.718276644,0.0019823,0.00198976,0.00219507,0.00184269,0.00233612,0.00158545,0.00108436,0.00124284,0.0016617,0.00432639,0.0133182,0.0113764
1.764716553,0.0109967,0.00587791,0.00606384,0.0186463,0.0207708,0.00640135,0.0011951,0.0026006,0.00325428,0.0119478,0.0645422,0.0653548
1.811156463,0.00794925,0.00274886,0.0033976,0.00811258,0.00828026,0.00256771,0.00181938,0.00183656,0.00189348,0.00215748,0.023905,0.0278822
1.857596372,0.00671953,0.00340757,0.00203842,0.00942623,0.0102501,0.0040062,0.00306416,0.00340263,0.00268071,0.00548007,0.0229357,0.0215876
1.904036281,0.00941256,0.00757214,0.0274806,0.036138,0.0129246,0.00331393,0.00500621,0.0052802,0.0153325,0.0878159,0.0932558,0.0289158
1.950476190,0.00354661,0.00594988,0.0173859,0.0183369,0.00674976,0.0040184,0.00264811,0.00236861,0.0102953,0.0528995,0.0422454,0.0103085
1.996916100,0.00383428,0.00312466,0.0108218,0.0100671,0.00408809,0.00217295,0.00225735,0.00244846,0.00643597,0.0363405,0.0317007,0.0033534
2.043356009,0.00335157,0.00155299,0.0053514,0.00900615,0.00539579,0.00266366,0.00190502,0.00242118,0.00611605,0.025246,0.0281746,0.00852821
2.089795918,0.00512135,0.00326296,0.00371351,0.00604852,0.00362918,0.00346402,0.00330174,0.00330846,0.00308046,0.0140734,0.0145551,0.00820359
2.136235828,0.0354238,0.0207327,0.0169419,0.0262064,0.0271502,0.0127008,0.00921423,0.0089955,0.012876,0.015756,0.0524834,0.0684116
2.182675737,0.00482049,0.00305944,0.00277912,0.00522429,0.0050955,0.00254768,0.00129479,0.000936205,0.00101471,0.00171311,0.00515753,0.00667863
2.229115646,0.00342068,0.00202465,0.0018415,0.00225155,0.0025117,0.000797381,0.000757222,0.000722093,0.001493,0.00540629,0.00287934,0.00398033
2.275555556,0.00384009,0.00288621,0.00322223,0.00448318,0.00299963,0.00136174,0.00148554,0.00143926,0.000966239,0.00664993,0.0168686,0.0127785
2.321995465,0.00258792,0.0037765,0.00429696,0.00633039,0.00666235,0.00223857,0.00110219,0.00192771,0.00266605,0.00548865,0.00762006,0.0103843
2.368435374,0.0036621,0.00399355,0.00556661,0.00731499,0.00638376,0.00310752,0.0029896,0.00359823,0.00464005,0.00933801,0.0142693,0.0104456
2.414875283,0.0142362,0.00715932,0.00274383,0.0197468,0.0251322,0.00834026,0.0024032,0.00323927,0.00346097,0.0118184,0.0734158,0.0685227
2.461315193,0.00623916,0.00384421,0.00572934,0.0139795,0.0151414,0.00461803,0.00282576,0.00299063,0.00460281,0.0114707,0.049428,0.0441185
2.507755102,0.00623629,0.00382445,0.00364161,0.00988093,0.00980141,0.00276899,0.00192746,0.00241702,0.00226689,0.00503087,0.0252106,0.0255709
2.554195011,0.00626618,0.0037096,0.00448711,0.00668855,0.007099,0.00479915,0.00304887,0.00311362,0.00267785,0.0048615,0.022597,0.0206637
2.600634921,0.00609124,0.00339893,0.00530198,0.00707554,0.00664889,0.00452537,0.00288677,0.00198542,0.0025805,0.00611919,0.0113454,0.0119596
2.647074830,0.00265658,0.0169943,0.0173919,0.00697971,0.00524169,0.00384309,0.00727152,0.00750885,0.0027533,0.00233552,0.00753888,0.00784022
2.693514739,0.00234009,0.00822122,0.00997622,0.00380274,0.00221567,0.000902051,0.00220714,0.00303558,0.00225718,0.00270527,0.000966682,0.00342611
2.739954649,0.00208484,0.00555751,0.00593909,0.00243789,0.00201247,0.00153681,0.00240137,0.0024906,0.000794876,0.0029473,0.0034168,0.0039673
2.786394558,0.00552034,0.00292242,0.00223325,0.0106695,0.0116604,0.00222634,0.00222177,0.00126649,0.00154673,0.00818552,0.0405274,0.0373289
2.832834467,0.00791505,0.00200808,0.00265307,0.00984714,0.0115988,0.00329004,0.00200751,0.00199799,0.00284159,0.00895296,0.0408691,0.038795
2.879274376,0.0775104,0.0552914,0.0437789,0.0430483,0.0315148,0.022376,0.0185886,0.017172,0.0198751,0.0467259,0.0615787,0.0807804
2.925714286,0.00863536,0.00558883,0.00445744,0.0225785,0.0249966,0.006898,0.00201872,0.0037368,0.00510838,0.0133432,0.0579056,0.0492045
2.972154195,0.00524432,0.00348087,0.00536884,0.00967658,0.0111431,0.00341713,0.00183238,0.00180304,0.00231391,0.00731999,0.0358897,0.0318457
3.018594104,0.00629678,0.00469552,0.00255915,0.00803242,0.00888799,0.00403871,0.00243576,0.002456,0.00184719,0.00352306,0.024061,0.0224143
3.065034014,0.0043049,0.0043833,0.00477369,0.00655843,0.00474142,0.00293329,0.00190252,0.00267799,0.00243119,0.00544781,0.0205018,0.0192629
3.111473923,0.00673267,0.00427002,0.00348651,0.00476739,0.00529179,0.00398762,0.00275861,0.0031699,0.00318896,0.00568036,0.0151416,0.0153471
3.157913832,0.00714485,0.00374744,0.00252876,0.00387883,0.00609026,0.00569388,0.00233023,0.00153557,0.00165658,0.00329054,0.0106957,0.0152644
3.204353741,0.00568445,0.00116209,0.00175542,0.0023816,0.002046,0.00304028,0.000965336,0.00061311,0.00102974,0.00206117,0.00318451,0.00721062
3.250793651,0.00587146,0.00262464,0.00131702,0.00126191,0.0022188,0.00212441,0.000742001,0.000832218,0.000707861,0.00165438,0.00659135,0.00911734
3.297233560,0.00420381,0.001332,0.00290678,0.00386087,0.00288813,0.00414896,0.00279563,0.00165384,0.00188089,0.00275528,0.0055334,0.00497313
3.343673469,0.00679261,0.00223161,0.0029902,0.00281339,0.00410555,0.0045642,0.00210455,0.00128449,0.00141788,0.00270153,0.00542057,0.00818909
3.390113379,0.00548392,0.00294293,0.00212605,0.00354307,0.00246615,0.0026294,0.00219391,0.00173707,0.00217199,0.0028527,0.00551055,0.00395889
3.436553288,0.00422504,0.00235914,0.00165572,0.00303233,0.00335732,0.00326924,0.00236889,0.00180063,0.00205776,0.00313462,0.00599717,0.00731608
3.482993197,0.00497761,0.00417753,0.00198439,0.00254335,0.00406965,0.00304644,0.00141172,0.00111858,0.00173657,0.00194041,0.00382286,0.00390158
3.529433107,0.00406342,0.00359522,0.0019929,0.00267452,0.00311104,0.00299303,0.00234953,0.00242773,0.00274171,0.00172944,0.00291706,0.0033175
3.575873016,0.00437846,0.00363674,0.00254016,0.00269432,0.00399277,0.00400629,0.0027571,0.0034281,0.0038827,0.00269262,0.00559613,0.00516979
3.622312925,0.00203693,0.00214272,0.00173766,0.00266364,0.00471487,0.00297433,0.00212811,0.0017822,0.00195108,0.00139523,0.00360751,0.00381721
3.668752834,0.00196277,0.00173767,0.000878794,0.00137702,0.0005713,0.000890447,0.000972668,0.00114681,0.000785542,0.000831549,0.00070004,0.00164105
3.715192744,0.00133146,0.000884328,0.00126281,0.00192849,0.001029,0.000606861,0.000787819,0.000734088,0.000935402,0.00150997,0.00217167,0.00191019
3.761632653,0.00196773,0.00130473,0.00111293,0.00141418,0.00106514,0.000905744,0.000788491,0.000832349,0.00111214,0.0020102,0.00502491,0.00450374
3.808072562,0.0019117,0.00147325,0.00217722,0.00257012,0.00224959,0.00167415,0.00164362,0.00133843,0.00146697,0.00162895,0.00199157,0.00294445
3.854512472,0.00317236,0.00282347,0.00365676,0.00311144,0.00213844,0.00323765,0.00309913,0.00162055,0.00287657,0.00339884,0.00572515,0.00542718
3.900952381,0.0040776,0.00448115,0.0288643,0.0343001,0.00935024,0.00278353,0.00372698,0.00360685,0.0151749,0.0952764,0.089916,0.0158891
3.947392290,0.00358647,0.00367784,0.0174246,0.019142,0.00518615,0.0016054,0.00203382,0.00250615,0.00706044,0.0494637,0.0475087,0.0124432
3.993832200,0.00157429,0.00175669,0.0106622,0.0123912,0.00324275,0.00197279,0.00215096,0.00225732,0.00661788,0.0358734,0.034397,0.0074084
4.040272109,0.0012609,0.00193471,0.00719249,0.00742631,0.00230356,0.00131264,0.00198035,0.00152048,0.0052411,0.0242395,0.0227906,0.00456774
4.086712018,0.00364907,0.00235612,0.00496377,0.00599191,0.00365294,0.00221457,0.00117177,0.00218753,0.00495177,0.0165874,0.0131434,0.0052849
4.133151927,0.0712461,0.0510621,0.0439772,0.0480247,0.0388996,0.0207856,0.0141975,0.0188237,0.0228709,0.0312947,0.0686901,0.0902886
4.179591837,0.00182911,0.00316847,0.00287159,0.00209359,0.00344537,0.00123153,0.000997217,0.00133493,0.00300365,0.00581579,0.00985962,0.00688961
4.226031746,0.00278066,0.00230932,0.00299466,0.00380034,0.00253459,0.00107018,0.000479457,0.00070494,0.00206017,0.00533107,0.00502388,0.00541483
4.272471655,0.00380192,0.00182658,0.00149179,0.00227114,0.00257767,0.000820152,0.00056002,0.00138738,0.00234016,0.00542003,0.0131044,0.0113871
4.318911565,0.00335284,0.0022921,0.00277408,0.00286477,0.00398103,0.00192936,0.00126007,0.00126477,0.00217764,0.00280944,0.00939452,0.0103609
4.365351474,0.00348378,0.00335927,0.00285436,0.00443242,0.0050055,0.0032993,0.00291905,0.00194024,0.0023137,0.00749511,0.0120328,0.0087949
4.411791383,0.010144,0.00792253,0.00431831,0.0219987,0.0261614,0.00709961,0.00288785,0.00227705,0.00313434,0.0151077,0.078766,0.0708581
4.458231293,0.00765141,0.00235555,0.00375265,0.0124712,0.0128271,0.00333331,0.00278737,0.00280014,0.00279159,0.00770472,0.0505116,0.0480464
4.504671202,0.00560762,0.00270016,0.00194924,0.00848808,0.00992927,0.00399218,0.00191904,0.00225863,0.00239703,0.00578672,0.0299153,0.0281388
4.551111111,0.0039153,0.00240037,0.00274164,0.00588367,0.00630766,0.00258216,0.00300171,0.00193263,0.00175012,0.00533501,0.0222215,0.0210811
4.597551020,0.00512747,0.00277395,0.00267286,0.00421156,0.00370205,0.00211827,0.00192333,0.00122023,0.00176548,0.00470598,0.0128067,0.0124553
4.643990930,0.00144698,0.00235139,0.00201578,0.00369037,0.00327125,0.0020302,0.00120698,0.00116252,0.00131748,0.00503948,0.00929245,0.00597517
4.690430839,0.00268039,0.00195379,0.0016565,0.00281234,0.00268707,0.0009703,0.000791404,0.000896758,0.00222289,0.00222221,0.00543909,0.00631077
4.736870748,0.00160867,0.00240393,0.00291615,0.00285797,0.00234701,0.00120908,0.000598828,0.000573165,0.00162739,0.00295313,0.00496371,0.00350787
4.783310658,0.00279628,0.0016251,0.00202577,0.00129993,0.00133338,0.000943261,0.000939422,0.00112713,0.00150066,0.00315643,0.0025528,0.00351485
4.829750567,0.00387308,0.00231861,0.00240794,0.00279842,0.00227172,0.00169334,0.00231527,0.00201771,0.00106878,0.00370432,0.00461753,0.0042465
4.876190476,0.0329086,0.0282925,0.0254375,0.0214949,0.0152006,0.0107719,0.011,0.0155404,0.0288943,0.0366636,0.0326551,0.0361068
4.922630385,0.0053357,0.00713626,0.0231986,0.023376,0.00512778,0.00244274,0.00358609,0.00388549,0.0117831,0.0630944,0.0592311,0.0133896
4.969070295,0.00388561,0.00259447,0.0102972,0.0130684,0.00417647,0.00175262,0.00148283,0.00224905,0.00862532,0.0477292,0.046688,0.0118703
5.015510204,0.00244653,0.00250279,0.00767656,0.00911377,0.00298052,0.00141364,0.00165041,0.00232253,0.00629979,0.0325018,0.0333115,0.0091375
5.061950113,0.00266496,0.00371046,0.00633708,0.00611587,0.00205596,0.00183437,0.00104958,0.00212467,0.00575415,0.0235134,0.0204688,0.00467341
5.108390023,0.00432713,0.0048607,0.0064533,0.00604886,0.00303126,0.00237709,0.00250971,0.00281572,0.00398415,0.0165312,0.0131567,0.00466526
5.154829932,0.00549032,0.013054,0.0138552,0.00565207,0.00386545,0.00298599,0.00460668,0.00645745,0.00311424,0.0072854,0.00764871,0.00411072
5.201269841,0.00185837,0.00788219,0.0109987,0.00613953,0.00228111,0.00171218,0.00407548,0.00426532,0.00152342,0.0013429,0.00194204,0.00151667
5.247709751,0.00206471,0.00685387,0.00794241,0.00309592,0.0043218,0.00280163,0.00262854,0.00415791,0.00240891,0.00463226,0.00519317,0.00415863
5.294149660,0.00754976,0.00294916,0.00500865,0.012222,0.0118865,0.00316423,0.00161992,0.00183198,0.00137578,0.00415664,0.0329055,0.0332671
5.340589569,0.0078412,0.00197426,0.00332398,0.0114172,0.0120502,0.00363985,0.00163858,0.00153692,0.000682992,0.00782099,0.0362037,0.0344061
5.387029478,0.0761008,0.0233048,0.0156278,0.0431975,0.0567007,0.0281049,0.00588249,0.0124912,0.0179995,0.0570002,0.189647,0.208594
5.433469388,0.0201423,0.00912211,0.00816019,0.0162542,0.0150945,0.00908663,0.00638094,0.00772321,0.00826856,0.0128371,0.0343067,0.051771
5.479909297,0.054682,0.0422606,0.0335833,0.0203161,0.0274683,0.0221479,0.0168786,0.0162224,0.020662,0.0421523,0.0306706,0.0688688
5.526349206,0.00674738,0.00710445,0.00576601,0.0220284,0.023551,0.00699565,0.00334292,0.00455765,0.00472513,0.0166943,0.0619788,0.0517679
5.572789116,0.0103363,0.00374677,0.00317848,0.00909838,0.010678,0.00342622,0.00254637,0.0026216,0.00313977,0.00693823,0.0384722,0.0411157
5.619229025,0.00291533,0.00522438,0.00529896,0.00820176,0.00788579,0.00328661,0.00197331,0.00210961,0.00230586,0.00560119,0.02543,0.0244031
5.665668934,0.0047874,0.00438653,0.00371723,0.00406577,0.00430137,0.00168097,0.001038,0.00122338,0.00259494,0.00503287,0.00604697,0.00784286
5.712108844,0.00408774,0.00420923,0.00407623,0.00190859,0.00207621,0.000937915,0.00114818,0.000994625,0.000837837,0.00178924,0.0104303,0.00951897
5.758548753,0.0062554,0.00214288,0.0026919,0.00370837,0.00295409,0.00153207,0.00133604,0.00137241,0.000965723,0.006175,0.0172353,0.0163134
5.804988662,0.00332063,0.00396806,0.00295937,0.00365423,0.00385924,0.00315405,0.00178774,0.00154296,0.00212243,0.00426357,0.0120528,0.0104065
5.851428571,0.0159262,0.0138259,0.0149763,0.0134615,0.0108786,0.00910035,0.00765512,0.0112132,0.015999,0.0183965,0.0297752,0.0113044
5.897868481,0.0100803,0.00687708,0.022853,0.0243033,0.00600489,0.0036581,0.00300676,0.00383799,0.00932159,0.0604767,0.0626126,0.0129358
5.944308390,0.00686745,0.00394843,0.011703,0.0151118,0.00448072,0.00215145,0.0019231,0.00156121,0.00915664,0.0476715,0.0424239,0.0118826
5.990748299,0.00308956,0.00336562,0.00725113,0.0107191,0.00646549,0.00439135,0.00225955,0.00177669,0.00674109,0.0367077,0.0414164,0.0135868
6.037188209,0.00226492,0.00205084,0.00479078,0.00830542,0.00645628,0.00301197,0.00224294,0.0022979,0.0058221,0.0247202,0.0187769,0.00517666
6.083628118,0.00299597,0.00341969,0.00818366,0.0072074,0.00241634,0.00272342,0.00375062,0.00335267,0.00539055,0.0184156,0.0151223,0.00591374
6.130068027,0.00426428,0.00486104,0.0025759,0.00348325,0.00379815,0.00225994,0.00211015,0.00184682,0.00201647,0.00416154,0.0130803,0.0126982
6.176507937,0.00190672,0.00240028,0.00392096,0.0037048,0.00246151,0.00108732,0.00113883,0.00130924,0.000926326,0.00294687,0.00447959,0.00645453
6.222947846,0.000865826,0.0019967,0.00211432,0.00390198,0.00322486,0.000991821,0.00117043,0.000568121,0.00192822,0.00740052,0.0115668,0.00623235
6.269387755,0.00325454,0.0021823,0.00379757,0.00448022,0.00369628,0.00188985,0.00136338,0.00141696,0.00252868,0.00485537,0.0100533,0.00940549
6.315827664,0.00490869,0.00229854,0.0036904,0.00579959,0.00411852,0.00230541,0.00249044,0.00238052,0.00240085,0.00343147,0.0135043,0.0128088
6.362267574,0.10387,0.0409326,0.0276246,0.0486052,0.0477418,0.0243839,0.00748598,0.0133421,0.0188819,0.0518195,0.182658,0.214824
6.408707483,0.00913199,0.0049229,0.00339678,0.0179832,0.0205443,0.00648118,0.00250609,0.00280726,0.00408723,0.00789264,0.0477462,0.0479868
6.455147392,0.00603327,0.00298577,0.00229765,0.00966112,0.0111972,0.00296889,0.00144001,0.00226763,0.00241984,0.00960012,0.0414047,0.0361963
6.501587302,0.00908719,0.00552678,0.00524642,0.00965747,0.00944162,0.0039798,0.00232103,0.00189934,0.00207258,0.0062825,0.0294812,0.0276858
6.548027211,0.00268767,0.00301511,0.00288144,0.00518819,0.00542148,0.00199206,0.00142812,0.00169585,0.00242931,0.00425252,0.016565,0.0137482
6.594467120,0.00355858,0.00386867,0.00311311,0.00330217,0.00425124,0.00398793,0.00337487,0.00270245,0.00254862,0.0038272,0.0105361,0.010844
6.640907029,0.00491056,0.00889572,0.00647186,0.00281985,0.00262658,0.00161415,0.0033897,0.00250536,0.00218435,0.00566589,0.0100998,0.00941163
6.687346939,0.0028423,0.00682695,0.00410852,0.00522014,0.00571425,0.00231371,0.00246539,0.00333866,0.00151078,0.00448532,0.00675761,0.00374933
6.733786848,0.0489169,0.0299118,0.0236467,0.0297852,0.0262026,0.0128623,0.0070759,0.00555376,0.00879638,0.0264961,0.0565282,0.0660882
6.780226757,0.00317581,0.0018206,0.00481043,0.0109796,0.0115881,0.00254137,0.00216428,0.00197276,0.00154587,0.00644729,0.026487,0.0212663
6.826666667,0.0061326,0.00297708,0.00458167,0.00993664,0.0111069,0.00448129,0.00230417,0.00209616,0.00215879,0.00578219,0.0285314,0.0267873
6.873106576,0.0216126,0.00656578,0.00756491,0.0367088,0.042321,0.0127746,0.00329307,0.00337132,0.00378517,0.0167916,0.113885,0.109419
6.919546485,0.00460385,0.00333044,0.0041099,0.0133305,0.0150176,0.00494596,0.0025922,0.00344068,0.0036141,0.00909912,0.0473474,0.0426326
6.965986395,0.00697207,0.00422117,0.00435041,0.00909131,0.0116589,0.00594577,0.00402913,0.0039118,0.00213301,0.00765164,0.0345076,0.0321045
7.012426304,0.0148604,0.0115105,0.00625778,0.0220099,0.0255111,0.00746705,0.00323007,0.00402634,0.00352242,0.0133348,0.0764816,0.0699809
7.058866213,0.0079955,0.00195773,0.00216098,0.0101531,0.0116224,0.00265236,0.00134928,0.00271207,0.0035579,0.00930603,0.0480199,0.0461569
7.105306122,0.0579822,0.0509073,0.0467165,0.0413353,0.0376859,0.0311917,0.0222712,0.0193966,0.0209546,0.0241467,0.0157687,0.0501905
7.151746032,0.0102472,0.00292131,0.00684948,0.0074575,0.00573188,0.00309114,0.00105679,0.00147356,0.00249409,0.00424798,0.0154645,0.0224269
7.198185941,0.00639934,0.00208351,0.0022664,0.00259674,0.00307979,0.0019752,0.000865031,0.000755072,0.00133134,0.0067577,0.020027,0.0173151
7.244625850,0.00453563,0.00259677,0.0023492,0.00351795,0.00494132,0.00247879,0.00118233,0.00140558,0.00145806,0.00482533,0.012214,0.00434404
7.291065760,0.00905492,0.00324136,0.00238233,0.00303102,0.00463166,0.00416017,0.002165,0.00210257,0.00164707,0.00529458,0.0119855,0.0141266
7.337505669,0.00428465,0.00464335,0.00334462,0.00347863,0.00369656,0.00358778,0.00373638,0.00291118,0.00225087,0.00476379,0.00711643,0.00412836
7.383945578,0.0180642,0.0047012,0.00450056,0.0233762,0.0262355,0.00542693,0.00402169,0.00354878,0.00393604,0.0150406,0.0853022,0.0802982
7.430385488,0.0142958,0.00623446,0.00280653,0.0140556,0.0152674,0.00441985,0.00189036,0.00178106,0.00244543,0.0107366,0.0591808,0.0565957
7.476825397,0.00814718,0.00240234,0.00270064,0.00958201,0.0108332,0.00394231,0.00164414,0.00233834,0.0016932,0.00697732,0.0317147,0.0298728
7.523265306,0.00449014,0.00141932,0.00204519,0.00515481,0.0073979,0.00245221,0.00257652,0.00214082,0.00275239,0.00596636,0.0191249,0.0169299
7.569705215,0.0036082,0.00193858,0.00256597,0.00567845,0.00627978,0.0027667,0.00190514,0.00175195,0.00237302,0.0058324,0.0110184,0.00800893
7.616145125,0.0381484,0.0350695,0.00842029,0.00588658,0.00504581,0.0141264,0.0155389,0.00619031,0.00402369,0.00348357,0.00624524,0.00882374
7.662585034,0.00844999,0.0108873,0.00532612,0.00311546,0.00370654,0.00372994,0.00328933,0.00102804,0.00160417,0.00386867,0.00776165,0.00487033
7.709024943,0.00691325,0.00729597,0.00163877,0.00222102,0.00197858,0.00240716,0.00261821,0.00147508,0.00152016,0.00238389,0.00831049,0.00802013
7.755464853,0.00639866,0.00494279,0.00320006,0.00384152,0.00199906,0.00293942,0.00283544,0.00158032,0.00105889,0.00141246,0.00543612,0.00629545
7.801904762,0.00680287,0.00685605,0.00209689,0.00283375,0.00221262,0.00355455,0.00370374,0.00139824,0.00127648,0.00198075,0.00780155,0.0089103
7.848344671,0.0131814,0.0123272,0.00734587,0.00501422,0.00558138,0.00381169,0.00581939,0.00564399,0.00592502,0.00329234,0.00618782,0.00952435
7.894784580,0.00697505,0.00617158,0.0194227,0.0238657,0.0077088,0.00293468,0.00292956,0.00350771,0.00823243,0.0568654,0.0509704,0.00967928
7.941224490,0.00700017,0.00330831,0.0118944,0.0146723,0.0053775,0.00204772,0.00163283,0.00131135,0.00671711,0.0462521,0.0459636,0.0136235
7.987664399,0.00393805,0.00331346,0.00997361,0.0109282,0.00376847,0.00190784,0.00270317,0.00202355,0.00588799,0.0338798,0.031441,0.00760579
8.034104308,0.00226092,0.00386531,0.00745595,0.0078486,0.00354975,0.00254794,0.00257035,0.0018386,0.00704907,0.025246,0.0216375,0.00338781
8.080544218,0.00299392,0.00527286,0.00686063,0.00606249,0.00247706,0.00266231,0.00284343,0.00241846,0.00327529,0.0143118,0.0161843,0.00486358
8.126984127,0.00283641,0.00421904,0.00239949,0.00687207,0.00872628,0.00337529,0.00317744,0.00251967,0.00403757,0.0076742,0.0155549,0.0144623
8.173424036,0.00561629,0.00150662,0.00235223,0.0026535,0.00313225,0.00154131,0.000961794,0.000794997,0.00223199,0.00909746,0.0236388,0.0212907
8.219863946,0.00228948,0.00128085,0.00291608,0.00347012,0.00187124,0.000640119,0.000761008,0.00126632,0.001583,0.00191211,0.00793737,0.00962287
8.266303855,0.00184784,0.00161395,0.00206533,0.00453914,0.00348343,0.00141387,0.000757766,0.000739139,0.00138502,0.00545312,0.0115211,0.00532507
8.312743764,0.00544544,0.00225033,0.0018643,0.00464245,0.0050901,0.00246939,0.00187251,0.00122795,0.00166059,0.00345763,0.0121994,0.0134947
8.359183673,0.11548,0.0675631,0.0516099,0.0566486,0.0475831,0.0288401,0.0189026,0.0226569,0.0284188,0.0675889,0.14836,0.169505
8.405623583,0.013693,0.00421753,0.00459346,0.0181585,0.0215202,0.00733592,0.00317322,0.00318998,0.0051622,0.0112816,0.0529151,0.0536807
8.452063492,0.00240117,0.003094,0.00197484,0.00976129,0.0120797,0.00330575,0.0015696,0.00157155,0.00234973,0.00824906,0.0356207,0.0285611
8.498503401,0.0042621,0.00280527,0.0030234,0.00859007,0.0097214,0.00318958,0.00136924,0.0019626,0.00141956,0.00874632,0.033421,0.0281918
8.544943311,0.00566693,0.00220706,0.00443989,0.00639596,0.00432843,0.00227563,0.00176678,0.0014157,0.00141258,0.00515447,0.02013,0.0194126
8.591383220,0.00688544,0.00734379,0.0048715,0.00918742,0.00889568,0.00439197,0.00520443,0.00516124,0.00645308,0.00830324,0.0134403,0.011783
8.637823129,0.0190273,0.0135789,0.00690398,0.0174439,0.0177482,0.0190699,0.0301443,0.0366794,0.047804,0.0308837,0.0211643,0.0259975
8.684263039,0.00537196,0.00285619,0.00304873,0.00540814,0.00682414,0.0109319,0.00791415,0.00672523,0.00712109,0.0101237,0.0118331,0.0103753
8.730702948,0.00128308,0.00125073,0.000967078,0.00122523,0.00189719,0.00217823,0.00148943,0.00103656,0.00188371,0.00236456,0.00415988,0.00300084
8.777142857,0.00376706,0.00175551,0.00212278,0.00128319,0.00159374,0.00164059,0.00126834,0.00114196,0.00085829,0.0019761,0.00453335,0.00628094
8.823582766,0.00366171,0.00261562,0.00288796,0.00289702,0.00374065,0.00319255,0.00249079,0.00226531,0.00241987,0.00290631,0.00493542,0.00589094
8.870022676,0.00700488,0.00880045,0.034735,0.046423,0.0162883,0.00955144,0.0161168,0.0177221,0.0340692,0.156089,0.143939,0.0308091
8.916462585,0.00614374,0.00544707,0.0126758,0.0180985,0.00569036,0.00297489,0.00261478,0.0024403,0.0120333,0.0609105,0.0613593,0.0140077
8.962902494,0.00227589,0.00295682,0.0115568,0.011867,0.0039595,0.00167081,0.00172384,0.00160812,0.00757529,0.0395231,0.0362591,0.00617453
9.009342404,0.00273274,0.00278873,0.00988301,0.0110426,0.00427557,0.00161483,0.00167783,0.00156469,0.00603335,0.0295535,0.0271929,0.00663787
9.055782313,0.00633056,0.00370588,0.00603947,0.0065674,0.00323013,0.00222289,0.00188516,0.00294926,0.0032902,0.0152702,0.0130764,0.00967355
9.102222222,0.0156508,0.0146485,0.0177061,0.0113454,0.0140001,0.0101703,0.00773027,0.00979613,0.0106933,0.0131474,0.00968738,0.0112335
9.148662132,0.00433249,0.0118596,0.0113974,0.00573846,0.00329397,0.00358185,0.0051127,0.00399796,0.00197659,0.00557998,0.00358298,0.00363009
9.195102041,0.00239959,0.00794732,0.00822407,0.00339276,0.00144247,0.00138298,0.00220603,0.00266181,0.00173526,0.00356574,0.00295488,0.00249176
9.241541950,0.0148093,0.00484923,0.00751339,0.0202257,0.0224812,0.0082575,0.00492847,0.00550224,0.00862883,0.013908,0.0630586,0.0600934
9.287981859,0.00664309,0.00240721,0.00187811,0.00925733,0.0127048,0.00450662,0.00261541,0.00277496,0.00144699,0.0062919,0.0296434,0.0268171
9.334421769,0.00837475,0.0047285,0.00647509,0.0134459,0.0127416,0.00467371,0.00322969,0.00342073,0.00274289,0.00871599,0.0320698,0.0294476
9.380861678,0.0188254,0.00971059,0.00953602,0.0342219,0.0351974,0.0160105,0.0116396,0.00920003,0.0110603,0.00970385,0.0867866,0.0835841
9.427301587,0.013743,0.00368687,0.00490582,0.0156738,0.0165843,0.0043079,0.0029984,0.00184964,0.0018188,0.0108996,0.0574329,0.0574731
9.473741497,0.00890721,0.00650112,0.00793828,0.011794,0.0147322,0.00581011,0.0059659,0.00564556,0.00554504,0.011577,0.0343681,0.0317394
9.520181406,0.0177534,0.0036212,0.00404132,0.0229441,0.0237297,0.00573125,0.00289566,0.00216895,0.00303598,0.00965768,0.0667216,0.065188
9.566621315,0.012363,0.00631248,0.00636789,0.00899453,0.0123639,0.005364,0.00310196,0.00334968,0.00278416,0.00396255,0.0413366,0.0462975
9.613061224,0.0527185,0.0334879,0.0275551,0.0386782,0.0291012,0.0171565,0.029261,0.0466397,0.0491666,0.0515018,0.0804133,0.0901732
9.659501134,0.00628093,0.0126426,0.0161747,0.013244,0.015501,0.0127059,0.0146332,0.0174363,0.0142581,0.00528227,0.0139991,0.0211852
9.705941043,0.00618467,0.00506219,0.00447438,0.00275166,0.00574879,0.00319849,0.00182933,0.00262203,0.00324195,0.0062693,0.0192601,0.0178047
9.752380952,0.00693975,0.00202855,0.00276405,0.0127621,0.0137424,0.00288952,0.00150542,0.00167149,0.00133171,0.00773276,0.0475909,0.0435767
9.798820862,0.0106258,0.00392888,0.0020142,0.00794513,0.0102921,0.00350884,0.00150203,0.00127757,0.00208185,0.0068571,0.0350206,0.0373635
9.845260771,0.0106276,0.00498302,0.00629086,0.0105242,0.0110882,0.00670805,0.00359878,0.00328977,0.00406957,0.0094855,0.0312163,0.0304662
9.891700680,0.00926472,0.00643964,0.0215157,0.0262657,0.0108934,0.00402582,0.00583346,0.00778085,0.013356,0.0645909,0.0523857,0.0102612
9.938140590,0.00989505,0.00692366,0.0151052,0.0167752,0.00614088,0.00244163,0.00262483,0.00216659,0.0074913,0.0496185,0.0537074,0.0206585
9.984580499,0.00177111,0.00377675,0.00955726,0.0100804,0.00441641,0.00283377,0.00256673,0.0019469,0.0049778,0.0327561,0.0330432,0.00932176
10.031020408,0.00407723,0.00426379,0.00793825,0.00843181,0.00462875,0.00418025,0.00319537,0.00348939,0.00760016,0.0255699,0.0215059,0.00631462
10.077460317,0.00282791,0.00294031,0.007004,0.00841481,0.00532469,0.00360295,0.00320424,0.00197286,0.00443712,0.0202841,0.0259735,0.0126375
10.123900227,0.00512861,0.00346958,0.00426272,0.00617347,0.00755267,0.00379638,0.00296466,0.0024825,0.00385928,0.0073294,0.0227594,0.0231964
10.170340136,0.00495971,0.00349537,0.00233326,0.00226075,0.00315537,0.00126547,0.000985774,0.000650865,0.00314119,0.00771488,0.0125337,0.010747
10.216780045,0.00102744,0.00187393,0.00308136,0.00286683,0.00179352,0.00102763,0.000851889,0.00109083,0.00121068,0.00184043,0.00324349,0.00316313
10.263219955,0.00232121,0.00200415,0.0022543,0.00438496,0.00518255,0.00233233,0.000987403,0.000473627,0.00220451,0.00539219,0.00774731,0.0043062
10.309659864,0.00339767,0.00269281,0.00326354,0.00797926,0.00764187,0.00371194,0.0020031,0.00175239,0.00255545,0.00572732,0.0132346,0.0124334
10.356099773,0.0638905,0.0509186,0.0446658,0.0444794,0.0387921,0.0258712,0.018287,0.0153598,0.0185058,0.0432129,0.0738376,0.081903
10.402539683,0.00984266,0.00639812,0.00664082,0.0226259,0.0237065,0.00731325,0.00323823,0.00341544,0.00373219,0.0161284,0.0637038,0.0551637
10.448979592,0.00657568,0.0044205,0.00358122,0.0105116,0.01244,0.00365244,0.00113372,0.00204177,0.00320801,0.00920279,0.0443916,0.0410604
10.495419501,0.00696004,0.00368704,0.00253084,0.00723201,0.00940594,0.00363133,0.0013386,0.00293702,0.00193209,0.00466759,0.027983,0.0259126
10.541859410,0.00557203,0.00450256,0.00580363,0.00679622,0.00775964,0.00447843,0.00231714,0.00363659,0.00485083,0.00245342,0.0183515,0.0206725
10.588299320,0.00657867,0.00593889,0.00725501,0.00779989,0.00607383,0.0053646,0.00362034,0.0033786,0.00396265,0.0042827,0.00641257,0.00906754
10.634739229,0.0143811,0.0203373,0.0201775,0.0140899,0.0159604,0.0158373,0.0193449,0.0404435,0.0494711,0.0401368,0.0174116,0.0234703
10.681179138,0.00260264,0.00682525,0.0111297,0.00386368,0.00887177,0.00965653,0.0141331,0.0130068,0.0118343,0.00815223,0.0112209,0.0159739
10.727619048,0.0143411,0.00537374,0.0123163,0.00814037,0.00846715,0.00733959,0.00496302,0.00552649,0.00674195,0.0104755,0.00851928,0.0124881
10.774058957,0.00455239,0.00209812,0.00615467,0.0117422,0.0113509,0.00274275,0.00159724,0.00127759,0.00194154,0.00729444,0.0338004,0.0306031
10.820498866,0.00800114,0.00302935,0.00296099,0.0112883,0.0121189,0.00361902,0.00247071,0.00262343,0.0025635,0.00917753,0.0373405,0.0355176
10.866938776,0.0366317,0.00759363,0.00792719,0.0423301,0.0556013,0.0227482,0.0100066,0.0161244,0.0161924,0.0368375,0.17646,0.171238
10.913378685,0.0108428,0.00430401,0.00481858,0.015726,0.0191752,0.00663772,0.00277726,0.00461939,0.00264566,0.00947911,0.0499354,0.0489505
10.959818594,0.00651054,0.00260372,0.00288561,0.0107545,0.0113924,0.00360819,0.00302856,0.00327404,0.00319332,0.00943255,0.0376193,0.0341373
11.006258503,0.0069551,0.00221574,0.00280721,0.00577258,0.00781519,0.00390312,0.0021808,0.00328234,0.003917,0.0043569,0.0268923,0.0262923
11.052698413,0.00442825,0.0029445,0.00478466,0.00339703,0.00551698,0.00368879,0.00243997,0.00236492,0.00369932,0.00476269,0.0167477,0.0158572
11.099138322,0.00649478,0.0048625,0.00434877,0.0058111,0.0041205,0.00500016,0.00507448,0.00444572,0.00570561,0.00555896,0.0198823,0.0198793
11.145578231,0.0161382,0.00635283,0.00212711,0.0044798,0.00705149,0.00509128,0.00247652,0.00163224,0.00167025,0.00237091,0.00430482,0.0109649
11.192018141,0.00737857,0.00212435,0.00136047,0.00202121,0.00406123,0.00375628,0.00220098,0.00112166,0.000785479,0.000871378,0.00300701,0.00684636
11.238458050,0.00962482,0.00647949,0.00528901,0.00468536,0.00248261,0.00438135,0.0052651,0.00589955,0.00581375,0.0076975,0.00956506,0.00703854
11.284897959,0.0111767,0.00365159,0.00295651,0.00232808,0.00271308,0.00349237,0.0029773,0.00263197,0.00153553,0.00401691,0.00942001,0.0131077
11.331337868,0.00807552,0.00439595,0.00313526,0.00455644,0.0055831,0.00416572,0.00243876,0.00269988,0.00203071,0.00279074,0.00464071,0.0104158
11.377777778,0.0132201,0.00840267,0.00760423,0.0108188,0.0100427,0.0161981,0.015213,0.0137168,0.0121794,0.0107075,0.0172435,0.0187129
11.424217687,0.00586037,0.00379244,0.00270288,0.00223479,0.00348019,0.00376017,0.00144002,0.00151327,0.00209457,0.00309462,0.00621842,0.0067074
11.470657596,0.00293665,0.00166354,0.00229446,0.003229,0.00427634,0.00294744,0.00174421,0.00269099,0.0028466,0.00282043,0.00280382,0.00331533
11.517097506,0.00424272,0.00388241,0.00259665,0.00248416,0.00362452,0.00258315,0.00145952,0.00166135,0.00202809,0.00245108,0.00396166,0.00559157
11.563537415,0.00398522,0.00186167,0.00451017,0.0037893,0.00350631,0.00296779,0.00157714,0.00193645,0.00204826,0.00243758,0.0061924,0.00691877
11.609977324,0.0273595,0.025082,0.0248157,0.0236303,0.0184316,0.019087,0.0261941,0.038594,0.0451156,0.0424823,0.0380522,0.0374894
11.656417234,0.00600833,0.0114178,0.0127853,0.00899551,0.00960333,0.0119815,0.0157515,0.011307,0.0149388,0.0125744,0.00774786,0.0161964
11.702857143,0.00240772,0.00289095,0.0026167,0.00367836,0.00446323,0.00305081,0.00192294,0.00390535,0.00330583,0.00397992,0.00662878,0.00646597
11.749297052,0.00208888,0.00213121,0.0015344,0.00126224,0.00137152,0.000835609,0.00109838,0.00049882,0.000980889,0.00147314,0.00339343,0.00297055
11.795736961,0.00339776,0.00197349,0.00133774,0.00241236,0.00226806,0.0019651,0.00168017,0.00164437,0.00119367,0.00108053,0.00335806,0.00425321
11.842176871,0.0025984,0.00342774,0.00335062,0.00346573,0.00322292,0.0035429,0.00329771,0.00291668,0.00342128,0.00295548,0.00455522,0.00436676
11.888616780,0.0081558,0.00850571,0.0254799,0.030215,0.0102319,0.00525527,0.00494683,0.00914265,0.0113312,0.0613234,0.0611212,0.0172006
11.935056689,0.00194551,0.00179843,0.0134453,0.0176861,0.00589612,0.00173393,0.00202777,0.002779,0.010712,0.0499682,0.0458225,0.00833969
11.981496599,0.00138436,0.00193621,0.01016,0.0116919,0.0034969,0.0016441,0.00115108,0.00119292,0.0068371,0.0358627,0.0344698,0.00720801
12.027936508,0.00298273,0.00226451,0.00675547,0.00754018,0.00321453,0.00227838,0.00203478,0.0020653,0.005125,0.023367,0.021998,0.00448505
12.074376417,0.00207403,0.00259363,0.00377976,0.00550349,0.00329134,0.00258808,0.00139316,0.00101084,0.00458133,0.0213385,0.0253492,0.00884788
12.120816327,0.00556547,0.00336726,0.00315681,0.00967596,0.00942689,0.00368626,0.00432805,0.00334996,0.0030722,0.00699446,0.0298679,0.0259645
12.167256236,0.00105642,0.00252774,0.00379141,0.00420365,0.00356626,0.00109396,0.000904149,0.00133934,0.00103652,0.0054573,0.0158181,0.00994932
12.213696145,0.000878745,0.0015719,0.003298,0.00370989,0.00318593,0.00109719,0.000460592,0.00065137,0.00219454,0.0058413,0.0111006,0.00833421
12.260136054,0.00177913,0.00179045,0.00164347,0.00180175,0.00267685,0.00165145,0.00101462,0.000860059,0.00198102,0.00426429,0.00646661,0.00509925
12.306575964,0.00327564,0.00226985,0.00289519,0.00588379,0.0050261,0.00189295,0.00190926,0.00326011,0.0032982,0.00486455,0.0102202,0.00929323
12.353015873,0.0198896,0.0163379,0.0168206,0.0153186,0.0181018,0.0128335,0.0113025,0.0103785,0.0129314,0.0241183,0.0257397,0.0255127
12.399455782,0.0110536,0.00685724,0.00792251,0.0252153,0.0244812,0.00666319,0.00559386,0.00559064,0.00328143,0.0169016,0.0646389,0.0578593
12.445895692,0.0108646,0.00303442,0.00111535,0.0100949,0.0119967,0.00377037,0.00186479,0.0023348,0.00182446,0.00772202,0.0412335,0.0418627
12.492335601,0.00575553,0.00351192,0.00280901,0.00920777,0.00950484,0.00248562,0.00157896,0.0013334,0.00166011,0.00672102,0.0259766,0.0260968
12.538775510,0.00621873,0.0039427,0.00324867,0.00392562,0.00519788,0.00239561,0.00206707,0.00192268,0.00212982,0.00329012,0.0179903,0.0204814
12.585215420,0.00773279,0.00545355,0.00747856,0.00556106,0.00560316,0.00429187,0.00437695,0.00261446,0.0052264,0.00531542,0.01499,0.0152454
12.631655329,0.0103653,0.0170486,0.0121797,0.0138011,0.0146153,0.0157434,0.0248504,0.0391287,0.0409392,0.037197,0.0220351,0.0245763
12.678095238,0.00652556,0.00636786,0.00641297,0.00624207,0.00993312,0.0103122,0.0102295,0.0170113,0.0146332,0.0150341,0.0215507,0.0177349
12.724535147,0.00448349,0.00254686,0.00293939,0.00343127,0.00365466,0.00337392,0.00210104,0.00245574,0.00248573,0.00260459,0.00728121,0.00905992
12.770975057,0.00263097,0.00169781,0.00202358,0.00214175,0.00192535,0.00234098,0.00291044,0.00442545,0.00420836,0.00463287,0.00556796,0.00607319
12.817414966,0.00490937,0.0025745,0.00187013,0.0022601,0.00194263,0.00196059,0.00245139,0.0035985,0.00366181,0.00337826,0.00190361,0.00539676
12.863854875,0.0279608,0.0168164,0.035851,0.0516443,0.0276069,0.013729,0.0187328,0.0282351,0.0544311,0.191214,0.214449,0.0863007
12.910294785,0.00416321,0.00561407,0.0203005,0.0227258,0.0073593,0.002312,0.00324633,0.0047223,0.0110841,0.0649259,0.0652257,0.0176784
12.956734694,0.00416692,0.00405901,0.0108459,0.0126386,0.00508884,0.00209332,0.00214017,0.00253913,0.00656177,0.039796,0.0346481,0.00448862
13.003174603,0.00187224,0.00353248,0.00885845,0.00912156,0.00373385,0.00313202,0.00250694,0.00277976,0.00540792,0.0291126,0.0281623,0.00720654
13.049614512,0.00345248,0.00305827,0.00605562,0.00745788,0.00457479,0.00267159,0.00204248,0.00157435,0.00367418,0.0174516,0.0180577,0.00530337
13.096054422,0.00443593,0.00484998,0.00660141,0.00754743,0.00362855,0.00310188,0.00241272,0.00246316,0.00648803,0.0137502,0.00935049,0.00384859
13.142494331,0.00317947,0.00801271,0.00603327,0.00361359,0.00336794,0.00275941,0.00351243,0.00367924,0.00287988,0.00538769,0.00430614,0.00374722
13.188934240,0.00232513,0.00706537,0.00476188,0.00278983,0.00216129,0.00136631,0.00274371,0.00311312,0.00191462,0.00431756,0.00430313,0.00387645
13.235374150,0.051267,0.0284375,0.0164583,0.028262,0.0285389,0.0111754,0.00599435,0.00615659,0.00914164,0.0270194,0.0724314,0.0822195
13.281814059,0.00601975,0.00126947,0.00473196,0.0129907,0.0127984,0.00381516,0.00118522,0.00154545,0.00227026,0.00494889,0.0302223,0.0300138
13.328253968,0.0066025,0.00322794,0.00394885,0.00839183,0.0111307,0.00358996,0.00212793,0.00247779,0.0039031,0.00687368,0.0290136,0.0277528
13.374693878,0.0183029,0.00393236,0.00930651,0.0359123,0.0428008,0.0154968,0.00891442,0.0142866,0.0151893,0.0242855,0.109127,0.106087
13.421133787,0.00922557,0.00292052,0.00492455,0.0145399,0.0164614,0.00549553,0.00235962,0.00232246,0.00429464,0.0167565,0.0591331,0.0503815
13.467573696,0.00734137,0.00380259,0.0041748,0.0112219,0.0112634,0.00251322,0.00304955,0.00275813,0.00230765,0.00394317,0.028897,0.0291511
13.514013605,0.00518333,0.00882778,0.00535972,0.0228503,0.0263563,0.00830106,0.00190543,0.00200084,0.00182124,0.0153933,0.0796636,0.0720825
13.560453515,0.009159,0.00335,0.00407876,0.0116968,0.0114109,0.00389425,0.00155578,0.00191673,0.00219915,0.0094073,0.0482747,0.0450838
13.606893424,0.0631128,0.0477462,0.0402602,0.0344306,0.0303879,0.0289631,0.0313139,0.0387393,0.0448496,0.0552832,0.0546371,0.0708621
13.653333333,0.00899982,0.0119023,0.0172878,0.014971,0.0102427,0.010664,0.0158464,0.014922,0.0162694,0.0194498,0.0231624,0.022927
13.699773243,0.0044447,0.00290415,0.0041895,0.00209709,0.00599282,0.00287769,0.00304077,0.00360429,0.00448412,0.00830829,0.0151833,0.0173944
13.746213152,0.00446079,0.00138203,0.00163406,0.00341167,0.0037852,0.00195108,0.000985765,0.00108484,0.000880036,0.00182747,0.0149559,0.0167106
13.792653061,0.00533914,0.00331204,0.00307229,0.00287346,0.00262632,0.00119855,0.0017465,0.00235905,0.0010456,0.00570672,0.0164003,0.0158338
13.839092971,0.0084676,0.00591594,0.00441216,0.00490454,0.00428143,0.00319534,0.00323751,0.0025676,0.0026089,0.00378037,0.00869947,0.0111078
13.885532880,0.00843992,0.00652627,0.0231905,0.0281376,0.00773897,0.0043011,0.00791326,0.0129212,0.0146179,0.0721049,0.0686683,0.0142008
13.931972789,0.00221311,0.0036999,0.0121352,0.0171097,0.00647293,0.00231029,0.00171708,0.00315977,0.0123621,0.0553708,0.0460819,0.00703179
13.978412698,0.00238575,0.0015037,0.00943839,0.0103666,0.00320331,0.0022487,0.00270506,0.00243755,0.00738589,0.0385557,0.0354796,0.00914529
14.024852608,0.0037965,0.00327999,0.00375381,0.00811913,0.0053561,0.00259296,0.00180412,0.00204625,0.00306938,0.0233534,0.0278598,0.0139122
14.071292517,0.0046515,0.00296407,0.00417252,0.00508226,0.00337365,0.00220972,0.00222116,0.00251008,0.00452685,0.0173709,0.0214823,0.00890829
14.117732426,0.00447677,0.00550047,0.00297558,0.010209,0.0129344,0.00581056,0.00269401,0.00278502,0.00301349,0.00860118,0.0426704,0.0380055
14.164172336,0.00230328,0.0021489,0.00220162,0.00396646,0.00398247,0.0016725,0.0012421,0.00209137,0.00264219,0.0042419,0.00929631,0.00741264
14.210612245,0.00181399,0.00144643,0.00243801,0.00209235,0.00236669,0.00148855,0.00107892,0.00131921,0.00259821,0.00502808,0.00789773,0.00632987
14.257052154,0.00269032,0.000975532,0.00244011,0.00246804,0.00333064,0.0012377,0.00137493,0.00195793,0.00208823,0.00654674,0.0071956,0.00971064
14.303492063,0.00363725,0.00329299,0.00522548,0.0052907,0.00471429,0.0030651,0.00855247,0.0214263,0.0249824,0.0195136,0.0167774,0.00951793
14.349931973,0.00470742,0.00474473,0.0108243,0.0433453,0.0411375,0.0114421,0.00516781,0.00488879,0.00866342,0.00897254,0.0187376,0.0117658
14.396371882,0.0144532,0.00243033,0.00668887,0.0298811,0.0251424,0.00630683,0.00382784,0.0076999,0.0169938,0.0197385,0.0690448,0.0638071
14.442811791,0.0104032,0.00310741,0.00225685,0.00898868,0.00883266,0.00497032,0.00167404,0.00854094,0.0146792,0.0134819,0.0450537,0.0433475
14.489251701,0.00474015,0.00469993,0.00304656,0.0132971,0.0136693,0.00506671,0.00394041,0.00365215,0.00411161,0.00636558,0.0196774,0.0232428
14.535691610,0.00498011,0.00646673,0.00741216,0.00553115,0.00673547,0.00501677,0.00539522,0.0107405,0.0186351,0.0211835,0.0233301,0.0227137
14.582131519,0.00419917,0.00546969,0.00672431,0.00647042,0.00867343,0.00383738,0.0107284,0.00963408,0.00573001,0.0048357,0.0109825,0.0119784
14.628571429,0.0133755,0.0221002,0.0204919,0.0225027,0.0295957,0.0197945,0.0230022,0.0388438,0.0473083,0.0586415,0.0437768,0.0195412
14.675011338,0.00550734,0.0124409,0.0138528,0.0246707,0.0630399,0.0340299,0.0139097,0.0154557,0.0143402,0.0181725,0.0166714,0.0227504
14.721451247,0.00509168,0.00643309,0.0087311,0.00845988,0.0152512,0.0101828,0.0052901,0.00572576,0.00641793,0.0165172,0.0122394,0.0072495
14.767891156,0.00520818,0.00317157,0.00272604,0.0240089,0.0372598,0.0125685,0.00262218,0.00431084,0.0274366,0.0414655,0.0324942,0.0208365
14.814331066,0.00496699,0.00418718,0.00767159,0.016627,0.0130108,0.00357592,0.00223622,0.00364714,0.0137593,0.0142964,0.0249381,0.0272284
14.860770975,0.109598,0.0547616,0.0392433,0.0528889,0.0493358,0.0230972,0.0205509,0.0232568,0.0269739,0.0625568,0.156105,0.18799
14.907210884,0.0121299,0.0049354,0.00268876,0.0165618,0.0207235,0.00532489,0.00645939,0.00592287,0.00719944,0.0135933,0.0446042,0.0431284
14.953650794,0.00800246,0.00349833,0.00369193,0.0163448,0.0193839,0.00730756,0.00329228,0.00362579,0.00526392,0.0133322,0.039841,0.0320358
15.000090703,0.0182197,0.00777993,0.00730894,0.0375859,0.042856,0.0118966,0.00386415,0.00471929,0.00540217,0.0174718,0.104895,0.098174
15.046530612,0.00950059,0.00366105,0.00445288,0.0131427,0.0143179,0.00364162,0.00220406,0.00360466,0.00632681,0.0121759,0.0465648,0.0452517
15.092970522,0.0101246,0.00551948,0.00393438,0.0108509,0.0107012,0.00354403,0.00360631,0.00423973,0.00572871,0.0112151,0.0286436,0.0285032
15.139410431,0.065046,0.0207063,0.00468292,0.0074462,0.0198987,0.0195577,0.00473731,0.00310363,0.00542433,0.00488376,0.00988874,0.0689085
15.185850340,0.0349159,0.0089552,0.00606084,0.00890438,0.0187377,0.0172274,0.00610629,0.00263985,0.00429652,0.00552097,0.0155384,0.0456537
15.232290249,0.0220599,0.00424788,0.00247254,0.00611462,0.00624711,0.00705916,0.00201351,0.0051565,0.0067882,0.00632017,0.0134175,0.0316464
15.278730159,0.0135843,0.00327516,0.00376749,0.00670815,0.00803554,0.00704739,0.00345228,0.0038268,0.00531805,0.00690101,0.00633476,0.0148119
15.325170068,0.00941099,0.00270818,0.00461332,0.00476757,0.00401794,0.00355917,0.00284881,0.00274358,0.00475761,0.00695619,0.00995143,0.014404
15.371609977,0.0211989,0.00892553,0.00746867,0.0340711,0.0484278,0.01997,0.00642752,0.00514173,0.00604716,0.0218274,0.137475,0.126745
15.418049887,0.0103146,0.00432524,0.00693048,0.0156488,0.0179422,0.00595123,0.00133307,0.00307883,0.00411787,0.00809211,0.0516178,0.0498999
15.464489796,0.00442413,0.00513382,0.00328656,0.0113069,0.0152201,0.00689433,0.00387649,0.00313291,0.0024741,0.00501045,0.0282525,0.0283238
15.510929705,0.00400407,0.00345747,0.00237436,0.0063536,0.00912017,0.00594065,0.00324151,0.00353844,0.00496731,0.00604241,0.0202863,0.0156714
15.557369615,0.00364139,0.00401717,0.00447043,0.00568876,0.00637927,0.00348264,0.00381762,0.00185566,0.00205187,0.00565584,0.0191653,0.0143966
15.603809524,0.0382087,0.0435253,0.0405693,0.0369188,0.0313125,0.0242176,0.0231535,0.0176112,0.0139785,0.00902358,0.0175196,0.0380518
15.650249433,0.0677166,0.0598744,0.0145952,0.00909886,0.00598754,0.0138467,0.0147484,0.00314677,0.00440501,0.00506965,0.00919623,0.01128
15.696689342,0.0335561,0.0318361,0.00738285,0.00355942,0.0071069,0.0101739,0.0131184,0.003979,0.00179126,0.00291007,0.00446285,0.00795496
15.743129252,0.0194146,0.0176299,0.0046448,0.00655364,0.00473651,0.00587441,0.00657398,0.00355901,0.00289717,0.00608883,0.01085,0.00943584
15.789569161,0.0185791,0.0168502,0.00814688,0.00598266,0.00540969,0.0063315,0.00572747,0.00269246,0.00325338,0.00372863,0.00899789,0.0119977
15.836009070,0.00768441,0.0095904,0.00840712,0.00720094,0.00728803,0.00507539,0.00370499,0.00313269,0.00336627,0.00631107,0.0127259,0.0108717
15.882448980,0.00364423,0.00656151,0.0235862,0.0307135,0.00783291,0.00317655,0.00442757,0.00457905,0.012407,0.0798347,0.0790661,0.0180717
15.928888889,0.00293,0.00381135,0.0168008,0.0175398,0.00433979,0.00473719,0.00232502,0.00238189,0.0114847,0.0508233,0.0388639,0.00993998
15.975328798,0.00988566,0.00842428,0.0144247,0.0132033,0.00493339,0.00299177,0.00288887,0.00299491,0.00752841,0.0336913,0.0316589,0.00497812
16.021768707,0.00528699,0.00437087,0.00642576,0.008329,0.0050072,0.00247689,0.00181838,0.00256743,0.00505901,0.0237485,0.0265243,0.007251
16.068208617,0.0241232,0.0245108,0.0272893,0.0271322,0.0228497,0.0156985,0.0139017,0.0107251,0.0113603,0.0232267,0.0251061,0.0139266
16.114648526,0.155989,0.17486,0.189844,0.183791,0.15066,0.169791,0.158689,0.147999,0.140601,0.149833,0.142666,0.117674
16.161088435,0.125092,0.114948,0.0854778,0.0714037,0.0578824,0.0430709,0.042369,0.0472913,0.0494915,0.037453,0.027359,0.016472
16.207528345,0.0612643,0.0509258,0.040762,0.0401435,0.0203647,0.0100293,0.00776914,0.0113553,0.0158822,0.00999931,0.0168771,0.0201179
16.253968254,0.0348382,0.014954,0.0194123,0.0293118,0.0297972,0.0146913,0.00825162,0.0122399,0.0139329,0.0152311,0.0315466,0.0448917
16.300408163,0.0271682,0.00951131,0.0127332,0.0377728,0.0454311,0.0197404,0.00776993,0.0183109,0.019332,0.0131502,0.0510557,0.0606446
16.346848073,0.0208236,0.0138731,0.0183549,0.0462315,0.0502742,0.0181236,0.0125325,0.0255282,0.0252706,0.0203342,0.0540259,0.0612883
16.393287982,0.0354968,0.0165308,0.014975,0.0464459,0.0536994,0.0165671,0.00965574,0.0268615,0.0220884,0.0200186,0.0767802,0.0866873
16.439727891,0.0239431,0.0112621,0.0136087,0.0444456,0.048333,0.0160155,0.00835313,0.0290492,0.0261793,0.018933,0.0656005,0.0689451
16.486167800,0.0192336,0.0114643,0.0170918,0.0475713,0.0458036,0.0129556,0.00875392,0.0283665,0.0251732,0.0171235,0.0632574,0.0611937
16.532607710,0.0238023,0.0149541,0.0214315,0.047834,0.0418748,0.0114668,0.0111308,0.0296065,0.0227032,0.0203882,0.0676366,0.0629241
16.579047619,0.0558933,0.0499861,0.0393297,0.0458067,0.0540635,0.0339942,0.0418007,0.040942,0.0418992,0.027898,0.0616561,0.065512
16.625487528,0.153259,0.156582,0.139338,0.121089,0.136626,0.136479,0.115759,0.117332,0.120423,0.0865392,0.0945564,0.0932755
16.671927438,0.114136,0.0989351,0.0666586,0.0634359,0.0420504,0.0304749,0.0360029,0.0396857,0.0391587,0.0272457,0.0246217,0.0189879
16.718367347,0.057166,0.0432228,0.031191,0.0330684,0.0162787,0.0110235,0.00760206,0.00997224,0.0124919,0.00838317,0.017732,0.0206847
16.764807256,0.0286752,0.00865531,0.0122891,0.0274906,0.0323754,0.0159724,0.0061593,0.0111492,0.012751,0.0122592,0.0363014,0.0486603
16.811247166,0.0252418,0.00804,0.0137925,0.040251,0.0468427,0.0197403,0.00991493,0.0226638,0.0218424,0.0150203,0.0464536,0.0595615
16.857687075,0.0869316,0.0678247,0.0570201,0.0680659,0.068233,0.0332717,0.035493,0.0664012,0.0770786,0.110787,0.163335,0.160719
16.904126984,0.0304513,0.0136784,0.0188929,0.0506054,0.0518226,0.0168168,0.0130206,0.0280358,0.0357786,0.0491915,0.0852027,0.0742019
16.950566893,0.0251462,0.00964561,0.0162305,0.0451108,0.0461693,0.0157081,0.0117539,0.0316729,0.025266,0.0263186,0.067388,0.061956
16.997006803,0.0208402,0.013345,0.0192374,0.0491278,0.04386,0.0140273,0.0126973,0.0331318,0.0284966,0.0276804,0.069804,0.0621186
17.043446712,0.0228953,0.0169709,0.0234796,0.045117,0.0412467,0.0105131,0.0137525,0.0314211,0.0266572,0.0251617,0.0643831,0.0559023
17.089886621,0.0986276,0.0853598,0.0628219,0.0539207,0.0859699,0.0659343,0.0673693,0.072745,0.0402411,0.0512401,0.0519715,0.0733185
17.136326531,0.14967,0.147866,0.116194,0.0979196,0.103281,0.0981058,0.0818537,0.0924225,0.0885426,0.0493947,0.0538506,0.0508453
17.182766440,0.0964509,0.0844492,0.0617545,0.057846,0.0329709,0.0211254,0.026083,0.0295281,0.0259204,0.0131229,0.017387,0.0134523
17.229206349,0.0680934,0.0454473,0.0376241,0.0369225,0.0257026,0.0208949,0.0155638,0.0143507,0.0184489,0.0244544,0.0294381,0.044156
17.275646259,0.0285543,0.0108095,0.0178764,0.0354943,0.0457455,0.0211723,0.00865052,0.0136267,0.0139963,0.0190869,0.0679496,0.075625
17.322086168,0.0320528,0.015848,0.0179629,0.0459085,0.0522479,0.0204994,0.0101101,0.0260712,0.0261924,0.0162629,0.0582987,0.0723404
17.368526077,0.0256222,0.0219823,0.0199557,0.0596626,0.0712049,0.0250735,0.0190735,0.0381826,0.0264145,0.0276855,0.116498,0.120159
17.414965986,0.021175,0.01444,0.0155879,0.0455934,0.0489729,0.0149874,0.0127491,0.0283966,0.0262244,0.0200206,0.0652119,0.0727094
17.461405896,0.024453,0.0189864,0.0213721,0.050054,0.0481573,0.0137388,0.00959649,0.0270906,0.0268025,0.0205899,0.0645227,0.0632037
17.507845805,0.0309831,0.0144756,0.0176547,0.0553497,0.0540067,0.0184448,0.0100216,0.0280029,0.0211589,0.0294298,0.103263,0.0999103
17.554285714,0.0436672,0.0308311,0.0276199,0.0409276,0.0462807,0.0128777,0.0166802,0.0347931,0.0287444,0.0330036,0.0885478,0.0892153
17.600725624,0.155418,0.139479,0.112768,0.0956224,0.129821,0.11938,0.120996,0.113037,0.0976263,0.0933856,0.091341,0.115445
17.647165533,0.146672,0.134355,0.0998711,0.0721439,0.0812959,0.0701392,0.060287,0.0697314,0.0687605,0.0509435,0.0421007,0.036425
17.693605442,0.0818689,0.0687578,0.0526565,0.0499206,0.0260939,0.0171216,0.0164607,0.0201155,0.0181439,0.00814358,0.019446,0.0151129
17.740045351,0.056933,0.0257822,0.0192813,0.034888,0.0327112,0.015665,0.00848404,0.0111833,0.0146036,0.0174089,0.0682058,0.0827015
17.786485261,0.030848,0.0108972,0.0138821,0.0371012,0.0436018,0.019958,0.00744362,0.0147128,0.0155351,0.0171678,0.061604,0.0726657
17.832925170,0.0367671,0.0181744,0.0226615,0.0487887,0.0504821,0.0188846,0.013317,0.0280068,0.0282651,0.0265023,0.0646004,0.0761008
17.879365079,0.0285601,0.0227039,0.0281512,0.0557173,0.0550534,0.0233024,0.0126871,0.0255748,0.0332993,0.072396,0.10004,0.0695995
17.925804989,0.0297795,0.0103556,0.0183096,0.0455687,0.0497818,0.0180009,0.013354,0.0338494,0.0279043,0.0344933,0.0710862,0.0635811
17.972244898,0.0225231,0.0126277,0.0171841,0.0450925,0.0459477,0.0167376,0.0118423,0.0309928,0.0259224,0.0251657,0.0645434,0.0616248
18.018684807,0.0147979,0.0120903,0.0183651,0.0494191,0.0431086,0.0132118,0.0121127,0.0301862,0.0259767,0.0253289,0.0679541,0.0585627
18.065124717,0.034953,0.0345566,0.032644,0.0299724,0.0452155,0.0160077,0.0189518,0.0388295,0.0324329,0.0289218,0.0523612,0.063295
18.111564626,0.181101,0.181479,0.174688,0.163365,0.155014,0.154364,0.162451,0.156364,0.154463,0.139143,0.131702,0.14281
18.158004535,0.132905,0.122128,0.0963247,0.0727593,0.0613669,0.0472631,0.0445204,0.0527015,0.0510169,0.038638,0.0257575,0.0154125
18.204444444,0.06935,0.0562169,0.0473481,0.0444205,0.0317447,0.0128775,0.0107052,0.0200411,0.0138455,0.00660823,0.012208,0.0122623
18.250884354,0.0427449,0.0443484,0.0213844,0.00724705,0.0079984,0.0210894,0.0258702,0.0120182,0.0060714,0.0112927,0.0169877,0.0180985
18.297324263,0.0500103,0.0641491,0.0256267,0.0110711,0.0124178,0.0311842,0.0396861,0.0173881,0.0062101,0.0187937,0.0192703,0.014301
18.343764172,0.061904,0.0726808,0.0278209,0.0166016,0.0102691,0.0315826,0.0412779,0.0174629,0.0157171,0.0297651,0.0320474,0.0240283
18.390204082,0.0625724,0.0789608,0.0319213,0.0196213,0.0243816,0.0357947,0.0370838,0.0163328,0.0177369,0.026912,0.0545675,0.0383136
18.436643991,0.0675162,0.0692859,0.0223113,0.0132171,0.0165206,0.0421088,0.0392438,0.0186403,0.0145561,0.0323023,0.0467463,0.0358101
18.483083900,0.0687927,0.0591853,0.0153748,0.0117071,0.0190602,0.0429403,0.0350432,0.0113345,0.0125985,0.0363627,0.0375931,0.0312263
18.529523810,0.067865,0.057802,0.0182922,0.0121253,0.0159263,0.0381361,0.0355368,0.0104497,0.0102063,0.031952,0.0304296,0.0262071
18.575963719,0.0748894,0.0510976,0.0550899,0.0525692,0.0363638,0.0449521,0.0582838,0.0188628,0.0174079,0.0379176,0.0430257,0.0412127
18.622403628,0.145153,0.14349,0.157264,0.149415,0.144499,0.155858,0.137861,0.123212,0.102385,0.0897999,0.102253,0.100048
18.668843537,0.106584,0.0960419,0.0833591,0.0794415,0.0506972,0.039292,0.0364621,0.0425843,0.038687,0.0277545,0.0190717,0.0118391
18.715283447,0.0545237,0.0499815,0.0422199,0.0314944,0.0237305,0.0108065,0.0143659,0.0133702,0.0107644,0.00667297,0.00923556,0.0089843
18.761723356,0.0460128,0.0476422,0.0180578,0.0116664,0.0140417,0.0258481,0.0323729,0.0142908,0.00732182,0.0174309,0.048179,0.0471239
18.808163265,0.055674,0.0680024,0.0302469,0.0154452,0.018621,0.0335843,0.0423438,0.0202024,0.00919636,0.029959,0.0469978,0.035353
18.854603175,0.0833745,0.0821577,0.0315277,0.026809,0.0211313,0.0419385,0.0490574,0.023687,0.0242969,0.0482211,0.0341613,0.0406801
18.901043084,0.0674504,0.0726594,0.0256315,0.015509,0.019113,0.0358334,0.0361977,0.0152643,0.0164053,0.0333305,0.0472039,0.0340899
18.947482993,0.0617792,0.0665498,0.0196582,0.00911415,0.0134312,0.0387739,0.0388512,0.0143272,0.0108819,0.0305679,0.0329124,0.0260485
18.993922902,0.0654931,0.0602808,0.0160691,0.0100366,0.0152893,0.0395008,0.037338,0.0102793,0.0107733,0.0333386,0.0313622,0.0242203
19.040362812,0.0668272,0.0588828,0.0178679,0.0140735,0.0170946,0.035691,0.0387669,0.0096918,0.011278,0.0329185,0.0286193,0.0216106
19.086802721,0.0998742,0.0573471,0.0626583,0.075043,0.0619047,0.0544181,0.0849938,0.0548882,0.0413208,0.0303752,0.0358767,0.0520212
19.133242630,0.135186,0.133794,0.130986,0.112172,0.110962,0.109594,0.0941351,0.0983438,0.0842532,0.0461505,0.0588883,0.0582997
19.179682540,0.0966045,0.081792,0.0692283,0.0704301,0.043292,0.0283299,0.0239166,0.0362703,0.0291765,0.019199,0.0175386,0.0152486
19.226122449,0.0455003,0.044849,0.0331175,0.0197733,0.0176137,0.0142122,0.0182259,0.0125865,0.00942253,0.00778445,0.00818483,0.00973978
19.272562358,0.0489989,0.0519076,0.0191029,0.00578629,0.00985418,0.0282022,0.0332621,0.0126809,0.006547,0.013575,0.0136949,0.0179985
19.319002268,0.052658,0.0662698,0.0253975,0.00766641,0.0114907,0.0357577,0.0421115,0.0168044,0.00871188,0.0235488,0.0266746,0.0143902
19.365442177,0.0599018,0.0674666,0.0210817,0.0134314,0.0153996,0.0408331,0.0491105,0.0233151,0.0122302,0.026461,0.0278304,0.0209797
19.411882086,0.0577454,0.0621172,0.0197284,0.00799854,0.0126353,0.03818,0.039447,0.0141024,0.00927843,0.0273671,0.0246473,0.0134342
19.458321995,0.0620977,0.0590305,0.0160113,0.00765468,0.0114752,0.0405481,0.0367631,0.0101259,0.00780836,0.0287348,0.0229046,0.0149114
19.504761905,0.0657883,0.0589515,0.0151253,0.00979486,0.0115269,0.0408498,0.035758,0.00862174,0.0104565,0.0309142,0.0230482,0.0159917
19.551201814,0.0692211,0.0575597,0.0202619,0.0179224,0.0190117,0.0348053,0.0399362,0.0105699,0.0114198,0.0308994,0.024685,0.0176875
19.597641723,0.131745,0.0914609,0.0955909,0.110291,0.0997567,0.103257,0.124481,0.0989208,0.0777322,0.0451888,0.0534582,0.0776363
19.644081633,0.139251,0.123997,0.102412,0.0843188,0.0940694,0.083063,0.0784915,0.0786048,0.0672908,0.045417,0.0467362,0.0334458
19.690521542,0.0730846,0.0767314,0.0557129,0.055666,0.0287941,0.0221852,0.0238842,0.016693,0.0290313,0.0124129,0.0104339,0.0143427
19.736961451,0.0258251,0.0572935,0.0460051,0.0386428,0.0380575,0.0375877,0.0388773,0.0290111,0.0329305,0.0339792,0.0316364,0.0287356
19.783401361,0.0449498,0.0620399,0.0608793,0.0281794,0.0233262,0.0325173,0.0333573,0.0107795,0.017268,0.018274,0.0191504,0.0193301
19.829841270,0.0444481,0.0701251,0.0443467,0.0136743,0.00813936,0.0228058,0.0469364,0.0273829,0.0110817,0.0186913,0.0315559,0.0177524
19.876281179,0.0468905,0.0677154,0.0267064,0.0201639,0.0166075,0.0392996,0.0484906,0.0185069,0.0110592,0.0576487,0.0546009,0.0172011
19.922721088,0.0584603,0.0696259,0.0258587,0.0125302,0.0111319,0.0384997,0.0457108,0.0201891,0.0129122,0.0403238,0.0426704,0.0244247
19.969160998,0.0605252,0.0694794,0.0218394,0.00866581,0.0100484,0.0394156,0.0453028,0.017239,0.00823257,0.0367637,0.0365251,0.0173029
20.015600907,0.0636835,0.0656291,0.0197494,0.0100733,0.0109041,0.0399987,0.0427228,0.0151579,0.00647475,0.0365479,0.0312002,0.0157684
20.062040816,0.077574,0.0789744,0.0391276,0.0269969,0.0230624,0.0369312,0.0412346,0.0110944,0.0158507,0.0430931,0.0349956,0.0222845
20.108480726,0.15731,0.169202,0.216408,0.196721,0.162232,0.139577,0.151817,0.157737,0.165466,0.163796,0.164229,0.167252
20.154920635,0.128017,0.125901,0.101344,0.0717209,0.0626141,0.0435395,0.0400687,0.0538519,0.0576588,0.0488287,0.0348689,0.0201999
20.201360544,0.0675562,0.0589309,0.0462879,0.0430365,0.0215317,0.0117662,0.00942374,0.012984,0.0158141,0.00869409,0.0186225,0.0187825
20.247800454,0.0347311,0.0164798,0.017819,0.0255286,0.0253104,0.0119078,0.00597104,0.0111961,0.0142561,0.0173718,0.0313714,0.0395374
20.294240363,0.0245475,0.00689409,0.0124205,0.0363325,0.0443318,0.018339,0.00647044,0.0158505,0.0165542,0.0116349,0.0467687,0.0591948
20.340680272,0.0215766,0.0127795,0.0190098,0.0451229,0.0485789,0.0159757,0.00988007,0.023284,0.0243152,0.0187563,0.0512914,0.0589811
20.387120181,0.0292447,0.0207742,0.0163757,0.0466495,0.0570268,0.0171964,0.00691351,0.024134,0.0285711,0.0194437,0.074742,0.0783289
20.433560091,0.0326789,0.0139594,0.0165882,0.0474369,0.0528571,0.0203136,0.0113716,0.0295146,0.0282744,0.0276868,0.082342,0.0885262
20.480000000,0.0214802,0.00891418,0.0141198,0.0491621,0.0492907,0.014597,0.00812019,0.0286488,0.0233391,0.0218847,0.0733994,0.072912
20.526439909,0.0203787,0.015124,0.0201904,0.0475017,0.0424087,0.0127784,0.0113445,0.0291745,0.0223612,0.0185289,0.0663856,0.0604674
20.572879819,0.0425688,0.0419589,0.0285161,0.0427917,0.0487113,0.0237389,0.0296021,0.0404332,0.037299,0.0185354,0.0561803,0.0613458
20.619319728,0.175164,0.166163,0.141187,0.139369,0.154968,0.159194,0.141771,0.128234,0.1346,0.114386,0.129828,0.120776
20.665759637,0.122246,0.107148,0.0733862,0.0651974,0.0492891,0.038548,0.043574,0.0465003,0.0481247,0.0339034,0.0245735,0.0175119
20.712199546,0.0611105,0.0481658,0.0368663,0.0371165,0.0173898,0.011209,0.00813335,0.0107203,0.0140494,0.0094361,0.0177275,0.01586
20.758639456,0.0333232,0.010541,0.0160201,0.0292505,0.0305078,0.0174292,0.00871267,0.0125167,0.0137588,0.0134333,0.0337353,0.0457798
20.805079365,0.0268193,0.00711012,0.0139716,0.0396564,0.0458247,0.0188387,0.00829678,0.0201752,0.0193394,0.0152812,0.0473229,0.0594479
20.851519274,0.0283891,0.0229839,0.0262628,0.0512542,0.0544544,0.020594,0.0150886,0.0306862,0.0348373,0.0304561,0.0629283,0.0667223
20.897959184,0.0348328,0.0185849,0.0207409,0.0484597,0.0466476,0.0200883,0.0143493,0.0305308,0.0269766,0.0412577,0.0728071,0.0661273
20.944399093,0.0203809,0.0139019,0.0169669,0.0461867,0.0476865,0.016632,0.0113673,0.0284506,0.0300237,0.0310183,0.0686773,0.0641066
20.990839002,0.0166316,0.0116042,0.017586,0.0471126,0.0426191,0.0130485,0.0101219,0.027389,0.0284884,0.0269958,0.0672736,0.0606686
21.037278912,0.0231826,0.0165954,0.0220032,0.0455898,0.0409475,0.0110769,0.0112027,0.0310125,0.0254556,0.0261786,0.0650144,0.056616
21.083718821,0.0761275,0.0683597,0.0522238,0.0389645,0.071265,0.044636,0.0496539,0.0594511,0.0379581,0.0455589,0.0517664,0.0684848
21.130158730,0.146433,0.153346,0.133763,0.109151,0.118217,0.114624,0.096748,0.105261,0.10335,0.0630861,0.0613055,0.0662946
21.176598639,0.10417,0.0935283,0.064959,0.0628354,0.0375382,0.0226307,0.034387,0.0332065,0.0360742,0.0216324,0.0176271,0.0151894
21.223038549,0.0591432,0.0498587,0.0280511,0.0517329,0.023141,0.0229218,0.026569,0.0306309,0.0311562,0.0264887,0.0170596,0.0223985
21.269478458,0.059352,0.0365985,0.0284751,0.0490557,0.0434304,0.0193785,0.0254847,0.0265414,0.0275421,0.0268285,0.0344078,0.0545591
21.315918367,0.0660267,0.0186888,0.013876,0.0472273,0.0565508,0.0288587,0.0190705,0.0342129,0.0420797,0.0306074,0.0355874,0.0635443
21.362358277,0.141249,0.0761186,0.0954793,0.134225,0.129631,0.0797197,0.0849021,0.0967989,0.0939618,0.0997575,0.133736,0.185966
21.408798186,0.0828952,0.0491634,0.0452384,0.0722203,0.0553188,0.0373546,0.0353697,0.0433739,0.0374266,0.0394111,0.0502362,0.0646658
21.455238095,0.0790668,0.0316688,0.0316176,0.0529864,0.0603408,0.0373065,0.0235418,0.0447314,0.0587762,0.0448345,0.0365177,0.0715804
21.501678005,0.0981458,0.0506989,0.0645632,0.0987684,0.0986865,0.0583195,0.0609896,0.0679833,0.0690519,0.0675872,0.0880102,0.101885
21.548117914,0.0751132,0.0505143,0.0331197,0.0563586,0.0453335,0.0168181,0.0258885,0.0347924,0.0377203,0.0357688,0.0509355,0.0708859
21.594557823,0.12667,0.122684,0.109553,0.0730012,0.0723456,0.0945915,0.072518,0.0843448,0.0974234,0.0726018,0.0608804,0.0586925
21.640997732,0.145442,0.146613,0.119322,0.0897173,0.0889052,0.0826802,0.0732711,0.0846979,0.0853445,0.0562847,0.0473624,0.0429061
21.687437642,0.0903896,0.0796384,0.0597667,0.0529548,0.0281917,0.0193636,0.0228299,0.0253693,0.0219749,0.0126737,0.0231197,0.0196741
21.733877551,0.0445074,0.0273744,0.0205197,0.0271643,0.0186325,0.0124641,0.00757541,0.0100378,0.00989188,0.0111594,0.0274147,0.0344236
21.780317460,0.0265176,0.00725631,0.0144967,0.0337439,0.0398653,0.0201011,0.00577288,0.0124626,0.0129455,0.0121785,0.0441217,0.0567784
21.826757370,0.0288411,0.0151616,0.0195365,0.04517,0.0478419,0.0192266,0.0102001,0.0243059,0.0242296,0.0163131,0.0478778,0.0606585
21.873197279,0.0306681,0.0260348,0.0249964,0.0530817,0.054919,0.0295367,0.0170105,0.0281675,0.0303234,0.072285,0.0973743,0.0637415
21.919637188,0.0244699,0.0137275,0.0158527,0.0459806,0.0484044,0.0177986,0.0138223,0.0292075,0.0336613,0.0410026,0.0792406,0.0733851
21.966077098,0.0164734,0.00967665,0.0167541,0.0464746,0.0447952,0.01563,0.00885217,0.0276473,0.0251365,0.0238184,0.0634257,0.0607989
22.012517007,0.0187969,0.0129371,0.019038,0.0477834,0.0419525,0.0132785,0.0109139,0.0325994,0.0264294,0.0258075,0.0654537,0.0567181
22.058956916,0.0317883,0.0284497,0.030349,0.0378074,0.0440653,0.01264,0.0163932,0.0353017,0.0299891,0.0268631,0.0595426,0.0602269
22.105396825,0.184609,0.178905,0.15512,0.133687,0.153837,0.151422,0.155666,0.149969,0.133614,0.128825,0.130289,0.145183
22.151836735,0.142108,0.138411,0.0998055,0.076312,0.072383,0.0497746,0.0502314,0.0604553,0.0551012,0.0393256,0.0313354,0.0227735
22.198276644,0.0789597,0.065014,0.0624666,0.0544689,0.0357063,0.0137661,0.01372,0.0190089,0.0171533,0.00843191,0.0123057,0.0115858
22.244716553,0.0253202,0.0335673,0.0435742,0.0202503,0.0086454,0.0105021,0.0180117,0.0180542,0.0134356,0.00903764,0.012111,0.0108804
22.291156463,0.0148342,0.0488132,0.0624737,0.0260759,0.011193,0.00957873,0.0302716,0.0362282,0.0147227,0.00797829,0.0211599,0.0216757
22.337596372,0.0235465,0.0592565,0.0665884,0.0296976,0.0177682,0.018337,0.0389945,0.0352816,0.0101874,0.0150952,0.0291172,0.030126
22.384036281,0.0281097,0.0650174,0.0668321,0.0313909,0.027819,0.0100168,0.0317762,0.0415102,0.0228751,0.0204548,0.0547777,0.051063
22.430476190,0.0216321,0.0621435,0.0625118,0.0203556,0.00966187,0.0109951,0.038115,0.0369343,0.0117352,0.0138795,0.0413816,0.0357624
22.476916100,0.0218198,0.0720964,0.0636924,0.0180854,0.01137,0.0160007,0.0407679,0.0367949,0.0135388,0.0141857,0.0393202,0.0305036
22.523356009,0.0209297,0.0697853,0.0625481,0.0148009,0.0100823,0.0134955,0.0382923,0.0336,0.00957727,0.0105719,0.0333181,0.0266635
22.569795918,0.0489665,0.0948527,0.0777311,0.0442373,0.032071,0.0251872,0.0333636,0.0327074,0.0147773,0.0223895,0.046422,0.0360262
22.616235828,0.16867,0.190652,0.174268,0.173133,0.129823,0.156085,0.129202,0.143707,0.133382,0.132059,0.131475,0.112448
22.662675737,0.11707,0.11378,0.0987983,0.0814646,0.0518736,0.0379492,0.0392873,0.0440525,0.0475366,0.0384869,0.026981,0.0179357
22.709115646,0.0621148,0.0537168,0.0466185,0.0410158,0.0292536,0.0135162,0.0119871,0.0183375,0.0125865,0.00549624,0.0111946,0.0128345
22.755555556,0.04301,0.0440747,0.0217331,0.0162928,0.0167561,0.023564,0.0304053,0.0138977,0.00641562,0.013748,0.0413046,0.0420051
22.801995465,0.0492239,0.0695374,0.0286964,0.01471,0.017365,0.0327533,0.0404713,0.0189976,0.00806214,0.0211316,0.0451328,0.0351829
22.848435374,0.0700309,0.0776037,0.0330136,0.0197977,0.0121583,0.0308659,0.0417039,0.0205867,0.0215308,0.0338673,0.0443864,0.0415267
22.894875283,0.076622,0.0727261,0.0259491,0.0174469,0.0196461,0.0371609,0.0388819,0.0184861,0.0139798,0.0371976,0.063874,0.0547328
22.941315193,0.070091,0.0668499,0.0211974,0.0151413,0.0198776,0.0443456,0.0382769,0.014494,0.012675,0.0394115,0.0466166,0.0400307
22.987755102,0.146958,0.100143,0.0203317,0.0568866,0.0537287,0.0626465,0.0603875,0.0327421,0.0400589,0.0835091,0.135612,0.140054
23.034195011,0.0671225,0.0647594,0.0182287,0.0192901,0.0177022,0.0372392,0.0388104,0.0124659,0.0143245,0.033537,0.0355457,0.0319739
23.080634921,0.0844353,0.0534715,0.0611223,0.0593124,0.043586,0.0559036,0.069322,0.0302635,0.0273876,0.0329388,0.050861,0.0490766
23.127074830,0.134071,0.130896,0.137059,0.128363,0.128393,0.126619,0.113313,0.109105,0.0911543,0.0636522,0.0668886,0.0746444
23.173514739,0.103532,0.103206,0.0795444,0.0715983,0.0498026,0.028485,0.0317156,0.0344894,0.0328488,0.0193115,0.0162532,0.0132404
23.219954649,0.0394555,0.0535543,0.0413049,0.0464478,0.0345189,0.0128102,0.0251424,0.0191817,0.0251127,0.0228832,0.0215273,0.0239801
23.266394558,0.0586566,0.0365853,0.0551762,0.0596239,0.0317066,0.0266917,0.0333942,0.0331801,0.0179598,0.023318,0.0267775,0.0322666
23.312834467,0.0605578,0.0419,0.085311,0.0507014,0.0117963,0.0127797,0.0302238,0.0464237,0.0141248,0.0183244,0.0257735,0.0354086
23.359274376,0.208591,0.137528,0.113398,0.125775,0.0824907,0.0673697,0.0886145,0.113883,0.098149,0.107462,0.161477,0.190876
23.405714286,0.0838175,0.0652216,0.0810173,0.0757016,0.0417001,0.0339971,0.0470137,0.0456561,0.0278989,0.0350449,0.0525273,0.0508108
23.452154195,0.0309752,0.0476167,0.0836171,0.0427286,0.0108714,0.0121576,0.026146,0.042186,0.0219529,0.0087478,0.0270002,0.0339691
23.498594104,0.0133883,0.0530992,0.0708098,0.0269074,0.00906553,0.00769577,0.0304142,0.0443978,0.0181519,0.00926263,0.0288397,0.0333282
23.545034014,0.0264332,0.0677202,0.0785461,0.0309567,0.0115296,0.0107112,0.0359464,0.0423674,0.0146819,0.00962859,0.0331102,0.0323735
23.591473923,0.097132,0.0827325,0.124788,0.106476,0.0660715,0.0512828,0.0452156,0.0749403,0.0559299,0.0476719,0.0620849,0.0723859
23.637913832,0.136729,0.145857,0.131272,0.10761,0.0905168,0.0725301,0.0671577,0.0840791,0.0883649,0.0579996,0.0453873,0.0511001
23.684353741,0.097316,0.0879846,0.0726281,0.0636332,0.0372088,0.0139645,0.0194053,0.0245154,0.0321131,0.01009,0.0160739,0.0152648
23.730793651,0.0375608,0.0252896,0.0342977,0.0426823,0.0168533,0.00668816,0.00895657,0.0185662,0.02831,0.0128088,0.00792965,0.00676948
23.777233560,0.0177526,0.0142694,0.0476871,0.0557791,0.0213356,0.00474168,0.00655461,0.025947,0.033921,0.0110504,0.00440937,0.0107509
23.823673469,0.0325088,0.0196041,0.0575935,0.0685832,0.0263778,0.00965136,0.00637684,0.0321769,0.0378128,0.0150673,0.0106683,0.0281024
23.870113379,0.0311045,0.0212977,0.0698703,0.082015,0.0175657,0.0252914,0.022498,0.048681,0.0505179,0.0782537,0.0628666,0.0350508
23.916553288,0.0324007,0.0260735,0.0743132,0.0734803,0.0227083,0.016924,0.0171061,0.042756,0.0383202,0.0348828,0.0355319,0.0364287
23.962993197,0.0204725,0.0211763,0.0701384,0.063426,0.0151722,0.0127501,0.0132732,0.0372096,0.0359626,0.0252862,0.0262597,0.0340228
24.009433107,0.0213511,0.0191015,0.068817,0.0581268,0.0136777,0.00987947,0.0131597,0.035495,0.031094,0.0125758,0.0138858,0.0293969
24.055873016,0.036589,0.0303484,0.0742256,0.0627092,0.0180988,0.0155515,0.0202408,0.0308285,0.0303955,0.00953337,0.0165519,0.0314712
24.102312925,0.131223,0.126359,0.076318,0.121377,0.130567,0.118043,0.107986,0.0979195,0.116433,0.114229,0.113535,0.0939231
24.148752834,0.152104,0.127923,0.0983067,0.0721169,0.0775037,0.0642809,0.0508383,0.0631871,0.0653756,0.0545791,0.0429034,0.0317215
24.195192744,0.079141,0.0669227,0.0505642,0.0467599,0.0258103,0.0148141,0.014174,0.0194246,0.0190693,0.00916591,0.0215909,0.0207181
24.241632653,0.0375094,0.0214027,0.0190089,0.0253504,0.0223135,0.0107897,0.00666861,0.0111932,0.0119687,0.0127555,0.0263876,0.0357407
24.288072562,0.0247402,0.00798879,0.0146551,0.0374749,0.0438031,0.0186988,0.00746679,0.0153461,0.016751,0.0130049,0.0473925,0.0582929
24.334512472,0.0261683,0.0153002,0.0195735,0.0456581,0.0497213,0.0195949,0.0100566,0.0241709,0.0254032,0.0176189,0.050139,0.061423
24.380952381,0.0354877,0.0147087,0.0169905,0.0578158,0.0676164,0.0247747,0.00714983,0.0239165,0.0203387,0.0247671,0.0950045,0.102227
24.427392290,0.0340868,0.0129756,0.0155576,0.0487605,0.0544229,0.0197807,0.0103442,0.0300184,0.0286275,0.0239453,0.0835016,0.0890491
24.473832200,0.0195683,0.0132964,0.0174579,0.0478066,0.0482624,0.0150582,0.00944615,0.0272765,0.0256742,0.0154644,0.0620049,0.0646474
24.520272109,0.0183923,0.0156039,0.0189633,0.0462984,0.0411581,0.0120124,0.0110639,0.0296232,0.0231967,0.0193194,0.0637979,0.0588986
24.566712018,0.0350107,0.0336524,0.024613,0.0395094,0.0440041,0.0167589,0.0213114,0.0391699,0.0300142,0.0223533,0.0577904,0.0614128
24.613151927,0.172188,0.173032,0.165718,0.163091,0.152146,0.159395,0.16007,0.1424,0.164463,0.157979,0.152581,0.135909
24.659591837,0.13011,0.114698,0.0813268,0.063778,0.0600735,0.0447744,0.0450895,0.0482503,0.0499655,0.0397995,0.0266933,0.0168899
24.706031746,0.0671111,0.0538286,0.0413332,0.0409635,0.0187043,0.0113753,0.00836966,0.0118209,0.015744,0.00990822,0.0195439,0.0171406
24.752471655,0.0346631,0.0120254,0.0161312,0.025961,0.0263204,0.0149835,0.00766362,0.0120323,0.0131911,0.0131255,0.0285499,0.0431876
24.798911565,0.027534,0.00771044,0.0143532,0.0379748,0.0448591,0.0186774,0.00722572,0.0181411,0.0178953,0.0119507,0.0496529,0.0625455
24.845351474,0.0224803,0.0161126,0.0213409,0.0469396,0.0489721,0.0146872,0.00918667,0.0241845,0.0251935,0.0203178,0.0500461,0.0556842
24.891791383,0.0242608,0.0161736,0.0203178,0.048737,0.0491199,0.0195505,0.0121591,0.0242288,0.0289495,0.0348135,0.0653864,0.064976
24.938231293,0.0220949,0.0106358,0.0158098,0.046409,0.0466381,0.0154995,0.0113041,0.0288899,0.0283375,0.0257814,0.060877,0.063781
24.984671202,0.0203033,0.0109728,0.0186057,0.0482035,0.0451579,0.013328,0.00936987,0.0291557,0.0305248,0.0292279,0.0704968,0.064886
25.031111111,0.0180296,0.0144957,0.0217812,0.0479085,0.0418105,0.0117731,0.0120526,0.030918,0.0282827,0.0309085,0.0749692,0.060383
25.077551020,0.0594419,0.0542722,0.0425101,0.0292276,0.0571813,0.0303246,0.0361667,0.0533338,0.0380042,0.0354222,0.050509,0.0625128
25.123990930,0.162941,0.162628,0.143866,0.121447,0.135657,0.141254,0.127634,0.123547,0.11734,0.0883456,0.0862665,0.093337
25.170430839,0.116156,0.102931,0.0699162,0.0636527,0.0430248,0.0300827,0.0363424,0.0414989,0.0397872,0.0258189,0.0203686,0.0155411
25.216870748,0.0574073,0.0453141,0.034504,0.0338235,0.0174362,0.0129614,0.00873898,0.0101598,0.0139285,0.0104129,0.017823,0.0183952
25.263310658,0.0320389,0.00932921,0.0142611,0.0309407,0.0385429,0.0176361,0.00935044,0.0153821,0.0155331,0.0153523,0.0543669,0.0629409
25.309750567,0.0319273,0.0131112,0.0191774,0.0495638,0.0549639,0.0218727,0.0109825,0.0243428,0.0241558,0.0216894,0.0673453,0.0801253
25.356190476,0.0737468,0.0566334,0.0446892,0.0645734,0.0642018,0.0375863,0.037697,0.0599621,0.0668,0.059816,0.086975,0.108941
25.402630385,0.032814,0.0163225,0.0130534,0.0478732,0.0559059,0.0195265,0.0106342,0.0278548,0.0279902,0.020141,0.0765584,0.0815095
25.449070295,0.0239985,0.0177709,0.0171341,0.0471911,0.0490691,0.0169499,0.010763,0.0272797,0.0271872,0.0185863,0.0647803,0.0661461
25.495510204,0.0331796,0.0203594,0.0188228,0.0595446,0.0648099,0.0229912,0.013493,0.0329482,0.0221756,0.0308206,0.117247,0.114441
25.541950113,0.0265884,0.0201847,0.0240516,0.0454523,0.0414718,0.00941925,0.0126329,0.0306373,0.0217452,0.0249018,0.0730147,0.0684403
25.588390023,0.0988061,0.0856894,0.060452,0.0482613,0.0828087,0.0585818,0.0611209,0.0699247,0.0391862,0.051339,0.0562252,0.0804868
25.634829932,0.149497,0.148665,0.120255,0.0994006,0.105959,0.100414,0.086043,0.0983939,0.100848,0.0558797,0.0559639,0.05979
25.681269841,0.100041,0.0872599,0.0609977,0.0582749,0.032999,0.0225832,0.0298463,0.0334529,0.0292545,0.0151182,0.0211436,0.0184331
25.727709751,0.0505002,0.0379354,0.0263623,0.0297001,0.0179333,0.0134104,0.0100233,0.0115063,0.0134065,0.0144999,0.0223054,0.0371382
25.774149660,0.0268988,0.00670721,0.0128633,0.0369056,0.0445833,0.0208011,0.0072563,0.0130032,0.0156023,0.0148854,0.0590881,0.0684416
25.820589569,0.0343009,0.0137293,0.0175413,0.0436646,0.0503689,0.0184438,0.0100172,0.0255188,0.0245469,0.0196585,0.0619672,0.07665
25.867029478,0.0240243,0.0193673,0.028295,0.0598813,0.051762,0.0230022,0.0182349,0.0292798,0.0304778,0.0750219,0.119771,0.06244
25.913469388,0.0262437,0.0128055,0.0160526,0.0446688,0.0468375,0.0184766,0.0121229,0.0297736,0.0271238,0.0361817,0.0648625,0.0658062
25.959909297,0.0172189,0.00973663,0.0167831,0.048269,0.0470425,0.0160323,0.00961075,0.0284266,0.0301216,0.0295146,0.0676031,0.0606269
26.006349206,0.0167211,0.00987078,0.0193717,0.0494256,0.043343,0.0124471,0.0135659,0.0287246,0.0279615,0.0285477,0.0706385,0.0586226
26.052789116,0.0308881,0.0230325,0.026404,0.042864,0.0450348,0.0120411,0.0143398,0.0334498,0.0282603,0.027078,0.062305,0.0580275
26.099229025,0.142387,0.130631,0.104146,0.0912402,0.120706,0.108418,0.103752,0.103704,0.0818045,0.0791055,0.0796153,0.0986182
26.145668934,0.14794,0.140462,0.113462,0.0840704,0.0844176,0.0694664,0.0536544,0.0718962,0.0698919,0.0479339,0.0400038,0.0363416
26.192108844,0.0843857,0.0714546,0.0579775,0.0568601,0.0393442,0.0163683,0.0131988,0.0265814,0.0188518,0.009937,0.0155843,0.0154138
26.238548753,0.0429356,0.0428603,0.0276514,0.0134393,0.00877003,0.0197001,0.0220036,0.0119684,0.005817,0.00831855,0.00972803,0.0155336
26.284988662,0.0503389,0.059222,0.0249864,0.00762525,0.0127853,0.0311412,0.0370808,0.0155819,0.00772355,0.020425,0.0265496,0.023457
26.331428571,0.0591222,0.0698728,0.0270632,0.0143984,0.0154247,0.0347494,0.0418872,0.0196434,0.013994,0.0319789,0.0343077,0.0224635
26.377868481,0.0732533,0.0760155,0.0296435,0.0186846,0.022652,0.0312269,0.0372583,0.00834836,0.0222597,0.0412421,0.0621146,0.0440685
26.424308390,0.0628641,0.0683435,0.0208991,0.00987904,0.0150353,0.0390745,0.0416623,0.0165059,0.0109191,0.0315967,0.0347072,0.023349
26.470748299,0.0653623,0.0595828,0.0149195,0.0109794,0.0138585,0.0401664,0.0368471,0.0119874,0.00971869,0.0307631,0.0303863,0.0239224
26.517188209,0.0653256,0.0575283,0.0166585,0.010625,0.0137888,0.0383986,0.0357482,0.0108207,0.0107488,0.0309144,0.0259477,0.0208361
26.563628118,0.070739,0.0587771,0.0346884,0.0313614,0.0232519,0.0370058,0.0452082,0.0108447,0.0111375,0.0347411,0.0320692,0.0287107
26.610068027,0.147153,0.144678,0.198814,0.199196,0.174861,0.204145,0.193333,0.143917,0.126169,0.142295,0.14321,0.126916
26.656507937,0.118293,0.112703,0.10019,0.0796302,0.0677224,0.0545757,0.046921,0.0522112,0.0500994,0.0413759,0.0299203,0.0153731
26.702947846,0.0686546,0.0559049,0.0476586,0.0432211,0.0312048,0.0141673,0.0127827,0.0194652,0.012647,0.00720968,0.0136084,0.0112135
26.749387755,0.0415814,0.0436169,0.0194517,0.0139889,0.0157457,0.0217969,0.0260423,0.0107288,0.00524154,0.00908902,0.0364264,0.0380419
26.795827664,0.0485547,0.0620692,0.0243213,0.0128033,0.0160577,0.0313291,0.0372715,0.0170419,0.0069089,0.0190855,0.0356365,0.0274141
26.842267574,0.0636382,0.073582,0.0292476,0.0141944,0.0128319,0.0351936,0.0421814,0.0194762,0.0169529,0.0320728,0.0378608,0.0291529
26.888707483,0.0647912,0.0735358,0.0263896,0.0203048,0.0211106,0.0374389,0.040178,0.0195334,0.0218238,0.0332927,0.0560802,0.0353577
26.935147392,0.0640472,0.0724349,0.0229557,0.01365,0.0194145,0.039821,0.0407951,0.0181343,0.0166293,0.0316366,0.0418268,0.0312422
26.981587302,0.0672054,0.0618282,0.0144544,0.0120527,0.017199,0.0403736,0.0371019,0.0125173,0.0137141,0.0322366,0.032987,0.0237871
27.028027211,0.0663782,0.059784,0.0168402,0.0123288,0.0169553,0.0378472,0.035267,0.00931081,0.0124571,0.0332691,0.0293342,0.0225042
27.074467120,0.0850167,0.0508166,0.0448276,0.0455633,0.0385697,0.0299825,0.0593123,0.0242389,0.0201517,0.0354988,0.0371912,0.0350997
27.120907029,0.157552,0.148827,0.145839,0.151164,0.144016,0.153045,0.148593,0.136622,0.108691,0.0821637,0.094071,0.100947
27.167346939,0.110152,0.0979067,0.0836496,0.0779602,0.0519084,0.0406119,0.0374924,0.0443087,0.0393863,0.0289481,0.0192515,0.0121569
27.213786848,0.0565447,0.0493085,0.0407164,0.0325165,0.0247942,0.0111231,0.0136152,0.0140906,0.0107167,0.00569488,0.00911543,0.00817942
27.260226757,0.0413293,0.0470753,0.0202182,0.00946936,0.00909853,0.0261021,0.0330779,0.0146443,0.00926683,0.0132549,0.0135656,0.0156969
27.306666667,0.0551103,0.0660061,0.0256498,0.00886762,0.0123362,0.0355223,0.0422921,0.0176447,0.0058308,0.0196316,0.0244763,0.0185042
27.353106576,0.0559584,0.0679761,0.0243246,0.0123328,0.0100703,0.0384046,0.044873,0.0161083,0.0100615,0.0270028,0.0247835,0.0149644
27.399546485,0.0563668,0.0615759,0.0196084,0.010104,0.0142503,0.0404519,0.042975,0.0152471,0.0103286,0.0281561,0.0239291,0.0127684
27.445986395,0.0595624,0.0599988,0.0156732,0.00791236,0.0119893,0.0391395,0.038011,0.0102057,0.00822646,0.0282533,0.0230209,0.0143391
27.492426304,0.0631294,0.0578535,0.0137511,0.00977056,0.0123637,0.0401122,0.036001,0.00985901,0.0102021,0.0312183,0.0228622,0.0172811
27.538866213,0.0639882,0.0572194,0.0163288,0.0130054,0.0167944,0.0371609,0.0370475,0.00789056,0.00910835,0.0298722,0.0222368,0.0152102
27.585306122,0.0979524,0.0593719,0.0549147,0.0659758,0.0554079,0.0444212,0.0812459,0.0512623,0.0391647,0.0285891,0.0312898,0.0449512
27.631746032,0.139731,0.130399,0.12683,0.110412,0.106668,0.106617,0.10385,0.105371,0.0906865,0.0535542,0.0488553,0.0594753
27.678185941,0.103036,0.0894851,0.0725574,0.0685354,0.0431831,0.0191605,0.0267646,0.0347131,0.0363445,0.0165278,0.0189993,0.0154513
27.724625850,0.0399634,0.0252233,0.0368281,0.0428759,0.0168405,0.00677789,0.00765891,0.0149751,0.0272973,0.012748,0.00726107,0.00640685
27.771065760,0.014224,0.0091681,0.0417895,0.050081,0.0189263,0.00564819,0.00599102,0.0254294,0.0315669,0.0101003,0.00255303,0.00937812
27.817505669,0.0244047,0.0147251,0.0560738,0.0668255,0.0256904,0.00825834,0.00481767,0.0305121,0.0371371,0.0134413,0.00736995,0.0213002
27.863945578,0.0366239,0.0306443,0.0885724,0.0882451,0.0279086,0.031952,0.0299096,0.0581929,0.0838944,0.139954,0.139984,0.0710569
27.910385488,0.0258885,0.0207657,0.0690092,0.0688444,0.0208096,0.0139799,0.0119464,0.0401819,0.0374598,0.0255701,0.021578,0.0294617
27.956825397,0.0271263,0.0209763,0.0679864,0.0620504,0.0160963,0.0132952,0.0141368,0.0364479,0.0312232,0.0194436,0.0185536,0.0311318
28.003265306,0.0199174,0.0185778,0.0693631,0.0609654,0.0158349,0.0096292,0.0134787,0.03631,0.0330033,0.0190035,0.020713,0.0316369
28.049705215,0.0308844,0.025517,0.0734678,0.0589168,0.0147105,0.0121539,0.0170633,0.0315338,0.0294911,0.00656617,0.0134275,0.0302744
28.096145125,0.104813,0.0991945,0.0592061,0.102773,0.101721,0.0867278,0.0844856,0.0734807,0.0914047,0.0816552,0.0774212,0.0746215
28.142585034,0.158803,0.132679,0.106012,0.0824997,0.0903796,0.0815068,0.0664485,0.0770286,0.079346,0.0584596,0.0508805,0.0448578
28.189024943,0.0873849,0.0748001,0.0554827,0.0528945,0.0294398,0.0177054,0.0186007,0.022828,0.0197472,0.00952512,0.0194687,0.0189399
28.235464853,0.041488,0.0243442,0.0202924,0.0267937,0.0194362,0.00923353,0.00616355,0.0104163,0.0106786,0.0106219,0.0199622,0.0316176
28.281904762,0.0264667,0.00732751,0.0144786,0.0349349,0.0405604,0.0192887,0.0066778,0.0136684,0.0151038,0.0124708,0.0471518,0.0603211
28.328344671,0.0264093,0.0135093,0.0160808,0.0419716,0.0474747,0.0193375,0.0106998,0.0247349,0.0271876,0.0169726,0.0518704,0.063726
28.374784580,0.0220285,0.0170998,0.0162249,0.0525612,0.0605166,0.0230239,0.00833405,0.0285981,0.0272734,0.0143574,0.102066,0.105731
28.421224490,0.0287818,0.0188502,0.0193139,0.0468855,0.0516362,0.0177437,0.0133067,0.0291739,0.0285849,0.0203945,0.070897,0.077669
28.467664399,0.019396,0.00992779,0.0155299,0.0472203,0.0485876,0.0147473,0.00896592,0.0281078,0.0230544,0.0169222,0.0622114,0.0651442
28.514104308,0.0161781,0.0137198,0.0170371,0.046021,0.041942,0.0120616,0.0108735,0.0297602,0.0228419,0.0190265,0.0634479,0.0573717
28.560544218,0.0365893,0.0287103,0.0233297,0.0395371,0.0434994,0.0107123,0.017427,0.0362673,0.0304985,0.0227168,0.0599687,0.0610519
28.606984127,0.168536,0.172197,0.165316,0.159276,0.159813,0.14912,0.153352,0.144806,0.165734,0.166602,0.163271,0.135778
28.653424036,0.138971,0.124551,0.091593,0.0639948,0.0708918,0.0548032,0.0486969,0.0574422,0.0569474,0.0454804,0.0320933,0.0215783
28.699863946,0.07407,0.0608776,0.0469085,0.0445083,0.0221916,0.01331,0.0112794,0.0156195,0.0164943,0.0097685,0.0196825,0.0150129
28.746303855,0.0399229,0.0195478,0.0161618,0.0259586,0.0242424,0.0153148,0.0108122,0.0141561,0.013566,0.0112437,0.0262789,0.0407205
28.792743764,0.0239607,0.00705911,0.0134721,0.0366782,0.0442761,0.0196123,0.00711047,0.0160277,0.0163628,0.0101678,0.0420338,0.0562769
28.839183673,0.0241204,0.014828,0.0200146,0.0443279,0.0475555,0.015352,0.0120291,0.024145,0.0264378,0.017493,0.0464761,0.0547832
28.885623583,0.027922,0.0170316,0.0191423,0.0496848,0.0554091,0.0227816,0.0154044,0.0293477,0.0368184,0.0488654,0.0809243,0.0710924
28.932063492,0.0214659,0.0104346,0.0179971,0.049109,0.0477898,0.0164549,0.0109324,0.0255648,0.0333411,0.0427329,0.0808724,0.0705994
28.978503401,0.0216519,0.0101597,0.0172879,0.0482884,0.0458592,0.0131982,0.00972567,0.0285262,0.0302173,0.031331,0.0720817,0.0637594
29.024943311,0.0191349,0.0127266,0.0197437,0.0481408,0.041766,0.0135353,0.012342,0.0327275,0.0236556,0.0215017,0.0657235,0.0566816
29.071383220,0.0469708,0.0438165,0.0381394,0.0323031,0.0519742,0.0229479,0.0256718,0.0469841,0.0382601,0.0327714,0.0535344,0.0634068
29.117823129,0.179962,0.180279,0.153392,0.141368,0.148103,0.161797,0.154124,0.145325,0.13081,0.115325,0.12185,0.121348
29.164263039,0.12491,0.113086,0.0788139,0.0648984,0.0509862,0.0372132,0.0429294,0.0449286,0.0471685,0.0343129,0.024403,0.0152541
29.210702948,0.0669706,0.0518868,0.0357016,0.0502882,0.0196293,0.0210521,0.0227769,0.0213914,0.0283125,0.0218397,0.00927328,0.020115
29.257142857,0.0560108,0.0391041,0.0304822,0.0552369,0.0477066,0.024328,0.0283183,0.034273,0.0338268,0.0305842,0.0464258,0.0595569
29.303582766,0.0608553,0.0306889,0.0162647,0.0468815,0.0498958,0.0197824,0.0193468,0.0296759,0.0344224,0.0184938,0.0475857,0.0694006
29.350022676,0.0848746,0.0516051,0.0585511,0.0671805,0.0754049,0.0541873,0.0414434,0.0630335,0.074348,0.0529069,0.0237008,0.0644124
29.396462585,0.0858649,0.0420626,0.0490836,0.0730788,0.0629299,0.0380701,0.0456593,0.0422171,0.0471482,0.0438083,0.0566439,0.0632815
29.442902494,0.0725389,0.0218686,0.0184055,0.050832,0.0576866,0.0282852,0.0172068,0.0359673,0.0464589,0.0322185,0.0380187,0.0657703
29.489342404,0.122175,0.0613393,0.0797678,0.12084,0.114558,0.0787768,0.0792459,0.0945038,0.0981616,0.105211,0.14549,0.187701
29.535782313,0.0814534,0.0488079,0.0393373,0.0659319,0.0516956,0.0305609,0.0351066,0.0406097,0.0362272,0.0463875,0.0586923,0.0692719
29.582222222,0.0958747,0.0795442,0.0671568,0.0445593,0.0436134,0.0551365,0.0296699,0.044004,0.0652312,0.0458749,0.0568014,0.0638371
29.628662132,0.139984,0.165121,0.14963,0.10997,0.106695,0.114519,0.100642,0.11038,0.11458,0.0792685,0.0594016,0.0592751
29.675102041,0.10607,0.0980393,0.0665773,0.0614537,0.0355713,0.0250606,0.0320443,0.0382052,0.0369208,0.0239613,0.0255835,0.0200757
29.721541950,0.0522168,0.0381934,0.0265129,0.0314407,0.0167626,0.011053,0.00784656,0.00970589,0.0112156,0.00969366,0.0213045,0.0248414
29.767981859,0.0265706,0.00753189,0.0123592,0.0306916,0.035665,0.016157,0.00646881,0.0113376,0.0136714,0.0113703,0.0434191,0.0543032
29.814421769,0.0253526,0.0102632,0.0145735,0.0426518,0.0472622,0.0194241,0.0106895,0.0244852,0.0244442,0.0160254,0.0513261,0.0633669
29.860861678,0.081187,0.0513993,0.0449551,0.0638333,0.0621666,0.025608,0.0328911,0.0599378,0.0642524,0.120433,0.16498,0.148503
29.907301587,0.0287127,0.0139942,0.0220763,0.0518773,0.0531743,0.020512,0.0155633,0.0280853,0.0393259,0.0492055,0.0802906,0.0701644
29.953741497,0.016985,0.00886847,0.019096,0.048641,0.0465839,0.0144052,0.0121758,0.0284416,0.0312739,0.0339768,0.0734687,0.0657076
30.000181406,0.0214597,0.0142764,0.01636,0.0480611,0.0427076,0.0136857,0.0118261,0.0336094,0.0271574,0.0252894,0.0682729,0.0572918
30.046621315,0.0239071,0.0194344,0.0241172,0.0434184,0.0423289,0.0104615,0.0132759,0.0330556,0.025511,0.0225547,0.0612304,0.055342
30.093061224,0.113445,0.0992316,0.0744047,0.0643459,0.0958317,0.0763291,0.0753642,0.0787755,0.0495194,0.0576985,0.0576123,0.082421
30.139501134,0.151854,0.149281,0.115246,0.0995556,0.0945901,0.0832145,0.0697697,0.0839992,0.0785352,0.041656,0.046286,0.0472944
30.185941043,0.0971788,0.087333,0.0716649,0.0632361,0.0419853,0.0169042,0.0220938,0.0288638,0.0230308,0.0113951,0.0152772,0.0136988
30.232380952,0.0355087,0.034373,0.0450376,0.0265925,0.0122227,0.00825027,0.0134468,0.0113522,0.0111858,0.00975912,0.0101914,0.0115178
30.278820862,0.0155648,0.0451509,0.0561788,0.0251587,0.00905942,0.00905191,0.0274328,0.0326725,0.0165284,0.0101086,0.0268707,0.0229733
30.325260771,0.0206184,0.0549601,0.0676483,0.0303339,0.0125426,0.0143705,0.0380911,0.0372776,0.01552,0.0100441,0.0269901,0.0267164
30.371700680,0.0306972,0.0623366,0.0626592,0.0312617,0.03557,0.0218808,0.0365328,0.0493533,0.0238013,0.0212574,0.0816809,0.0800686
30.418140590,0.0258556,0.0682056,0.0640039,0.0255921,0.0145199,0.0124756,0.0393384,0.0432063,0.0177922,0.0135136,0.049339,0.0459235
30.464580499,0.0249707,0.0656711,0.0621302,0.0204064,0.0146847,0.0155596,0.0399013,0.0351325,0.01278,0.0182193,0.0441576,0.0365171
30.511020408,0.0207672,0.0671776,0.0599787,0.0138399,0.0096247,0.0111506,0.0378511,0.0335204,0.0106027,0.0141844,0.0349641,0.0258621
30.557460317,0.0331091,0.0854831,0.0741958,0.0270177,0.0188254,0.0199961,0.0349475,0.0321181,0.00555603,0.0161802,0.0367362,0.0264505
30.603900227,0.156293,0.180956,0.139665,0.15306,0.151317,0.14973,0.125609,0.129011,0.127594,0.127729,0.113005,0.0955458
30.650340136,0.130242,0.1362,0.121624,0.0885483,0.0723564,0.0519163,0.0394321,0.0583769,0.0624994,0.0526001,0.0372146,0.030005
30.696780045,0.0762392,0.0660091,0.0566541,0.0545113,0.036442,0.0161934,0.0113532,0.025551,0.0172927,0.00807017,0.0159631,0.0140333
30.743219955,0.0446053,0.0424635,0.0261823,0.0216504,0.0198733,0.0228453,0.0246396,0.0131818,0.00506276,0.014428,0.0519972,0.0489088
30.789659864,0.0489901,0.0616235,0.0249944,0.0116737,0.0158503,0.0298199,0.0394219,0.0175418,0.00715535,0.0204787,0.0377556,0.0308957
30.836099773,0.0592038,0.0718115,0.0270801,0.0139368,0.011972,0.0325732,0.0417819,0.0195381,0.0144349,0.03066,0.0356986,0.0275953
30.882539683,0.0638602,0.0684134,0.0266769,0.0157822,0.0199582,0.0333816,0.0380572,0.0118253,0.0172995,0.0309877,0.0507377,0.0356716
30.928979592,0.0684357,0.068555,0.0216713,0.0109219,0.0170235,0.0412643,0.0416071,0.0188151,0.0120071,0.0339981,0.044373,0.0359206
30.975419501,0.0693736,0.0577362,0.0186197,0.0216402,0.0242165,0.0468894,0.0397218,0.0170495,0.0198075,0.0364815,0.0298431,0.029481
31.021859410,0.0725604,0.0709712,0.0256361,0.0216051,0.0190818,0.0355445,0.0386821,0.0149222,0.0186441,0.0306291,0.0465394,0.0406508
31.068299320,0.0676422,0.0661621,0.0228199,0.0129341,0.016083,0.0363615,0.0369674,0.0154442,0.0183498,0.0342659,0.0364816,0.0362062
31.114739229,0.161776,0.0551408,0.0350586,0.0184288,0.0408644,0.057206,0.0366679,0.0254949,0.024587,0.0306183,0.0327783,0.169076
31.161179138,0.0507847,0.0187163,0.0102629,0.00734521,0.0193169,0.0218967,0.00979943,0.00638719,0.00423877,0.00308346,0.00495478,0.0456925
31.207619048,0.0237668,0.00522878,0.0032672,0.00433475,0.00813869,0.0109952,0.00477693,0.00303332,0.00230145,0.00385616,0.00381097,0.0245221
31.254058957,0.00370686,0.0032456,0.0030227,0.002179,0.00222278,0.00296106,0.00246268,0.00227581,0.00240006,0.00203598,0.00568917,0.00404546
31.300498866,0.00663007,0.00433975,0.00272684,0.00261499,0.00342278,0.00417513,0.00239316,0.00193812,0.00220567,0.00287602,0.00826684,0.0107998
31.346938776,0.00584766,0.00616096,0.00615987,0.00675374,0.00661406,0.00514248,0.00418804,0.00315915,0.00506232,0.00414006,0.00726864,0.00625604
31.393378685,0.0168916,0.00590481,0.00466655,0.0190832,0.0251794,0.00901282,0.00251952,0.00256729,0.00326144,0.00993523,0.0701414,0.0693137
31.439818594,0.011733,0.00499943,0.00389656,0.00994263,0.0109998,0.00459441,0.00327546,0.00281803,0.00193108,0.00625194,0.046357,0.0459288
31.486258503,0.00377873,0.00237247,0.00343019,0.00472523,0.00560018,0.00413854,0.00295667,0.00191159,0.00279925,0.00503976,0.00908825,0.0116112
31.532698413,0.00733032,0.0037105,0.00494416,0.00512577,0.00523597,0.00342262,0.0022547,0.00272652,0.00280631,0.00330872,0.00622521,0.00737382
31.579138322,0.00741135,0.00640823,0.00573677,0.00499929,0.00304939,0.00221746,0.00265053,0.00310605,0.00168759,0.00409427,0.00653401,0.00392575
31.625578231,0.085217,0.0809796,0.0162025,0.00523318,0.00634914,0.0317079,0.0361479,0.00845175,0.00567149,0.00627814,0.00800602,0.0119331
31.672018141,0.0446654,0.044728,0.0122772,0.00463214,0.00453549,0.0120833,0.0154757,0.00529698,0.00141509,0.00464022,0.0111265,0.0141207
31.718458050,0.0261115,0.0248276,0.00484071,0.00330229,0.00375068,0.00915,0.0111506,0.00465312,0.00196426,0.00441871,0.0100862,0.00484614
31.764897959,0.00867213,0.00759382,0.00390731,0.00476918,0.00357242,0.00567308,0.00696621,0.00376575,0.00182619,0.0021518,0.00250026,0.00396919
31.811337868,0.00500677,0.00597513,0.00369671,0.00427862,0.00562199,0.00414141,0.00405477,0.00237643,0.00307163,0.00449712,0.00716484,0.00799211
31.857777778,0.0778894,0.0613672,0.057917,0.041919,0.0254881,0.0206134,0.0214068,0.0214568,0.0542695,0.123927,0.155227,0.122318
31.904217687,0.00843391,0.00492918,0.0179551,0.0217658,0.00761769,0.00356778,0.00174794,0.0024678,0.0131502,0.0669251,0.0634175,0.0160328
31.950657596,0.00745519,0.00667024,0.0141897,0.0138128,0.00494715,0.00421138,0.00492288,0.00267872,0.00765459,0.0444586,0.0451207,0.0073866
31.997097506,0.00276832,0.00626113,0.00632925,0.00354452,0.00236416,0.00130858,0.00213533,0.00234849,0.00220004,0.0117564,0.0165954,0.00841993
32.043537415,0.00763769,0.00575799,0.00734584,0.00731639,0.00513125,0.00574694,0.00445724,0.00231276,0.00281313,0.00309557,0.00769765,0.0102875
32.089977324,0.0778417,0.080954,0.0786669,0.0767834,0.0727937,0.0659175,0.0596424,0.054983,0.050659,0.0479686,0.044601,0.0467917
32.136417234,0.137537,0.138145,0.124064,0.106667,0.104969,0.0959288,0.0761972,0.0891869,0.0868019,0.05352,0.0584961,0.0514271
32.182857143,0.0924884,0.0831092,0.0608229,0.058976,0.0329514,0.0210293,0.0237162,0.0282756,0.0254877,0.0138722,0.0196171,0.018718
32.229297052,0.0433789,0.0297239,0.0230941,0.0283548,0.0170522,0.00859491,0.00627336,0.0106095,0.0110314,0.0117691,0.0198341,0.0275723
32.275736961,0.0282192,0.00742331,0.01263,0.0312911,0.0360462,0.0175311,0.00610238,0.0120133,0.0131759,0.010951,0.0366144,0.0506948
32.322176871,0.026245,0.0148433,0.0168333,0.0446833,0.0528768,0.021396,0.00880339,0.0241622,0.0254503,0.0146877,0.0503014,0.0624734
32.368616780,0.0289717,0.0220393,0.0189334,0.055812,0.0706268,0.0255463,0.0134682,0.0344552,0.0289229,0.0288673,0.0951163,0.105798
32.415056689,0.0193004,0.0114305,0.0159052,0.0432119,0.0467131,0.0148936,0.0109458,0.0269743,0.0256357,0.0205369,0.0610156,0.0660994
32.461496599,0.0190174,0.0106533,0.0146792,0.0443343,0.0468588,0.0145759,0.00863291,0.0269307,0.023505,0.013867,0.0591717,0.0611804
32.507936508,0.0177254,0.0123362,0.0167232,0.0461245,0.0425007,0.0140802,0.0108768,0.029401,0.0238198,0.0166638,0.0573844,0.0546712
32.554376417,0.0284056,0.0217608,0.0244738,0.0414034,0.0429948,0.00754956,0.015185,0.0360825,0.0269125,0.0188174,0.0561452,0.0544276
32.600816327,0.134547,0.120526,0.109557,0.113659,0.128605,0.116826,0.115502,0.0986471,0.103352,0.0939626,0.10597,0.110597
32.647256236,0.148365,0.132053,0.0988266,0.0747596,0.0832751,0.0716313,0.0617516,0.0708827,0.0689632,0.0513657,0.0439784,0.0405044
32.693696145,0.0816378,0.0685146,0.0521864,0.0492632,0.0255526,0.0176268,0.0164367,0.0200001,0.0181416,0.007912,0.0198284,0.0148415
32.740136054,0.0391868,0.022361,0.0177283,0.0246748,0.0185191,0.0122051,0.00742164,0.0108674,0.0107379,0.00994444,0.020138,0.0312256
32.786575964,0.0256366,0.00826718,0.0138426,0.0346111,0.0411905,0.019176,0.00589974,0.0136872,0.0140382,0.0103819,0.0397988,0.0542188
32.833015873,0.0253769,0.0123944,0.017327,0.0427114,0.0485171,0.0182757,0.0098004,0.0257197,0.0244674,0.014948,0.047497,0.0619006
32.879455782,0.0237835,0.0160805,0.0163656,0.0464031,0.04973,0.0217133,0.0228623,0.0369841,0.0343306,0.0511206,0.0836622,0.0662926
32.925895692,0.0261578,0.0124302,0.0171022,0.0459209,0.0500887,0.0167179,0.0143929,0.0319723,0.028001,0.0253609,0.0641484,0.0636488
32.972335601,0.0196375,0.0117391,0.0164606,0.0441021,0.0442847,0.0151979,0.00833793,0.0295461,0.0270018,0.0213664,0.0626042,0.0600756
33.018775510,0.0155421,0.0100189,0.0163692,0.0463505,0.0406119,0.0110601,0.00980272,0.0287734,0.0213566,0.0173184,0.0616607,0.0559763
33.065215420,0.0348946,0.0339054,0.0328964,0.0333299,0.0454631,0.0158379,0.017639,0.0395703,0.0324971,0.0236619,0.0501334,0.0562998
33.111655329,0.180308,0.177613,0.182934,0.160948,0.155148,0.170471,0.173669,0.156275,0.157918,0.151744,0.137722,0.126109
33.158095238,0.1321,0.119891,0.0848038,0.0621474,0.0607754,0.0470835,0.0457411,0.0531455,0.0511432,0.0395062,0.0260053,0.0142531
33.204535147,0.0681033,0.056627,0.0429816,0.0414875,0.0193115,0.0122773,0.00836789,0.0122476,0.0151541,0.00940573,0.0181448,0.014434
33.250975057,0.0364065,0.0153677,0.0185742,0.0263058,0.0282462,0.0189471,0.0125431,0.0175936,0.019789,0.0170323,0.0327334,0.0401839
33.297414966,0.024598,0.00672136,0.0140443,0.0388803,0.0455649,0.0206106,0.00869875,0.0194012,0.0208965,0.013851,0.0487589,0.0604802
33.343854875,0.0202305,0.0124333,0.018543,0.0435967,0.0467053,0.0168424,0.00851964,0.0263255,0.0286937,0.0175869,0.0515152,0.0587079
33.390294785,0.0298538,0.015187,0.0160263,0.04275,0.052425,0.0198359,0.0077115,0.0279529,0.0246066,0.0177516,0.0690151,0.0704104
33.436734694,0.0236662,0.0102609,0.0164477,0.0465573,0.0485515,0.0174695,0.00931864,0.0287475,0.0296332,0.0225469,0.0664569,0.067672
33.483174603,0.0223063,0.0113201,0.0140872,0.0447153,0.0452399,0.0164258,0.011488,0.0307016,0.0275443,0.0202949,0.0601255,0.0621834
33.529614512,0.0222671,0.0149376,0.0202927,0.0463344,0.0427057,0.0130064,0.0122409,0.0308131,0.0230368,0.0193374,0.0649479,0.0554151
33.576054422,0.0542298,0.0512699,0.0403885,0.028101,0.0526716,0.0267421,0.0311612,0.0495353,0.0372233,0.0306387,0.0449847,0.0585925
33.622494331,0.166996,0.166965,0.145009,0.117656,0.140726,0.153666,0.135695,0.129518,0.126497,0.100065,0.10066,0.101835
33.668934240,0.117866,0.103836,0.0703752,0.0622952,0.0449342,0.0331448,0.0374647,0.0411525,0.0415288,0.0284175,0.0248011,0.0168608
33.715374150,0.0586534,0.0454542,0.0331526,0.0351187,0.0164826,0.0106378,0.00802705,0.0107891,0.0139732,0.00936539,0.0172701,0.0190877
33.761814059,0.0306346,0.00765767,0.0134322,0.0271117,0.0298369,0.0153228,0.00707619,0.01189,0.0126162,0.0115161,0.0328531,0.0463496
33.808253968,0.023763,0.00762926,0.0131429,0.0385055,0.0471308,0.0210946,0.00715609,0.0198221,0.0224249,0.0139009,0.0454506,0.0593043
33.854693878,0.0254864,0.0161806,0.0204709,0.0491318,0.0570721,0.0288235,0.0266579,0.0479332,0.0449064,0.0295732,0.0613626,0.0715288
33.901133787,0.0201554,0.0114728,0.0139403,0.0433087,0.0492305,0.0181115,0.00891727,0.0264241,0.0247146,0.00969065,0.0536086,0.060944
33.947573696,0.0173781,0.0103345,0.0151345,0.0444768,0.0466671,0.0159613,0.0101546,0.029195,0.0250497,0.0152862,0.0552445,0.060322
33.994013605,0.0158935,0.0105523,0.0147023,0.044179,0.0422856,0.0132725,0.0108162,0.0293487,0.0235299,0.0139449,0.0577795,0.0566247
34.040453515,0.0212631,0.0159386,0.0240388,0.0448496,0.0403364,0.0103237,0.012168,0.0313385,0.0222248,0.0176783,0.0580332,0.0533648
34.086893424,0.0875795,0.0776638,0.0590279,0.0433897,0.0780771,0.0520342,0.0533519,0.0617557,0.0357481,0.041271,0.0449947,0.0705538
34.133333333,0.149126,0.150597,0.128181,0.105693,0.106077,0.10221,0.0767893,0.0982389,0.0947454,0.0507881,0.0550168,0.0577695
34.179773243,0.103478,0.0886425,0.0723143,0.0688839,0.044427,0.0243884,0.025022,0.0365662,0.0304121,0.018895,0.0167604,0.0146214
34.226213152,0.0457281,0.0416058,0.0330894,0.0225504,0.0147382,0.0157182,0.017053,0.0127557,0.00851346,0.00712271,0.00701011,0.00881392
34.272653061,0.0418739,0.0522363,0.0194633,0.00581732,0.00998247,0.0273834,0.033305,0.0127083,0.00567324,0.0119995,0.0124076,0.0114969
34.319092971,0.0510885,0.0684492,0.028921,0.0118885,0.0152832,0.0361532,0.0432237,0.0189921,0.0105692,0.0220321,0.0257637,0.0131348
34.365532880,0.0778365,0.0740366,0.0297452,0.0266744,0.0262349,0.0423619,0.0427236,0.0174418,0.0231691,0.0421822,0.0899079,0.070469
34.411972789,0.0599123,0.0696157,0.0214521,0.00891866,0.0149929,0.038172,0.0393781,0.0150106,0.0126513,0.0282557,0.034366,0.028419
34.458412698,0.0635322,0.0624732,0.0180623,0.010546,0.0161049,0.039258,0.0364258,0.0133881,0.0139376,0.0339269,0.0321308,0.0246764
34.504852608,0.0642467,0.0589378,0.016466,0.0099182,0.0132411,0.0390014,0.0340671,0.0102827,0.0120679,0.0316253,0.0226015,0.0176345
34.551292517,0.0660594,0.0614279,0.0234593,0.0192066,0.0204861,0.0385317,0.0402296,0.0100295,0.0117765,0.0314666,0.0232725,0.0193518
34.597732426,0.117643,0.0706738,0.114529,0.116809,0.113092,0.121487,0.121202,0.0797117,0.0571171,0.0544734,0.0834073,0.0913496
34.644172336,0.130432,0.125599,0.118595,0.0944678,0.0975862,0.0849481,0.0662521,0.0733433,0.0663155,0.0532343,0.0529029,0.0381963
34.690612245,0.081142,0.0655882,0.0551906,0.0582128,0.0381506,0.02204,0.0160409,0.0283573,0.0200378,0.0113521,0.0164856,0.0143247
34.737052154,0.0405493,0.0432147,0.0247591,0.0112398,0.0110203,0.0183918,0.0223729,0.0112303,0.00563317,0.00688517,0.00593135,0.00943421
34.783492063,0.044555,0.0588427,0.0256448,0.00831999,0.011534,0.0300102,0.0368861,0.0154951,0.00567109,0.0136273,0.0138053,0.0110827
34.829931973,0.0524872,0.070071,0.0283287,0.00967139,0.0108559,0.0373633,0.0439885,0.0173739,0.0102687,0.0263727,0.0271849,0.0133376
34.876371882,0.0698458,0.0721186,0.0234624,0.0216685,0.0237508,0.0420832,0.0408015,0.0177608,0.0157141,0.0361429,0.0532213,0.0414698
34.922811791,0.0625784,0.0656421,0.0193413,0.00960244,0.0152501,0.0398902,0.0407155,0.0180577,0.0127304,0.031129,0.0333245,0.023158
34.969251701,0.06466,0.0618649,0.015697,0.0107082,0.0139112,0.0386779,0.0373575,0.0109696,0.0100829,0.0308043,0.0263683,0.0211214
35.015691610,0.0635254,0.0579981,0.0146641,0.00975112,0.0116229,0.037834,0.0342081,0.00936152,0.00964242,0.0293982,0.0226109,0.0157452
35.062131519,0.0726763,0.0554651,0.028828,0.0243021,0.024383,0.0291851,0.0446177,0.0131576,0.0118359,0.0306118,0.026289,0.0205206
35.108571429,0.167586,0.164702,0.181255,0.190101,0.164283,0.17251,0.183303,0.149488,0.141667,0.141253,0.133393,0.120553
35.155011338,0.122003,0.112826,0.0982921,0.0775876,0.0697836,0.0563637,0.0460066,0.0561017,0.050179,0.0410615,0.0290824,0.0143817
35.201451247,0.0709167,0.0563831,0.0475038,0.0453959,0.0319911,0.0145768,0.0127322,0.0201243,0.0131484,0.00662002,0.0128991,0.0114271
35.247891156,0.0381727,0.0449889,0.0186709,0.00801253,0.00746839,0.0247603,0.0298594,0.0125985,0.00778984,0.0105203,0.00994846,0.0110602
35.294331066,0.0459128,0.0599831,0.025383,0.0108048,0.0102712,0.0320101,0.0385026,0.0144661,0.00591965,0.016677,0.0217737,0.014046
35.340770975,0.0573764,0.0698204,0.0254596,0.0114049,0.00956541,0.0336001,0.0454372,0.0198037,0.0147391,0.0288123,0.0265117,0.0164921
35.387210884,0.0723862,0.0677722,0.0236577,0.0129199,0.0134242,0.0376972,0.0400439,0.0150733,0.0187086,0.0256048,0.0274206,0.029414
35.433650794,0.0731113,0.0696272,0.0238659,0.013241,0.0157063,0.0433221,0.0437835,0.0177141,0.0138279,0.0313495,0.0236396,0.028236
35.480090703,0.0679557,0.0610499,0.0162009,0.0106593,0.0154459,0.0404053,0.0361437,0.00950837,0.0125598,0.0305909,0.020416,0.0213033
35.526530612,0.063227,0.0589981,0.0154264,0.010127,0.012747,0.0375006,0.0358111,0.00872675,0.00845218,0.0275504,0.019541,0.0154067
35.572970522,0.0829872,0.0535979,0.0435865,0.0415442,0.0364065,0.0292884,0.0565824,0.0234456,0.0197001,0.0319836,0.0302581,0.0297071
35.619410431,0.16816,0.15576,0.146355,0.152429,0.145218,0.163335,0.15774,0.142258,0.117346,0.0902537,0.101699,0.109258
35.665850340,0.111643,0.0995334,0.0852462,0.078734,0.0525378,0.0442924,0.0417264,0.046541,0.0440729,0.0322355,0.0206013,0.0122131
35.712290249,0.058113,0.0487602,0.0415807,0.0340648,0.0251167,0.0121178,0.0142679,0.0154134,0.0106472,0.00582206,0.00918239,0.00889807
35.758730159,0.0383985,0.0461027,0.0184269,0.00762768,0.00834219,0.0230964,0.0304774,0.0138308,0.00561305,0.00922593,0.00976012,0.0118543
35.805170068,0.0480591,0.0621867,0.0246987,0.00783039,0.00917855,0.0324031,0.0415477,0.0170521,0.00637667,0.0199696,0.0209127,0.0110938
35.851609977,0.0593565,0.0702414,0.0235346,0.0113287,0.0121122,0.0433962,0.0530004,0.0257844,0.0180886,0.0338701,0.0311476,0.022233
35.898049887,0.0601193,0.0661923,0.0237417,0.0109008,0.0153882,0.0441833,0.046445,0.0177178,0.0137527,0.0319558,0.0276877,0.0165279
35.944489796,0.0605392,0.0609075,0.0193127,0.0108682,0.0145437,0.043627,0.0427874,0.0186529,0.0135448,0.0305347,0.0244761,0.0177692
35.990929705,0.0683179,0.0610587,0.01606,0.0109745,0.0158691,0.0466185,0.0392803,0.0154559,0.0131779,0.032706,0.0253916,0.0195847
36.037369615,0.0627691,0.0572655,0.0158255,0.013883,0.0163336,0.0374222,0.0369082,0.0104302,0.00995609,0.0293535,0.0202863,0.0162638
36.083809524,0.0933772,0.0541885,0.0534572,0.0644333,0.0533137,0.0432373,0.0773153,0.0470919,0.0365334,0.0297862,0.0327925,0.0432745
36.130249433,0.13681,0.133021,0.129159,0.11386,0.118189,0.116785,0.108803,0.107893,0.0911053,0.0533632,0.0640117,0.064201
36.176689342,0.100894,0.0872823,0.0635212,0.0648102,0.0390326,0.0259277,0.029831,0.0346117,0.0324178,0.0180725,0.0200159,0.0198886
36.223129252,0.0478978,0.0349634,0.0257113,0.0302184,0.0168889,0.00756762,0.00716717,0.0109109,0.0126386,0.00974114,0.0166647,0.0234825
36.269569161,0.0256339,0.00708519,0.0129879,0.0289336,0.0351208,0.0187356,0.00830484,0.0113367,0.0132767,0.011619,0.0334613,0.0466378
36.316009070,0.0221244,0.00945754,0.0125786,0.0387625,0.0462594,0.020562,0.0107768,0.0244578,0.0241517,0.0136874,0.0453074,0.0578437
36.362448980,0.0516587,0.0503149,0.0408697,0.0643947,0.0718499,0.0280943,0.0181151,0.0428563,0.0449647,0.0280327,0.106542,0.129874
36.408888889,0.0256562,0.0115556,0.0128898,0.0469697,0.0539447,0.020951,0.0108863,0.029224,0.0255803,0.019407,0.0655114,0.0723919
36.455328798,0.022278,0.0131562,0.0177857,0.0450655,0.0460005,0.0159217,0.00757629,0.0273203,0.0264588,0.0212979,0.0660088,0.0681073
36.501768707,0.0179506,0.0103235,0.0154118,0.0468476,0.0446148,0.0123312,0.00929733,0.0310303,0.0260208,0.0177322,0.0581985,0.0598168
36.548208617,0.0257691,0.0199488,0.0228196,0.0420402,0.0426439,0.00826452,0.0138148,0.0329478,0.0251977,0.0181994,0.0583853,0.0536147
36.594648526,0.111178,0.0894966,0.0786445,0.0885601,0.102013,0.0841875,0.0905555,0.0715955,0.0783116,0.0620213,0.0795132,0.0890351
36.641088435,0.152926,0.136776,0.107076,0.0908485,0.0993015,0.0895818,0.0753688,0.0843147,0.0813022,0.05316,0.055882,0.0500111
36.687528345,0.0894462,0.0767961,0.0568422,0.0541079,0.0292902,0.0209129,0.0230388,0.025411,0.0210761,0.0114719,0.0215483,0.0181277
36.733968254,0.0470879,0.0299328,0.0225482,0.0284197,0.0188478,0.0195275,0.0207938,0.0281115,0.0263993,0.0184409,0.0245834,0.0327803
36.780408163,0.0261878,0.00772839,0.0129939,0.0327373,0.03989,0.0199244,0.00615003,0.0130576,0.0139796,0.0103153,0.0409187,0.0555188
36.826848073,0.0252792,0.0119697,0.0156373,0.0414406,0.0481974,0.0198924,0.0103992,0.023324,0.0257432,0.0124874,0.047827,0.062184
36.873287982,0.0326522,0.0261855,0.0277179,0.0562119,0.0604043,0.0287662,0.0172785,0.029378,0.0303431,0.0494143,0.0843694,0.0690344
36.919727891,0.019473,0.0102021,0.0125471,0.0449488,0.0512706,0.0172654,0.0117217,0.0263616,0.0270568,0.0257185,0.0651803,0.0669912
36.966167800,0.0164629,0.00938019,0.0165199,0.0466867,0.0460022,0.0163171,0.0128676,0.0280203,0.0248282,0.0219283,0.0606511,0.0590589
37.012607710,0.01451,0.00947,0.0164965,0.0461225,0.0408195,0.0113155,0.00966065,0.0280072,0.0212909,0.0173826,0.0586584,0.0549426
37.059047619,0.0306423,0.027657,0.0269809,0.0371381,0.0433627,0.0109818,0.016244,0.0389276,0.0323821,0.0248008,0.0552163,0.0573132
37.105487528,0.175509,0.181855,0.166694,0.146998,0.165308,0.159385,0.162187,0.155996,0.146133,0.145176,0.135038,0.137926
37.151927438,0.13941,0.128418,0.0954337,0.0647553,0.0723684,0.0566508,0.0480144,0.0623887,0.0584845,0.0462452,0.0342238,0.0199065
37.198367347,0.0752646,0.063429,0.0487543,0.0455214,0.0233435,0.0153532,0.0125572,0.0161547,0.0167246,0.00820069,0.0187305,0.0134257
37.244807256,0.0369407,0.0182423,0.0174901,0.0246334,0.0210809,0.0131132,0.00726381,0.0105122,0.0110001,0.0101769,0.0229968,0.0335068
37.291247166,0.0243987,0.00796981,0.013378,0.0355238,0.0455102,0.0208839,0.00781878,0.0156717,0.0158876,0.0107609,0.0419247,0.054142
37.337687075,0.0245099,0.0135787,0.0202441,0.0450748,0.0494073,0.0188606,0.0119146,0.0249566,0.0258042,0.0166298,0.0479946,0.0588044
37.384126984,0.0359387,0.018021,0.0141235,0.0486821,0.0613454,0.0267262,0.0136541,0.0290829,0.0331643,0.0370933,0.0868273,0.0943428
37.430566893,0.0264093,0.0141549,0.0150921,0.0436645,0.0486027,0.0187337,0.0156939,0.0329343,0.0269558,0.0259872,0.0742823,0.0778461
37.477006803,0.0178541,0.0120456,0.0152847,0.0465263,0.044508,0.0149515,0.00871187,0.0282235,0.0261078,0.0118061,0.0628416,0.0635704
37.523446712,0.0179042,0.0118442,0.0178196,0.045045,0.0408732,0.0136229,0.0109103,0.0298434,0.0227793,0.0149211,0.0582672,0.0549657
37.569886621,0.0432959,0.0397162,0.0351321,0.0301644,0.0462255,0.0198544,0.0224719,0.0434645,0.0348424,0.0277595,0.0478991,0.0589655
37.616326531,0.176675,0.178665,0.156801,0.14273,0.147343,0.160309,0.154151,0.146756,0.146186,0.131833,0.126479,0.124132
37.662766440,0.12571,0.112059,0.0776836,0.0633882,0.0539034,0.042727,0.0456091,0.0477785,0.0504281,0.038207,0.0298308,0.0197923
37.709206349,0.0635893,0.0518139,0.0390654,0.038798,0.0176012,0.0108235,0.00781397,0.0110747,0.0153612,0.00915029,0.0191728,0.0172373
37.755646259,0.0326981,0.00977985,0.0143059,0.0256715,0.0279291,0.0161875,0.00945902,0.0144836,0.0138586,0.0115836,0.027093,0.0405922
37.802086168,0.0240538,0.00608118,0.0121375,0.0364915,0.0448966,0.0190598,0.00718921,0.0183345,0.019018,0.0127734,0.0433623,0.0576024
37.848526077,0.0198297,0.0117229,0.0190361,0.0461146,0.0535834,0.0208799,0.0122823,0.0297844,0.0286569,0.0147196,0.0507774,0.063736
37.894965986,0.0207318,0.0114602,0.0141794,0.0479944,0.0541724,0.0190951,0.0123551,0.0313119,0.0297185,0.0196466,0.0558354,0.0632135
37.941405896,0.0155122,0.00926659,0.0141119,0.0447726,0.0473128,0.0139839,0.00984909,0.0281045,0.0249386,0.0142409,0.0524164,0.0577158
37.987845805,0.0175857,0.00923761,0.0147069,0.045473,0.0437026,0.0139794,0.00697739,0.027126,0.023928,0.0154177,0.055596,0.057222
38.034285714,0.0175448,0.0159387,0.0201333,0.0434331,0.0391817,0.0111172,0.0119104,0.0321791,0.022318,0.0168826,0.0584902,0.0525299
38.080725624,0.0701493,0.061672,0.0484102,0.029549,0.0630514,0.0375794,0.0439529,0.0581038,0.0404518,0.0395032,0.0477175,0.0665547
38.127165533,0.15859,0.157252,0.138339,0.117902,0.121817,0.119194,0.100113,0.108691,0.103615,0.067065,0.0640483,0.0776811
38.173605442,0.11593,0.11012,0.0774068,0.0680794,0.0477069,0.0254986,0.0302082,0.0378183,0.0331879,0.0195909,0.0169766,0.0117103
38.220045351,0.0460997,0.0399953,0.0478154,0.0370947,0.018956,0.0105648,0.00963452,0.00832192,0.0110842,0.00778994,0.00525166,0.00610817
38.266485261,0.0159923,0.039711,0.0485166,0.0200517,0.00845311,0.0127468,0.0263485,0.0310266,0.0162566,0.0066362,0.00988797,0.0119085
38.312925170,0.0135349,0.0544903,0.0665485,0.0253951,0.00771234,0.0106273,0.035872,0.0402554,0.013991,0.00852507,0.0229255,0.0216101
38.359365079,0.089814,0.112366,0.093594,0.0472125,0.0389988,0.0354816,0.0665518,0.0873726,0.0658663,0.0573947,0.105404,0.126075
38.405804989,0.0218463,0.0674173,0.068584,0.0216424,0.0119283,0.010737,0.0373634,0.0403304,0.0171562,0.0170867,0.0341946,0.0359661
38.452244898,0.0186564,0.0649709,0.0624784,0.0142504,0.00970611,0.0115822,0.0406314,0.0370345,0.011514,0.0125902,0.0325812,0.0250307
38.498684807,0.0197505,0.0659013,0.0595999,0.0136292,0.00475273,0.0148613,0.0428441,0.0360673,0.0175434,0.0198453,0.0293242,0.0225837
38.545124717,0.0271518,0.0790445,0.0690747,0.023122,0.0137441,0.0173222,0.0390132,0.0344244,0.0106616,0.0133927,0.0328009,0.0226867
38.591564626,0.107257,0.132542,0.082961,0.0933174,0.0897521,0.0803085,0.0511286,0.0593694,0.0629404,0.068051,0.0696758,0.0476058
38.638004535,0.136408,0.146217,0.131753,0.110891,0.0941065,0.0813466,0.0593986,0.0800206,0.088564,0.0597339,0.0554088,0.0569355
38.684444444,0.0892887,0.0814182,0.0710142,0.066846,0.0404858,0.0211484,0.0193416,0.0314683,0.0250576,0.0152389,0.0170397,0.0151588
38.730884354,0.0435181,0.042554,0.0329392,0.0193406,0.0127078,0.018608,0.0194746,0.011949,0.00715731,0.00875258,0.00808653,0.00877001
38.777324263,0.0433228,0.0559403,0.0243986,0.00806006,0.0129339,0.0302097,0.0367376,0.017888,0.00643857,0.0137957,0.0167775,0.0140509
38.823764172,0.0520163,0.0669758,0.0255075,0.00903871,0.0121581,0.0348029,0.0413917,0.0169169,0.00958877,0.0256706,0.0252623,0.0121477
38.870204082,0.0696616,0.0763685,0.0283511,0.0259095,0.0244332,0.0383785,0.0447955,0.0190192,0.0201146,0.0415077,0.0860448,0.0667959
38.916643991,0.0608411,0.062339,0.0185814,0.00885176,0.0148871,0.0399372,0.0412494,0.0181174,0.0117955,0.0346081,0.0400218,0.0270145
38.963083900,0.0652318,0.0590183,0.0167474,0.0102042,0.0140492,0.0400294,0.0362221,0.00938421,0.0114467,0.035233,0.0338414,0.0270078
39.009523810,0.0660171,0.0614468,0.0196027,0.00981364,0.014382,0.0401829,0.0370461,0.0150817,0.0215785,0.0375834,0.0278974,0.0228122
39.055963719,0.0668458,0.0589709,0.0247296,0.0194732,0.0184375,0.0390225,0.0434721,0.0123099,0.0145398,0.0332372,0.0258285,0.022153
39.102403628,0.13887,0.106284,0.141866,0.144265,0.138414,0.148878,0.143934,0.0988183,0.0726599,0.0744566,0.0945247,0.102525
39.148843537,0.133748,0.124924,0.102219,0.0867612,0.083186,0.0624993,0.058073,0.062392,0.0534427,0.0400283,0.0319427,0.0277852
39.195283447,0.0808865,0.0668525,0.0634766,0.0570025,0.0382752,0.0149832,0.0156951,0.0208752,0.0174811,0.00787022,0.0126907,0.0123193
39.241723356,0.0277912,0.0336096,0.0436141,0.0197786,0.00706878,0.00831614,0.0168237,0.0153261,0.0131812,0.00964268,0.00777511,0.00890751
39.288163265,0.0156792,0.050453,0.0609614,0.0224374,0.00838209,0.0102696,0.0303777,0.0370824,0.015923,0.00621573,0.0185193,0.0210016
39.334603175,0.0225877,0.0584082,0.0667645,0.0263372,0.0131168,0.0139815,0.0402132,0.0423053,0.0149431,0.0118528,0.0299889,0.0285306
39.381043084,0.0226941,0.0619756,0.0660323,0.0267727,0.019391,0.0184023,0.042989,0.0533148,0.0270053,0.0230481,0.0436971,0.0374283
39.427482993,0.0169714,0.0659155,0.0652675,0.018444,0.00764902,0.0094824,0.0384343,0.0371173,0.0134,0.0113985,0.0352974,0.0276362
39.473922902,0.0240044,0.06859,0.0631143,0.014527,0.00911182,0.0187678,0.0436226,0.0428057,0.0146077,0.020342,0.035231,0.0304206
39.520362812,0.0213016,0.0670487,0.0597208,0.0151348,0.00757386,0.0113456,0.0399137,0.0352807,0.0135305,0.0136743,0.026035,0.0213817
39.566802721,0.0432113,0.0920043,0.0751672,0.0395074,0.0285506,0.024756,0.0369045,0.0367414,0.00972378,0.0210105,0.0405014,0.0332878
39.613242630,0.180441,0.191835,0.184854,0.191939,0.157965,0.170572,0.141155,0.156128,0.161406,0.153572,0.141255,0.132653
39.659682540,0.121208,0.12011,0.0955392,0.0752023,0.0558492,0.03565,0.0361162,0.0431198,0.04865,0.0388155,0.0241224,0.0158164
39.706122449,0.0623005,0.0532449,0.0475016,0.0406445,0.0264228,0.0125071,0.00763682,0.0136451,0.0153661,0.00903792,0.0109924,0.00943309
39.752562358,0.014383,0.0103013,0.00842896,0.00666203,0.0068687,0.00389048,0.0039993,0.00702861,0.00902303,0.00776347,0.00599134,0.00591609
39.799002268,0.00422984,0.00297939,0.00220101,0.00445738,0.00456251,0.00291991,0.0016758,0.00497741,0.00615219,0.00551554,0.0051625,0.00368049
39.845442177,0.00842495,0.00495927,0.00497612,0.00682789,0.00438778,0.00463251,0.00548922,0.00637549,0.00680353,0.00930275,0.00723008,0.00976823
39.891882086,0.0108685,0.00949238,0.0118466,0.0082912,0.0118005,0.010341,0.0102055,0.0127279,0.0175095,0.0123507,0.0136736,0.0126719
39.938321995,0.00930253,0.00474452,0.00593152,0.00592355,0.00436424,0.00684389,0.00632176,0.00930915,0.0120156,0.00774744,0.0126973,0.0120435
39.984761905,0.0215902,0.0119033,0.0154472,0.0174605,0.0178147,0.0127656,0.0147538,0.0205879,0.0216874,0.0221696,0.0192101,0.0293479
40.031201814,0.00617826,0.00670965,0.00620612,0.00383873,0.00693817,0.00808932,0.00891365,0.0099083,0.0120189,0.00861218,0.0104052,0.00543243
40.077641723,0.0410263,0.042766,0.0407536,0.0405722,0.0399127,0.0302151,0.027638,0.0234466,0.0253043,0.024573,0.0199851,0.0234578
40.124081633,0.147786,0.155213,0.154595,0.136314,0.134548,0.133513,0.119513,0.118904,0.115876,0.0989711,0.0950304,0.0851838
40.170521542,0.112507,0.0990777,0.0719541,0.0684327,0.0440139,0.0317259,0.0352326,0.0400641,0.0399119,0.0257738,0.0223225,0.0192228
40.216961451,0.0531092,0.0411422,0.0314351,0.0336838,0.018255,0.00784025,0.00738932,0.00999998,0.0138081,0.00982819,0.0154372,0.0214803
40.263401361,0.027764,0.00692132,0.0125045,0.0273387,0.0309188,0.0147545,0.00729647,0.0104697,0.012263,0.0110657,0.0319841,0.0433882
40.309841270,0.0239541,0.00909218,0.0153237,0.0410586,0.0491958,0.0208531,0.00901611,0.0235926,0.023884,0.0133121,0.0479942,0.0618821
40.356281179,0.0752062,0.0640737,0.0580691,0.0768316,0.0685377,0.0308465,0.0353597,0.0644973,0.0644305,0.0592964,0.100011,0.124153
40.402721088,0.0328333,0.0146206,0.0139677,0.0439662,0.0522796,0.0175149,0.00744181,0.0283368,0.0295465,0.0214655,0.0708075,0.0791356
40.449160998,0.0216374,0.0124412,0.0161989,0.0469614,0.0470972,0.0143148,0.0103967,0.0303461,0.024899,0.0147903,0.0614154,0.0637
40.495600907,0.0157286,0.0107872,0.0137436,0.0440355,0.0423554,0.0125922,0.0112135,0.0292509,0.0243869,0.0162954,0.0583218,0.0560584
40.542040816,0.0205536,0.0151438,0.0203343,0.044717,0.0426942,0.0103512,0.013551,0.0317418,0.0232717,0.0179954,0.0577407,0.0532154
40.588480726,0.0863052,0.0674559,0.0586826,0.068654,0.0779015,0.0565434,0.0662889,0.043072,0.0577759,0.0409541,0.0630737,0.0722826
40.634920635,0.151343,0.14332,0.117002,0.100093,0.106805,0.101416,0.0833523,0.0959193,0.0973874,0.05825,0.0619058,0.0633791
40.681360544,0.100267,0.0864771,0.0605846,0.0581896,0.0327031,0.0224802,0.028828,0.0329079,0.0289554,0.0147426,0.0208923,0.0167659
40.727800454,0.0489332,0.0327561,0.0230262,0.0278269,0.0162979,0.0108244,0.00734346,0.00977895,0.00897369,0.0083521,0.0199978,0.0263785
40.774240363,0.0248832,0.00612065,0.0130461,0.0293588,0.0352064,0.0178929,0.00711248,0.0124002,0.0147305,0.0113079,0.0368501,0.0496201
40.820680272,0.0232371,0.00977448,0.0154004,0.0401389,0.0475793,0.0185363,0.00960071,0.022385,0.0240091,0.0146608,0.0466996,0.0606857
40.867120181,0.0255641,0.0199257,0.0270856,0.0570143,0.0512012,0.0250608,0.0197586,0.0304068,0.034262,0.0623932,0.090591,0.0676445
40.913560091,0.0236529,0.0132682,0.0152708,0.044042,0.0447029,0.0171363,0.0123274,0.031946,0.0274958,0.0266231,0.0629648,0.0604388
40.960000000,0.020644,0.011431,0.0154251,0.0460061,0.0475955,0.016486,0.0110196,0.0307775,0.0303868,0.0244188,0.0650368,0.0638672
41.006439909,0.0167107,0.01154,0.0152936,0.0468471,0.0438373,0.012227,0.0111676,0.0319887,0.0236069,0.0178493,0.0603292,0.0564209
41.052879819,0.0278855,0.0228857,0.0259132,0.0395289,0.0426131,0.010116,0.0164665,0.033702,0.0278683,0.0190741,0.0562084,0.0538414
41.099319728,0.140497,0.127099,0.103126,0.0907002,0.122863,0.11371,0.114217,0.112295,0.090147,0.082213,0.0779745,0.0987441
41.145759637,0.149711,0.136979,0.104524,0.0783301,0.087257,0.0755652,0.0641577,0.0753264,0.0705895,0.0506972,0.0421229,0.0329214
41.192199546,0.0835982,0.0718125,0.053687,0.0504198,0.0274548,0.0177781,0.017518,0.0209342,0.0189523,0.00840831,0.0190844,0.0143956
41.238639456,0.0424127,0.0254548,0.0229124,0.0283351,0.0215805,0.0172264,0.013005,0.0156084,0.015198,0.0171368,0.0239473,0.032016
41.285079365,0.025363,0.00821216,0.0150763,0.0357883,0.0423861,0.0205332,0.0079874,0.015137,0.0192117,0.0157747,0.0402261,0.0552304
41.331519274,0.0254811,0.0133323,0.019197,0.0456813,0.0492398,0.0206325,0.0107723,0.026919,0.0286127,0.0155333,0.0478571,0.0624756
41.377959184,0.0332507,0.019895,0.0133903,0.0519913,0.0607247,0.0211729,0.0089808,0.030473,0.0351347,0.0283354,0.0884791,0.09614
41.424399093,0.024102,0.0167758,0.0182119,0.0473563,0.0512633,0.0188085,0.0111225,0.0299291,0.0298098,0.0170116,0.0694004,0.0722514
41.470839002,0.0180123,0.00996922,0.0149876,0.043346,0.0445141,0.0136432,0.00783429,0.0270296,0.023451,0.015464,0.0601284,0.0609841
41.517278912,0.0167668,0.0121875,0.0161677,0.042797,0.0391449,0.0120689,0.0134831,0.0303686,0.0236805,0.0150002,0.0588922,0.0552534
41.563718821,0.0349978,0.0324114,0.0313435,0.03375,0.0424124,0.0152783,0.0187555,0.0378992,0.0310153,0.0252931,0.0503452,0.0560142
41.610158730,0.185869,0.189047,0.174313,0.154524,0.157469,0.162781,0.163101,0.148555,0.164074,0.166436,0.145882,0.139465
41.656598639,0.132293,0.120515,0.0865206,0.0600546,0.0633353,0.0479316,0.0453346,0.0527823,0.0560801,0.0420855,0.0290706,0.0156105
41.703038549,0.069831,0.0572223,0.0439898,0.0428953,0.0205545,0.0118703,0.00912109,0.0135372,0.0164913,0.00849431,0.0190267,0.0150766
41.749478458,0.0354251,0.014581,0.0157371,0.0253515,0.0239753,0.0130951,0.00628615,0.00965165,0.0114752,0.012037,0.0251915,0.0367312
41.795918367,0.023214,0.00727922,0.0124438,0.0351883,0.0438154,0.01953,0.00598507,0.0158121,0.0155041,0.00910107,0.0429747,0.05579
41.842358277,0.0204817,0.0108305,0.0160762,0.0429953,0.0491507,0.0181886,0.00979809,0.0251371,0.024807,0.0138245,0.0494564,0.06222
41.888798186,0.0186054,0.00832014,0.0098247,0.0425972,0.0475522,0.0131208,0.00725821,0.0231358,0.0251813,0.012379,0.0524427,0.0611772
41.935238095,0.0171047,0.00856706,0.0143626,0.0433862,0.0440895,0.0146603,0.0105298,0.0299958,0.0274298,0.0151151,0.0544451,0.0596941
41.981678005,0.0177467,0.00872512,0.0129265,0.0419646,0.0426451,0.0139673,0.00856889,0.0278974,0.0233233,0.0130707,0.0559391,0.0582845
42.028117914,0.0203512,0.014482,0.0204202,0.043998,0.041235,0.0133516,0.0121484,0.0298218,0.023321,0.0147387,0.0604219,0.0548429
42.074557823,0.0525032,0.0502009,0.0419359,0.0245306,0.0532973,0.023628,0.0268139,0.0463467,0.036789,0.0270683,0.0455504,0.0597882
42.120997732,0.176468,0.172487,0.147732,0.1342,0.142727,0.145383,0.133078,0.126796,0.116879,0.0949591,0.0986341,0.107398
42.167437642,0.121554,0.107373,0.0846166,0.073088,0.0493503,0.0353443,0.0373813,0.04484,0.0412998,0.028396,0.0179163,0.0139615
42.213877551,0.0576237,0.04842,0.0395906,0.0345051,0.0245067,0.0132708,0.013235,0.016491,0.0114693,0.00528686,0.00952441,0.0114172
42.260317460,0.0388725,0.0467981,0.0192198,0.00522999,0.00809175,0.0238467,0.0301729,0.0122442,0.00670042,0.0121902,0.0124846,0.0118808
42.306757370,0.0502937,0.0660864,0.0263331,0.00853614,0.0125142,0.0362054,0.042844,0.0172339,0.00844285,0.0217491,0.0238598,0.0132064
42.353197279,0.0733304,0.0678796,0.0337099,0.0254634,0.0162504,0.0410162,0.0490712,0.0231339,0.016052,0.0372944,0.0356599,0.0373105
42.399637188,0.0647576,0.0694845,0.0238971,0.0125145,0.0152287,0.0378042,0.0410753,0.017631,0.0165243,0.0336416,0.0377958,0.0288327
42.446077098,0.062125,0.0639595,0.0169635,0.00936895,0.0153593,0.0396021,0.0396177,0.0129428,0.00768755,0.0293224,0.0291952,0.0230175
42.492517007,0.061126,0.0568054,0.0122055,0.00878899,0.0144334,0.0391948,0.0354557,0.00861462,0.00998057,0.0293663,0.0233584,0.0166329
42.538956916,0.0632875,0.0588557,0.0179956,0.0135538,0.0152977,0.037756,0.0373264,0.00993196,0.0110727,0.0290838,0.0230048,0.0184277
42.585396825,0.085571,0.0460285,0.0751136,0.0721007,0.0583562,0.066599,0.0778362,0.0377366,0.0284804,0.0324967,0.0505682,0.0530605
42.631836735,0.125153,0.131831,0.138239,0.119927,0.116677,0.114386,0.095065,0.0949046,0.0865259,0.0565653,0.064008,0.0654761
42.678276644,0.0960888,0.0839343,0.0724468,0.0722955,0.0432875,0.0294745,0.0256657,0.0391688,0.0326568,0.0218862,0.0196958,0.0178312
42.724716553,0.0451556,0.0448407,0.0342063,0.021068,0.0168855,0.0119484,0.0174064,0.0125854,0.00800226,0.00552796,0.00710039,0.00943539
42.771156463,0.0409897,0.0508112,0.0196147,0.00484807,0.00905221,0.0266129,0.0330126,0.0128702,0.00550526,0.011513,0.0117342,0.00965979
42.817596372,0.0490053,0.0658601,0.0258302,0.00961044,0.0123519,0.0333948,0.0413682,0.0176847,0.00898079,0.023607,0.0244552,0.0106574
42.864036281,0.0823645,0.0786607,0.0331519,0.0300847,0.0286021,0.0432935,0.0550425,0.0352924,0.0180287,0.0524393,0.0868223,0.0826052
42.910476190,0.0609376,0.0689646,0.0248301,0.0153422,0.017248,0.0403426,0.0432058,0.0217899,0.0132297,0.0290807,0.034594,0.0225828
42.956916100,0.0630218,0.0623408,0.0179861,0.011962,0.0132166,0.0394746,0.037392,0.0131228,0.00998696,0.0295436,0.029931,0.02232
43.003356009,0.0648932,0.0597725,0.0167862,0.00968902,0.0123974,0.0399673,0.0357189,0.00982519,0.0116572,0.0301811,0.0238212,0.0174234
43.049795918,0.0665963,0.0589218,0.0201097,0.0177273,0.0191491,0.0336177,0.0379991,0.0100207,0.0116946,0.0306809,0.0240108,0.0155037
43.096235828,0.128142,0.0848776,0.093287,0.106278,0.0943816,0.0984689,0.117644,0.0913623,0.0695048,0.0432091,0.0531231,0.0784425
43.142675737,0.1379,0.126402,0.115199,0.0948474,0.0961131,0.0878514,0.0703875,0.0788922,0.0686237,0.0460625,0.0489621,0.0403294
43.189115646,0.0859209,0.0686435,0.0568008,0.0592718,0.0390982,0.0213346,0.0151186,0.0276681,0.0196462,0.0119715,0.0168539,0.0139893
43.235555556,0.0460976,0.0466101,0.0308479,0.0146069,0.0122172,0.0216761,0.031266,0.0263755,0.0201299,0.0130874,0.010197,0.0150691
43.281995465,0.0448815,0.0557462,0.0241217,0.010307,0.0112835,0.0293098,0.0356381,0.0156527,0.00765712,0.0155432,0.0146111,0.0129405
43.328435374,0.0517497,0.0652429,0.0255111,0.00906194,0.0117449,0.0335538,0.0426642,0.0165986,0.0115243,0.0261196,0.024871,0.0131943
43.374875283,0.0945821,0.0760506,0.0222937,0.0195031,0.0250891,0.0549036,0.0508461,0.0143078,0.0143256,0.0234493,0.0382104,0.0599185
43.421315193,0.0748196,0.0716504,0.0228817,0.0134681,0.0214992,0.0473489,0.0479072,0.0224236,0.0141639,0.0276243,0.0338216,0.035078
43.467755102,0.0646741,0.0591765,0.0165235,0.0107318,0.0143895,0.0417681,0.0373978,0.0105707,0.00993968,0.0284896,0.0251042,0.0222001
43.514195011,0.0650378,0.0574259,0.0148746,0.010293,0.0134049,0.0402872,0.037243,0.010332,0.0107667,0.028244,0.0212375,0.0188247
43.560634921,0.0718218,0.0565061,0.0278582,0.0241683,0.0234706,0.0322842,0.0457197,0.0123934,0.0131335,0.0314921,0.0258927,0.0194453
43.607074830,0.158013,0.151407,0.170352,0.178941,0.158491,0.162595,0.174477,0.149903,0.136554,0.124572,0.121428,0.117525
43.653514739,0.122904,0.115056,0.102448,0.077053,0.0717119,0.0590103,0.0482052,0.05718,0.0517073,0.041194,0.0288523,0.0160319
43.699954649,0.0716469,0.0567359,0.0482689,0.0465951,0.0329565,0.01535,0.0128968,0.0218363,0.0140317,0.00711128,0.0141572,0.0118914
43.746394558,0.0386062,0.0431786,0.0196724,0.00825382,0.00765488,0.0210058,0.0251231,0.0111164,0.00468026,0.00746934,0.00688408,0.00773077
43.792834467,0.0467503,0.0590405,0.0247024,0.00771829,0.00933412,0.0316486,0.0384489,0.0145076,0.00457779,0.0150551,0.016244,0.0113564
43.839274376,0.0514316,0.0659936,0.0208107,0.00826846,0.00986542,0.0346533,0.0439025,0.0182404,0.0104017,0.0236922,0.0251466,0.0136836
43.885714286,0.0599353,0.0681582,0.0229703,0.011629,0.0141022,0.0401178,0.0402065,0.00982974,0.0144096,0.0264203,0.0255169,0.0148616
43.932154195,0.0579714,0.0605822,0.0172396,0.00993077,0.0155152,0.0450829,0.0454127,0.0209569,0.0140876,0.0282519,0.0223913,0.0140727
43.978594104,0.0641483,0.0582207,0.0141209,0.00871844,0.0170772,0.0513149,0.0442528,0.0225828,0.0197097,0.0355527,0.0244331,0.0181854
44.025034014,0.0633819,0.0586381,0.0164917,0.00971765,0.0156916,0.0409461,0.0375126,0.0116109,0.0136358,0.0343879,0.0217511,0.0158029
44.071473923,0.0796684,0.0509473,0.0380623,0.0373287,0.0320662,0.0305932,0.0541348,0.0187134,0.017001,0.0311122,0.0277524,0.0248889
44.117913832,0.171204,0.153703,0.143888,0.155542,0.148831,0.168707,0.166947,0.146386,0.115196,0.0972961,0.109397,0.112133
44.164353741,0.118183,0.102344,0.0764964,0.0708986,0.0538304,0.040783,0.043023,0.0455265,0.0437307,0.0310585,0.0236173,0.015854
44.210793651,0.0566285,0.0460341,0.0363896,0.0371893,0.0192104,0.0078523,0.00717473,0.0103491,0.0150076,0.00963064,0.0157646,0.0197759
44.257233560,0.0309967,0.0107309,0.0146021,0.0265149,0.0294242,0.0146507,0.00693699,0.0119632,0.0145468,0.0114005,0.027899,0.0406013
44.303673469,0.0250139,0.00789379,0.0125932,0.0384027,0.0458089,0.0210414,0.00837863,0.0195144,0.0209518,0.0140893,0.0435245,0.0571902
44.350113379,0.0221033,0.016111,0.0182561,0.0477803,0.0528239,0.0200548,0.00878635,0.0246092,0.0249759,0.0162691,0.0503112,0.0611788
44.396553288,0.0279245,0.014949,0.0147376,0.0480597,0.0525328,0.0192118,0.00886712,0.0258879,0.025624,0.0158453,0.0646713,0.0744423
44.442993197,0.020915,0.0102685,0.0147175,0.0453394,0.0493655,0.015848,0.00951068,0.0269288,0.0271088,0.0185881,0.0609673,0.0663985
44.489433107,0.0157152,0.0101583,0.0136563,0.0445133,0.0436454,0.0134067,0.00982771,0.0302283,0.022139,0.0155244,0.0534786,0.0557264
44.535873016,0.0210905,0.0154185,0.019862,0.0439309,0.0399306,0.011202,0.0126881,0.0306386,0.0218018,0.0180859,0.0585202,0.0533034
44.582312925,0.064941,0.0509988,0.0433305,0.0516213,0.0607485,0.0402312,0.048319,0.0395728,0.0471807,0.0308726,0.0591434,0.0647755
44.628752834,0.148229,0.150759,0.132557,0.111086,0.124573,0.121685,0.103057,0.108918,0.110653,0.0747775,0.0752025,0.0769772
44.675192744,0.107987,0.0943965,0.0630007,0.0625812,0.0372154,0.0267924,0.0331873,0.0374793,0.0364819,0.023122,0.0218879,0.017628
44.721632653,0.0532765,0.0384207,0.0280031,0.0307838,0.0177427,0.0121458,0.00848279,0.0108746,0.0125954,0.00888109,0.0162858,0.0209593
44.768072562,0.0269653,0.00765561,0.0135334,0.0286849,0.0352577,0.0162786,0.00693633,0.0123209,0.0136599,0.0106293,0.0329335,0.0466854
44.814512472,0.0227949,0.00855231,0.0143912,0.0400175,0.0472764,0.0206847,0.00781388,0.0208095,0.02161,0.0129056,0.0452109,0.0600621
44.860952381,0.0664407,0.0426977,0.0347656,0.0619547,0.0557562,0.027187,0.0309411,0.0548242,0.0460352,0.0801203,0.116234,0.125142
44.907392290,0.0229602,0.0124158,0.0178726,0.0470163,0.0512211,0.023522,0.0155046,0.0284955,0.0374991,0.0377985,0.074343,0.069999
44.953832200,0.01813,0.00794456,0.0166304,0.0458298,0.0449397,0.0133891,0.0108241,0.026084,0.0273428,0.0263679,0.0656687,0.0626398
45.000272109,0.0164548,0.00973634,0.014407,0.0444086,0.0424267,0.0137258,0.0096925,0.0301471,0.0251375,0.0157227,0.0570599,0.0563402
45.046712018,0.026139,0.0192582,0.02146,0.0417101,0.0422938,0.0109384,0.0127722,0.0313366,0.0237973,0.0180346,0.0584715,0.054475
45.093151927,0.113721,0.0986035,0.0739583,0.065058,0.0984058,0.0834922,0.0852276,0.08376,0.0554145,0.057412,0.0543979,0.0839627
45.139591837,0.151888,0.143764,0.114085,0.0909167,0.0971822,0.0909398,0.0762016,0.0876871,0.0830042,0.0479612,0.0493383,0.0444557
45.186031746,0.0911532,0.080373,0.0595536,0.0556649,0.0308889,0.0197763,0.0226063,0.0263132,0.0223645,0.0120616,0.0191678,0.0139922
45.232471655,0.0444787,0.0300644,0.0214368,0.0260509,0.0163516,0.0126763,0.00852489,0.0109839,0.00936743,0.00888862,0.0190177,0.02594
45.278911565,0.0257156,0.00655763,0.0135017,0.0327763,0.0383891,0.0216097,0.0073254,0.012463,0.013615,0.0126668,0.0391209,0.0518823
45.325351474,0.0251302,0.010762,0.0159529,0.041959,0.0492365,0.0201325,0.0110036,0.0243242,0.0248498,0.0145298,0.0463669,0.0595764
45.371791383,0.0329087,0.0187466,0.0142692,0.0513615,0.060586,0.0274643,0.0133892,0.0277268,0.0289142,0.028548,0.0831731,0.0912461
45.418231293,0.0237286,0.0127671,0.0137072,0.0428098,0.0507074,0.0213002,0.0141333,0.0300702,0.0245491,0.0198041,0.0646223,0.0703766
45.464671202,0.0195756,0.0107293,0.0164517,0.0452226,0.0454192,0.0148826,0.00791861,0.0261448,0.0228511,0.0140087,0.0573527,0.0598447
45.511111111,0.0144333,0.00979245,0.0152239,0.0465514,0.0416674,0.0129892,0.0110491,0.0305452,0.0219621,0.0160838,0.0593155,0.0553049
45.557551020,0.0317571,0.0267697,0.0277946,0.038934,0.0434791,0.0117641,0.0186079,0.0371337,0.0314393,0.0240263,0.0552036,0.0566253
45.603990930,0.17029,0.165271,0.144465,0.125514,0.151195,0.145938,0.145876,0.130918,0.119597,0.12356,0.116461,0.127808
45.650430839,0.141943,0.131396,0.0973271,0.0655526,0.0741951,0.061768,0.0537876,0.0643482,0.0636904,0.0478405,0.0344433,0.0255794
45.696870748,0.0772024,0.0647255,0.0490465,0.0469361,0.0244198,0.0156495,0.0149008,0.0186743,0.0181584,0.00860152,0.0207136,0.0154358
45.743310658,0.0384205,0.0195144,0.0173528,0.0244113,0.0202183,0.0120883,0.00680227,0.00993844,0.0106234,0.0110962,0.0215535,0.0334376
45.789750567,0.0237957,0.00844161,0.0139184,0.0338836,0.0411604,0.019191,0.00621801,0.0150141,0.0150753,0.0100709,0.0418709,0.055112
45.836190476,0.0237673,0.0122713,0.0153821,0.0421349,0.04978,0.0195695,0.00943687,0.0270231,0.0277845,0.0167608,0.0500723,0.0624352
45.882630385,0.0312724,0.0195434,0.0188915,0.0493177,0.050782,0.0165205,0.0111047,0.0362272,0.0356376,0.0244026,0.0609063,0.0680228
45.929070295,0.0187505,0.00930179,0.0129148,0.0423056,0.0481591,0.0171424,0.0112397,0.0276751,0.0251181,0.0152886,0.0547284,0.0582248
45.975510204,0.0167271,0.00973704,0.0174987,0.0461701,0.04777,0.0158686,0.0112369,0.0285732,0.0228768,0.0112962,0.0538794,0.0557688
46.021950113,0.0141549,0.0130675,0.0182557,0.0481582,0.0434818,0.013635,0.0124123,0.0329692,0.0256887,0.0179442,0.0602163,0.0534965
46.068390023,0.0392049,0.0390977,0.0336619,0.0282683,0.0493373,0.0189328,0.0207115,0.0411589,0.0327329,0.0251516,0.048015,0.0596395
46.114829932,0.176704,0.182001,0.164867,0.156909,0.145262,0.153994,0.151444,0.157698,0.147553,0.136495,0.129253,0.131948
46.161269841,0.132322,0.127363,0.0846346,0.0686384,0.0577499,0.0361893,0.0427896,0.0474841,0.044409,0.0301462,0.0207889,0.0122437
46.207709751,0.0630195,0.0517714,0.0554855,0.0479496,0.0285086,0.0118486,0.0077863,0.0130994,0.0145944,0.00925114,0.00932529,0.0104834
46.254149660,0.0201261,0.0364623,0.0462302,0.0187545,0.00599766,0.0119709,0.0224498,0.0251273,0.0158723,0.00605851,0.00831821,0.00915734
46.300589569,0.0126762,0.0515867,0.0647455,0.0251503,0.00866039,0.0096089,0.0337678,0.0402131,0.0156309,0.00721004,0.0196705,0.0190686
46.347029478,0.0219269,0.0612024,0.0682199,0.0255949,0.0198482,0.0199061,0.0399457,0.0427782,0.01459,0.0159595,0.0300069,0.0280754
46.393469388,0.0221235,0.0710388,0.0744907,0.0254633,0.0122699,0.0130536,0.0411729,0.0448582,0.0194568,0.0178575,0.0434745,0.0348968
46.439909297,0.0190258,0.0645977,0.0624092,0.017637,0.00784974,0.0130163,0.0376523,0.0382417,0.0139595,0.0119959,0.0367899,0.0284944
46.486349206,0.0250614,0.0695705,0.0650457,0.0248617,0.0154085,0.0160948,0.043196,0.0410682,0.0245748,0.0287858,0.0392659,0.0346257
46.532789116,0.0223533,0.0697354,0.0620204,0.0183063,0.0111969,0.0126981,0.0403076,0.0351808,0.00966075,0.0134689,0.0273401,0.0222313
46.579229025,0.0700815,0.106677,0.0792438,0.0608145,0.0471948,0.0404987,0.0357077,0.0298274,0.0304306,0.0322051,0.0489468,0.0400136
46.625668934,0.145286,0.164172,0.155245,0.13557,0.123223,0.118498,0.0951817,0.115777,0.120925,0.0932235,0.0834871,0.0826486
46.672108844,0.105491,0.0985491,0.0882859,0.0784101,0.0462819,0.0300073,0.0312031,0.040141,0.0387729,0.028386,0.0198038,0.0165523
46.718548753,0.0516082,0.045497,0.03738,0.0295904,0.0209716,0.0136114,0.0152638,0.0153733,0.0113804,0.00629377,0.00698813,0.00912612
46.764988662,0.0406778,0.0495277,0.0201364,0.00887576,0.0117754,0.0270525,0.032421,0.0142903,0.00764655,0.0115236,0.0108427,0.014009
46.811428571,0.0484597,0.0661066,0.0255543,0.00920498,0.0117927,0.0331182,0.0414432,0.0178641,0.00787027,0.0213285,0.023036,0.0110219
46.857868481,0.0865106,0.0818965,0.0352343,0.0271549,0.0226852,0.0457781,0.0505937,0.0281152,0.02655,0.0498772,0.0661383,0.0563976
46.904308390,0.0621137,0.0666482,0.0213931,0.0123932,0.0158638,0.0390972,0.0418189,0.0179577,0.0118526,0.0275099,0.0329218,0.0220126
46.950748299,0.0625453,0.0636421,0.0196299,0.00940791,0.0114212,0.0392373,0.0377846,0.0137016,0.00847096,0.030217,0.0314244,0.0240147
46.997188209,0.0697449,0.061316,0.0180003,0.00897423,0.0141667,0.0411686,0.0372879,0.0103399,0.020304,0.0407758,0.0329653,0.0251545
47.043628118,0.0642821,0.0571137,0.0182412,0.0174079,0.0179012,0.0411731,0.0415663,0.0102475,0.0107387,0.0302617,0.0235713,0.0196506
47.090068027,0.0966905,0.0517797,0.0818695,0.0786488,0.0739173,0.0867219,0.0914029,0.0522036,0.0390888,0.0325639,0.0579152,0.0645486
47.136507937,0.131842,0.125682,0.118864,0.110556,0.10903,0.100362,0.0852756,0.0890547,0.0763426,0.0443681,0.0505388,0.0517023
47.182947846,0.0971612,0.087912,0.0729342,0.0666696,0.0446053,0.0199593,0.024471,0.0295151,0.0237328,0.0124759,0.0143429,0.0129883
47.229387755,0.0384174,0.0352637,0.0444041,0.0287064,0.0124953,0.00832925,0.013517,0.0105789,0.010311,0.00882391,0.00683459,0.00863206
47.275827664,0.0151977,0.0437861,0.0534731,0.0217362,0.00593704,0.00908031,0.0269876,0.0323894,0.0171668,0.00836573,0.0174054,0.0185555
47.322267574,0.0194162,0.0571743,0.0683599,0.0260027,0.00828134,0.0118945,0.0364052,0.0388898,0.0128719,0.00822438,0.0252718,0.0257117
47.368707483,0.0260791,0.0655801,0.0691809,0.0302328,0.0349517,0.0217568,0.0510284,0.059817,0.0352651,0.0310662,0.0622673,0.0587212
47.415147392,0.0172091,0.0639479,0.0674091,0.0211678,0.0085108,0.0112751,0.0382395,0.0422066,0.0161457,0.00940055,0.0376921,0.0356166
47.461587302,0.0243263,0.0681054,0.0603872,0.0157382,0.0110999,0.0166273,0.0391376,0.0366624,0.0142967,0.0159185,0.038786,0.0304989
47.508027211,0.0195296,0.0670839,0.0609268,0.0177574,0.0102792,0.0156065,0.0412571,0.0388575,0.0169639,0.0157709,0.0319071,0.0265437
47.554467120,0.0324781,0.0846198,0.0719444,0.0252422,0.0180198,0.0190534,0.0370704,0.0333929,0.00926449,0.0146941,0.0318586,0.0221514
47.600907029,0.146178,0.167575,0.111953,0.130833,0.129304,0.127688,0.101534,0.100792,0.104007,0.109301,0.0918565,0.0796633
47.647346939,0.138519,0.137875,0.116789,0.0867785,0.0786534,0.0574208,0.0555336,0.0623469,0.0669393,0.0481076,0.03833,0.0446468
47.693786848,0.080659,0.0693881,0.0650806,0.0592014,0.0341148,0.0123138,0.0161291,0.018213,0.0293426,0.0112508,0.0140921,0.0127319
47.740226757,0.0259947,0.0177261,0.0340063,0.0403057,0.0146794,0.00536262,0.0076801,0.0211162,0.0304363,0.0132286,0.00666643,0.00679202
47.786666667,0.0149739,0.0107409,0.0488244,0.0591452,0.0224746,0.00569097,0.00861043,0.031247,0.0379474,0.0134061,0.0092213,0.0154373
47.833106576,0.0252217,0.0150406,0.0586353,0.0688003,0.0248938,0.00835191,0.00601442,0.029305,0.0356896,0.0139683,0.00767964,0.0229581
47.879546485,0.0235612,0.0126594,0.0615021,0.066189,0.0170934,0.0147393,0.0164886,0.0331546,0.0355578,0.0138911,0.0111004,0.0232866
47.925986395,0.0210304,0.0168094,0.0653481,0.0613157,0.0150964,0.0087836,0.0127305,0.0349295,0.0324909,0.00988461,0.00985075,0.0260595
47.972426304,0.0246434,0.0210572,0.0718465,0.0678004,0.0215562,0.0123566,0.0166419,0.0407544,0.0370014,0.0154709,0.0148765,0.0321203
48.018866213,0.0211832,0.0161203,0.068218,0.056586,0.0135783,0.00712935,0.00930016,0.0339563,0.0285208,0.00837358,0.0118009,0.0274924
48.065306122,0.0275414,0.0274569,0.0749215,0.0591807,0.0153815,0.0111495,0.0158323,0.0330801,0.0288567,0.00842793,0.015494,0.0339268
48.111746032,0.0859789,0.0588033,0.0632216,0.0830763,0.0695718,0.0288239,0.019516,0.0312023,0.0313458,0.0517911,0.126804,0.154111
48.158185941,0.022242,0.0140602,0.0130725,0.0223117,0.0238396,0.00895854,0.00387634,0.00628378,0.0042266,0.00956598,0.050816,0.0514123
48.204625850,0.0112159,0.00655998,0.00470107,0.0119067,0.0139776,0.00545482,0.00675819,0.0068717,0.00538617,0.00975568,0.0385178,0.0355625
48.251065760,0.0100763,0.00674568,0.0062186,0.0106605,0.0100517,0.00680663,0.0060617,0.00504228,0.00723607,0.00985267,0.0279289,0.0283115
48.297505669,0.00895948,0.00600064,0.00445457,0.00501305,0.00870559,0.00633791,0.00474985,0.00341481,0.00331081,0.00494967,0.0139816,0.0129115
48.343945578,0.00807954,0.00529838,0.00608703,0.0087199,0.008327,0.00830629,0.0069177,0.00551767,0.00628599,0.00459688,0.0167924,0.0182687
48.390385488,0.00808108,0.00807178,0.00495528,0.0230246,0.0245327,0.00806658,0.00362473,0.0041298,0.00380989,0.0150018,0.0754301,0.0686721
48.436825397,0.00903442,0.00430481,0.0036598,0.0130419,0.0133416,0.00556012,0.00357324,0.00314523,0.00408037,0.0126716,0.0576339,0.0532566
48.483265306,0.00487393,0.00566929,0.00360057,0.00876047,0.0109036,0.00301542,0.00370881,0.00554027,0.00658783,0.0104906,0.0327957,0.0282927
48.529705215,0.00465487,0.00384804,0.0048343,0.00805267,0.0066008,0.00321778,0.00456166,0.0032065,0.0049427,0.00716827,0.0233109,0.0248883
48.576145125,0.0098658,0.00369722,0.00277866,0.00572593,0.00589438,0.0025271,0.00296624,0.00330904,0.00675545,0.00865724,0.020696,0.0212558
48.622585034,0.00359193,0.00558739,0.00413049,0.00698829,0.00766227,0.00501977,0.00313518,0.00390913,0.00458032,0.00434827,0.0128284,0.0111401
48.669024943,0.00571542,0.00416368,0.00273621,0.0052863,0.00552828,0.00422395,0.00251453,0.00367097,0.00374784,0.00513289,0.00676349,0.00958791
48.715464853,0.00263961,0.00386145,0.00477449,0.0051564,0.00388997,0.0044633,0.00547088,0.00590983,0.00683887,0.00781659,0.0109841,0.00889916
48.761904762,0.0047777,0.00512418,0.00635531,0.00507203,0.00486391,0.00501983,0.00386378,0.00472934,0.00317753,0.00368005,0.00647676,0.00818168
48.808344671,0.00597931,0.00396158,0.00398529,0.0036104,0.00360039,0.00397,0.00384261,0.00459454,0.00405017,0.00372859,0.00655812,0.00633319
48.854784580,0.0598919,0.0462392,0.0608757,0.0447202,0.0265633,0.0119128,0.015475,0.0174674,0.0599114,0.169897,0.206719,0.128285
48.901224490,0.00661536,0.00512252,0.0207907,0.0225604,0.00593468,0.00488394,0.00365748,0.0046684,0.0128969,0.0719305,0.0723279,0.018468
48.947664399,0.00299646,0.0028668,0.0108953,0.0124317,0.00469055,0.0027897,0.00218941,0.00273288,0.00915771,0.0449175,0.0384141,0.00671044
48.994104308,0.00346619,0.00261364,0.00916702,0.0095898,0.00394098,0.00327289,0.00305308,0.00374315,0.0061663,0.0357254,0.0368741,0.012534
49.040544218,0.00236516,0.00352856,0.00762485,0.00805958,0.00385828,0.00410549,0.00359901,0.0034194,0.00470856,0.0219219,0.0223922,0.00952184
49.086984127,0.0038735,0.00311904,0.00690062,0.00842553,0.00612798,0.00547689,0.0043449,0.00401112,0.00538371,0.0116827,0.00702522,0.00647556
49.133424036,0.0115198,0.0504501,0.0460501,0.0106652,0.00919201,0.00570938,0.0167782,0.0209849,0.0103263,0.0117151,0.0116462,0.00878674
49.179863946,0.00614943,0.0330578,0.031415,0.00739679,0.00586131,0.00584368,0.0135083,0.0147749,0.00682651,0.00911993,0.00894504,0.00851301
49.226303855,0.0558646,0.0198915,0.0122575,0.0381707,0.0582848,0.0263797,0.00847772,0.0147157,0.0138387,0.0460137,0.194784,0.207197
49.272743764,0.0133156,0.0036011,0.00900426,0.0219475,0.0245227,0.00864033,0.00410086,0.00564743,0.00758612,0.0100698,0.0518188,0.050752
49.319183673,0.00919147,0.00726194,0.00951488,0.0149864,0.0159111,0.00619454,0.00524332,0.00667339,0.00401831,0.00736144,0.0373663,0.0342229
49.365623583,0.0105946,0.0128615,0.00695849,0.0303623,0.0347215,0.0110347,0.00460751,0.00697548,0.00799955,0.0165995,0.0970622,0.0908715
49.412063492,0.0157115,0.00785998,0.00864038,0.0128335,0.0153482,0.00628123,0.00359839,0.00365862,0.00216126,0.0113347,0.057303,0.0575345
49.458503401,0.0302705,0.0281167,0.0231292,0.0210656,0.0095098,0.0107299,0.00794697,0.00777001,0.0115212,0.0202125,0.0480491,0.016977
49.504943311,0.0138899,0.00564602,0.00585202,0.0220542,0.0248182,0.004803,0.00459289,0.00296823,0.00464209,0.0172649,0.0749689,0.0703227
49.551383220,0.0105428,0.00544594,0.00446084,0.0113064,0.0138452,0.00443125,0.00278596,0.00376389,0.0041925,0.0117658,0.0622906,0.0553356
49.597823129,0.0234289,0.0126965,0.0132445,0.0419999,0.051595,0.0167595,0.00548256,0.00490485,0.00468076,0.0300261,0.146322,0.133639
49.644263039,0.00666735,0.00858494,0.00870824,0.0162655,0.0178775,0.00452588,0.00271969,0.00280994,0.00412204,0.00544804,0.0454391,0.0448058
49.690702948,0.00979314,0.0105385,0.00648734,0.0110514,0.014855,0.00802552,0.00324372,0.00325661,0.00328928,0.00482666,0.0186181,0.0211302
49.737142857,0.00971931,0.00734075,0.00803754,0.0272613,0.0322494,0.00859412,0.00211061,0.00263616,0.00488931,0.0152166,0.0840565,0.0751857
49.783582766,0.00810266,0.00368944,0.00343377,0.0152451,0.0181821,0.00526164,0.00234706,0.00324424,0.00313092,0.0113625,0.0503399,0.0441449
49.830022676,0.0358997,0.0263722,0.0432841,0.0539711,0.0250018,0.00946405,0.0137434,0.0144448,0.0540977,0.194288,0.216094,0.0939321
49.876462585,0.0046468,0.00389636,0.0175566,0.0225878,0.00872667,0.0018514,0.00408441,0.00468346,0.0107015,0.0702329,0.0727881,0.0182308
49.922902494,0.00801941,0.00876079,0.0146663,0.0129012,0.00674087,0.0027186,0.00202713,0.00244281,0.00657418,0.0445242,0.0465086,0.015687
49.969342404,0.0081581,0.00471291,0.00900311,0.00773548,0.00502882,0.00407133,0.00318737,0.00272214,0.00550876,0.0294879,0.020786,0.0216174
50.015782313,0.00676111,0.00408508,0.00524304,0.00878219,0.0068421,0.0041373,0.003481,0.00299487,0.00595733,0.0211712,0.0272218,0.0142928
50.062222222,0.0629707,0.0520153,0.0443658,0.0359636,0.0301825,0.0208676,0.0156637,0.0164482,0.0196155,0.0360965,0.0556008,0.0727913
50.108662132,0.00958863,0.0050765,0.00593687,0.0223503,0.02593,0.00811652,0.00273144,0.00287663,0.00430445,0.0161947,0.0555854,0.0452487
50.155102041,0.00648328,0.00497704,0.00533551,0.0137526,0.0154547,0.00569873,0.00268913,0.00207354,0.00475558,0.00663999,0.0298475,0.032585
50.201541950,0.00782377,0.00447333,0.00416738,0.00974507,0.00943334,0.00447434,0.00262969,0.00224225,0.00283513,0.00714377,0.0256391,0.02255
50.247981859,0.00551198,0.00497906,0.00447778,0.00850288,0.00912163,0.00321477,0.00213391,0.00249985,0.00439278,0.00634405,0.0045445,0.00894405
50.294421769,0.00531293,0.00830728,0.00704637,0.00731576,0.00638864,0.00608444,0.00329291,0.00349338,0.00567719,0.00795931,0.00849144,0.00904946
50.340861678,0.0217626,0.00601829,0.00220088,0.0230617,0.0278366,0.00896571,0.0025402,0.00327883,0.00615983,0.00855036,0.0682186,0.0702745
50.387301587,0.0122432,0.00533878,0.00274601,0.00718833,0.0131698,0.00639823,0.00227216,0.0014261,0.00227614,0.00861094,0.0458638,0.0471754
50.433741497,0.00445057,0.00260202,0.00254796,0.00895596,0.009422,0.00376016,0.00289737,0.00194562,0.00245038,0.00495717,0.0289343,0.0267544
50.480181406,0.00777137,0.00415332,0.00447033,0.0058528,0.00790897,0.00341569,0.00120342,0.00228247,0.00220034,0.00654797,0.0299409,0.0306654
50.526621315,0.00612395,0.00669288,0.00727271,0.00757489,0.00661623,0.00374214,0.00305856,0.00386277,0.00312696,0.00603399,0.00962878,0.00677475
50.573061224,0.00968443,0.0520451,0.0495692,0.0131421,0.00531933,0.00459475,0.0210105,0.0243467,0.00686175,0.00445766,0.004962,0.00350346
50.619501134,0.00695244,0.0344963,0.0346465,0.00991063,0.00392738,0.00329043,0.01299,0.0157988,0.0054107,0.00503947,0.0124107,0.0132517
50.665941043,0.0535567,0.0104552,0.0134012,0.0386337,0.0589342,0.0261809,0.00623701,0.0118333,0.0136926,0.0436459,0.195223,0.202678
50.712380952,0.00861213,0.00870236,0.0108191,0.0170132,0.0205806,0.00640797,0.00230185,0.00199749,0.00289877,0.00363817,0.048959,0.0514428
50.758820862,0.00650012,0.00418585,0.00674216,0.0133692,0.0132672,0.0036854,0.00301658,0.00386355,0.00398803,0.0100095,0.0358793,0.0312257
50.805260771,0.0155534,0.0116451,0.0064938,0.0233308,0.0261098,0.00567879,0.00313456,0.00295706,0.00483565,0.0140731,0.0711519,0.0644454
50.851700680,0.00811098,0.0117659,0.0111414,0.00740503,0.0107409,0.00318047,0.00193452,0.00312372,0.00414146,0.0122947,0.0476084,0.0461386
50.898140590,0.00796947,0.00662582,0.00401256,0.0106917,0.0106829,0.00401088,0.00183618,0.00237286,0.00234028,0.00920386,0.0319247,0.0277843
50.944580499,0.00697426,0.00265585,0.00584818,0.00642663,0.00553167,0.002633,0.00263187,0.00188048,0.00293919,0.00572064,0.0257125,0.0278461
50.991020408,0.00418353,0.00566878,0.00500592,0.00681563,0.00752245,0.00380709,0.00242677,0.00292402,0.00288682,0.00160898,0.0122662,0.00912143
51.037460317,0.0532219,0.0108085,0.00802089,0.00437569,0.0248342,0.0267402,0.00655884,0.00416163,0.00391043,0.00543572,0.0135632,0.0629296
51.083900227,0.0402871,0.00918665,0.00237326,0.00356648,0.0124827,0.0151703,0.00378226,0.00247337,0.00273513,0.00192824,0.0121038,0.0495486
51.130340136,0.0183958,0.0036999,0.00248784,0.00461223,0.00756743,0.00845959,0.00185031,0.00248155,0.0032193,0.00271946,0.00662595,0.0241218
51.176780045,0.0149882,0.00579274,0.00503012,0.00460974,0.00673144,0.00687636,0.00324551,0.00224153,0.00289547,0.0022727,0.00769494,0.0154889
51.223219955,0.0105042,0.00494424,0.00744914,0.00580067,0.00532344,0.00776884,0.00475364,0.00316454,0.00268372,0.00593381,0.0134838,0.0188608
51.269659864,0.00777716,0.00540952,0.00561754,0.00280178,0.00454207,0.00316178,0.00173591,0.00217117,0.00161828,0.00240658,0.00654694,0.0128241
51.316099773,0.0071641,0.00352003,0.00291865,0.005033,0.00521517,0.00308933,0.00155318,0.00176855,0.00170911,0.00384817,0.00477609,0.0128535
51.362539683,0.00196564,0.00499249,0.0017307,0.00448109,0.00619971,0.00301997,0.00143617,0.00184237,0.00277198,0.00356878,0.00488528,0.00529711
51.408979592,0.00428453,0.00457094,0.0030077,0.00296052,0.00369468,0.00319653,0.00174662,0.00192678,0.0022109,0.00221141,0.00455276,0.00448177
51.455419501,0.00314661,0.00311002,0.00201887,0.00188066,0.00205494,0.00200776,0.000750729,0.00228929,0.00256295,0.00240351,0.00439281,0.00486089
51.501859410,0.00439442,0.00474256,0.0030789,0.00270511,0.00286493,0.00314187,0.0025717,0.00191479,0.00217368,0.00401425,0.00326091,0.00610972
51.548299320,0.00639947,0.00280921,0.00438908,0.00363124,0.00423377,0.00364721,0.00209366,0.00147868,0.00233465,0.00298475,0.00528774,0.00925035
51.594739229,0.00237873,0.00380728,0.00315917,0.0029631,0.00456135,0.00257504,0.00178637,0.00291504,0.00282705,0.00202511,0.00422372,0.00475379
51.641179138,0.0063662,0.00392842,0.00278068,0.00279322,0.00307556,0.00304714,0.00223151,0.0023465,0.00255123,0.0023866,0.00344142,0.00745828
51.687619048,0.0049099,0.00303599,0.00328931,0.00362058,0.00281882,0.00377322,0.00273034,0.00215464,0.00367318,0.00463978,0.00613551,0.0055232
51.734058957,0.00434828,0.00566024,0.0225473,0.0300778,0.00905566,0.00281122,0.0033035,0.00340956,0.0127738,0.0765277,0.0769419,0.0184885
51.780498866,0.00698257,0.00428401,0.0146285,0.0166821,0.00621178,0.00349543,0.00206394,0.00137304,0.0106686,0.0497909,0.0430159,0.0114432
51.826938776,0.00450039,0.00462679,0.00957204,0.0113983,0.00442117,0.00233435,0.00287082,0.00288335,0.00739626,0.0359376,0.0382642,0.0133936
51.873378685,0.00298538,0.00515711,0.0060395,0.00776969,0.00376017,0.0029606,0.00226818,0.00241561,0.00344071,0.0235377,0.0226146,0.00829962
51.919818594,0.00348649,0.0033325,0.00660352,0.00676908,0.00388325,0.00276637,0.00219228,0.00306466,0.0037805,0.0181589,0.0225725,0.00778581
51.966258503,0.014033,0.00911907,0.00611677,0.0247966,0.0278722,0.00784254,0.00371335,0.00285131,0.00246644,0.0143458,0.0833109,0.0746479
52.012698413,0.00684734,0.00373281,0.00455037,0.0138447,0.012786,0.00339501,0.002125,0.00148528,0.00304316,0.0135953,0.0520642,0.0457826
52.059138322,0.0052258,0.00223679,0.00335147,0.00826479,0.010771,0.00363033,0.00228157,0.00201231,0.00303566,0.00321477,0.0244325,0.0247009
52.105578231,0.00169434,0.00284401,0.00531115,0.00687783,0.00737874,0.00250231,0.00206355,0.00184853,0.00302396,0.00446935,0.019474,0.0163912
52.152018141,0.00594943,0.00483976,0.00579772,0.00832209,0.00653593,0.0029069,0.00254686,0.00323091,0.00562053,0.010302,0.0136386,0.0104584
52.198458050,0.0101543,0.0066691,0.00561213,0.0234653,0.0271736,0.00856394,0.00193387,0.00293481,0.00388038,0.0159609,0.0842307,0.0746097
52.244897959,0.00565571,0.00483228,0.00605386,0.0169593,0.0161225,0.00401412,0.00167979,0.00180063,0.00204245,0.0076212,0.0471771,0.0457354
52.291337868,0.00997422,0.00429503,0.00475237,0.0111647,0.0118315,0.0040671,0.00119717,0.00243522,0.00180352,0.00665987,0.0303789,0.0313577
52.337777778,0.00286037,0.00419016,0.00427653,0.00636934,0.00805574,0.00396839,0.00169291,0.00277153,0.00291781,0.00682775,0.0243873,0.02007
52.384217687,0.00431967,0.00343416,0.00549127,0.00722326,0.00560694,0.00180366,0.00180763,0.00250114,0.00239354,0.00902085,0.0183456,0.014699
52.430657596,0.00274278,0.00510183,0.00415048,0.00268497,0.0029524,0.00261396,0.00215317,0.00391048,0.00403986,0.0067875,0.0135305,0.0100912
52.477097506,0.00597076,0.00434594,0.00329204,0.0070905,0.00606225,0.00239442,0.00232243,0.00299238,0.00329777,0.00367436,0.00650618,0.00905703
52.523537415,0.00404123,0.00346346,0.00487856,0.0061614,0.00518752,0.00334811,0.00334904,0.00257459,0.00218858,0.00189481,0.00180601,0.00409959
52.569977324,0.00644505,0.0047219,0.00237418,0.00453882,0.00521088,0.00304835,0.00190036,0.00249132,0.0038616,0.00529339,0.00777876,0.00790423
52.616417234,0.0670294,0.0558984,0.0489126,0.0399557,0.0278016,0.0209874,0.0214741,0.0232253,0.0477345,0.0870388,0.102635,0.0858205
52.662857143,0.00626131,0.00667278,0.0236106,0.02682,0.00780378,0.00306533,0.00299288,0.00265455,0.0142926,0.070885,0.0661732,0.0148848
52.709297052,0.00350328,0.00302421,0.0121384,0.0144786,0.00499514,0.00278864,0.002539,0.00250215,0.00976983,0.0489081,0.048747,0.0134832
52.755736961,0.00591781,0.00408432,0.00783563,0.00926795,0.00360312,0.00143732,0.00170888,0.00340452,0.00794368,0.0352961,0.035035,0.0111162
52.802176871,0.00598342,0.00480962,0.00752966,0.00671591,0.00358489,0.00215317,0.00214663,0.003811,0.00507592,0.0221981,0.0219297,0.01013
52.848616780,0.0433217,0.188322,0.197939,0.0531235,0.0117617,0.0116098,0.0372803,0.0567596,0.0267159,0.00734669,0.0118811,0.0131674
52.895056689,0.0103392,0.0475084,0.035636,0.00771787,0.0066953,0.00402379,0.0143034,0.0181855,0.0072526,0.0073145,0.0094153,0.00749401
52.941496599,0.00502107,0.0306141,0.0283563,0.00671485,0.00484844,0.00480505,0.0107267,0.0130152,0.00859579,0.0114145,0.0130181,0.00707283
52.987936508,0.0123782,0.011223,0.0107963,0.0235625,0.0256967,0.00952108,0.00455776,0.0070917,0.00609718,0.0153834,0.0762697,0.0687272
53.034376417,0.00619263,0.00577832,0.00672665,0.0158235,0.0139877,0.00602178,0.00370859,0.0028985,0.00454841,0.00950462,0.0433226,0.0439151
53.080816327,0.0245788,0.00898861,0.00847321,0.0395106,0.0505581,0.01658,0.00378468,0.00438427,0.00933975,0.0266061,0.140354,0.131327
53.127256236,0.00953533,0.00565538,0.00510918,0.0187948,0.0184442,0.00462565,0.00395358,0.00554808,0.00607053,0.00701876,0.0499472,0.0462279
53.173696145,0.0344655,0.0293963,0.0225856,0.0185229,0.0205945,0.0119306,0.00828858,0.0107528,0.0159086,0.0293763,0.0139905,0.0432937
53.220136054,0.0069807,0.00918896,0.00715738,0.0224012,0.0237607,0.00677732,0.00228643,0.00360448,0.00379441,0.0183579,0.0756551,0.0625148
53.266575964,0.0125292,0.00563978,0.00582225,0.0149801,0.0152526,0.00446431,0.00406181,0.00352134,0.00309148,0.00446904,0.0351498,0.0411984
53.313015873,0.0179764,0.00676514,0.00606727,0.0266632,0.0313245,0.0109763,0.00518444,0.00519384,0.00501405,0.0106437,0.0913607,0.093643
53.359455782,0.0152748,0.00633675,0.00621975,0.0110865,0.0128097,0.00457063,0.00157844,0.00218535,0.00475127,0.00668528,0.0555758,0.0582357
53.405895692,0.0109615,0.0024252,0.00427133,0.0084606,0.0122994,0.0054525,0.00294763,0.00406325,0.00337995,0.00805676,0.0370811,0.0367948
53.452335601,0.00852431,0.00502393,0.00364371,0.00485388,0.00645232,0.00344012,0.00250707,0.00301107,0.00333264,0.0097848,0.0325801,0.029485
53.498775510,0.00888264,0.00675023,0.0061654,0.00950775,0.00981127,0.00376063,0.00289056,0.00257537,0.00502513,0.00831656,0.0221729,0.0194526
53.545215420,0.0118541,0.00773691,0.0234627,0.0259924,0.00642179,0.00299099,0.00299336,0.00330521,0.00821436,0.0609317,0.0551582,0.0101478
53.591655329,0.00660132,0.00712322,0.0123371,0.0148194,0.00656552,0.0037989,0.00400946,0.00290115,0.00830234,0.0503894,0.0496655,0.0133053
53.638095238,0.00467535,0.00404606,0.0113965,0.0108089,0.00446016,0.00300488,0.00367014,0.00325304,0.00530888,0.0342369,0.0395315,0.0121792
53.684535147,0.00321706,0.00544294,0.0128107,0.00978434,0.00406249,0.00338056,0.00358562,0.00413526,0.00620219,0.0195976,0.0147175,0.00516899
53.730975057,0.126397,0.0731409,0.055181,0.0607703,0.0417751,0.0232973,0.0175621,0.0230084,0.0272478,0.0550101,0.133145,0.179618
53.777414966,0.00986295,0.00704625,0.00483094,0.0190202,0.0222969,0.0077707,0.00237685,0.00232426,0.00290452,0.0126748,0.0547038,0.0469424
53.823854875,0.00636358,0.00567396,0.003642,0.00997274,0.00943047,0.00224134,0.00228762,0.00208914,0.00326331,0.00997945,0.0389452,0.0334355
53.870294785,0.00472208,0.00302444,0.00402764,0.00827413,0.00890451,0.00352955,0.00260651,0.00266196,0.00479598,0.0132576,0.0312758,0.0270454
53.916734694,0.00585589,0.00426844,0.00369569,0.00482792,0.00480255,0.00314992,0.00309681,0.00242081,0.00285466,0.00503076,0.0149163,0.0131769
53.963174603,0.0257894,0.0098739,0.00981162,0.036667,0.0476701,0.0171043,0.00529564,0.00578215,0.00734858,0.0278781,0.155148,0.144466
54.009614512,0.0105253,0.00190911,0.00347037,0.0164373,0.0188628,0.00427872,0.00259947,0.00249428,0.00383901,0.00767292,0.0586372,0.0574454
54.056054422,0.00652948,0.0030197,0.00235063,0.0120581,0.0142989,0.00383411,0.00124713,0.00202514,0.00292333,0.00412428,0.0270332,0.02733
54.102494331,0.00462993,0.00332032,0.0033838,0.00504146,0.00567283,0.00254545,0.00181388,0.00171032,0.00224275,0.00528317,0.0160962,0.0154694
54.148934240,0.00641664,0.00367941,0.00395505,0.00698872,0.00746579,0.00341738,0.00230398,0.00155045,0.00260831,0.00231287,0.00797787,0.00774011
54.195374150,0.00304488,0.0545093,0.0557348,0.0125457,0.00412524,0.00706761,0.0270033,0.0280699,0.00832963,0.00395575,0.00759481,0.0125277
54.241814059,0.00501241,0.0360305,0.038537,0.00646235,0.00684133,0.00375282,0.0145196,0.0172393,0.00581512,0.00276552,0.00614562,0.00770278
54.288253968,0.0275925,0.0106238,0.0126645,0.0385817,0.0499025,0.0161305,0.00711411,0.00810662,0.0077544,0.0264873,0.148139,0.139472
54.334693878,0.00974888,0.00799374,0.0143064,0.0177485,0.017329,0.00397778,0.00169088,0.00236125,0.00224623,0.0114312,0.0568371,0.0514781
54.381133787,0.0680386,0.0531557,0.0440443,0.0308355,0.0238089,0.0231207,0.0190931,0.0163802,0.0207642,0.0476942,0.0521814,0.0539808
54.427573696,0.0077536,0.00343897,0.00437141,0.0254087,0.0279264,0.00716905,0.00221168,0.00305466,0.00415862,0.00950692,0.0520946,0.0469976
54.474013605,0.00709595,0.0100062,0.00702434,0.0126784,0.0137853,0.0052564,0.00245628,0.00254383,0.00263662,0.00624295,0.0376525,0.0391491
54.520453515,0.0235549,0.014833,0.00866112,0.0212928,0.0266028,0.00648947,0.00384521,0.0039094,0.00363221,0.0130245,0.0872934,0.0825112
54.566893424,0.0074789,0.00827047,0.00703297,0.0117335,0.0113352,0.00337616,0.0025496,0.00316136,0.00418506,0.0176823,0.0631282,0.0529949
54.613333333,0.113398,0.0246051,0.00883852,0.00789063,0.0372388,0.0485509,0.0161131,0.00498885,0.00723322,0.00657833,0.0375178,0.146823
54.659773243,0.0431297,0.011089,0.00507174,0.00846906,0.0173377,0.0159693,0.00298376,0.00220122,0.00234631,0.00406408,0.0121434,0.0461005
54.706213152,0.0207634,0.0048032,0.00419021,0.00642254,0.0049957,0.00985411,0.00412426,0.00167524,0.000996257,0.00514805,0.0131554,0.0167683
54.752653061,0.0171032,0.0090614,0.00664663,0.00357187,0.00692795,0.00796423,0.00319478,0.00209259,0.00196442,0.00383091,0.00776929,0.018934
54.799092971,0.0117411,0.00448366,0.00593785,0.00765654,0.00618155,0.00668029,0.00387404,0.00415699,0.00390225,0.00445154,0.0052498,0.0108223
54.845532880,0.00828755,0.0057502,0.00402577,0.023531,0.0267959,0.00708592,0.00353351,0.00212993,0.0034338,0.0128496,0.0705177,0.0628369
54.891972789,0.0140311,0.00659273,0.00379607,0.0120453,0.0106801,0.00350383,0.00220885,0.00213124,0.00302215,0.00747064,0.0394369,0.0395359
54.938412698,0.00549159,0.00507506,0.00334942,0.00785238,0.0110755,0.00483046,0.00138306,0.00162978,0.00287866,0.00331206,0.0254226,0.0237639
54.984852608,0.00565798,0.00321084,0.00421801,0.00759448,0.00801114,0.00496937,0.00308541,0.0023559,0.0024826,0.00421264,0.0230174,0.0224142
55.031292517,0.174483,0.206855,0.0889223,0.0249137,0.014292,0.0392076,0.0513738,0.0270718,0.0105879,0.0150526,0.0233928,0.0475729
55.077732426,0.0582018,0.0556457,0.0126215,0.00864456,0.00650648,0.0135192,0.0157962,0.00401266,0.00247418,0.00439587,0.00983203,0.015534
55.124172336,0.0303671,0.0300623,0.0079317,0.0050248,0.00404127,0.00954874,0.0128523,0.00431677,0.00243214,0.00207269,0.00782544,0.00979277
55.170612245,0.0147091,0.0122979,0.00287407,0.00377388,0.00292184,0.00781691,0.00727191,0.00385834,0.00261184,0.00229461,0.00904428,0.00812288
55.217052154,0.00692692,0.00652297,0.00337772,0.00335,0.00490292,0.00474012,0.00431765,0.00321396,0.0021468,0.00470962,0.0129917,0.0126763
55.263492063,0.00587866,0.00388547,0.0229604,0.0307608,0.00972452,0.00398714,0.00548644,0.00447547,0.0154753,0.0785319,0.0748183,0.0176905
55.309931973,0.00985724,0.00578861,0.0173831,0.0196015,0.00673979,0.00473025,0.00477918,0.00310099,0.00974122,0.048515,0.0396619,0.0100801
55.356371882,0.00281171,0.00487822,0.00621919,0.00952582,0.0031345,0.00234148,0.00333457,0.00395358,0.0070213,0.0357064,0.0366984,0.0112955
55.402811791,0.00431739,0.00238038,0.00491606,0.00588326,0.00358374,0.00374612,0.00322166,0.00280689,0.00611018,0.023296,0.0226642,0.00566092
55.449251701,0.0873389,0.0693618,0.0560131,0.0491001,0.0409565,0.0306586,0.0334862,0.0388612,0.0439944,0.0508202,0.0945935,0.114873
55.495691610,0.0114103,0.00638548,0.00872961,0.0220737,0.0219113,0.00686589,0.0051438,0.00803087,0.00755948,0.00960042,0.0482124,0.044839
55.542131519,0.00828292,0.00401799,0.00330637,0.011287,0.012063,0.00346616,0.0036534,0.00301503,0.00336583,0.00802884,0.0354405,0.0347236
55.588571429,0.00622055,0.00657795,0.0066955,0.00651819,0.00827072,0.00471613,0.00468318,0.00617887,0.00480722,0.00463217,0.0246519,0.0244347
55.635011338,0.00572584,0.00437503,0.00449963,0.0074306,0.00757721,0.00533206,0.00271721,0.00299551,0.00534033,0.0103347,0.0201074,0.0154731
55.681451247,0.0155519,0.0138899,0.0121237,0.0348006,0.0393939,0.0153851,0.012029,0.0118357,0.00505646,0.0126115,0.0939521,0.0885008
55.727891156,0.0146665,0.00785426,0.00284288,0.0105746,0.0139649,0.00572622,0.00484021,0.00254311,0.00299112,0.0107012,0.0483883,0.0463488
55.774331066,0.00718804,0.00508999,0.00605648,0.00984927,0.00828886,0.00406442,0.00434895,0.00456449,0.00267749,0.00760697,0.0304099,0.027646
55.820770975,0.00805441,0.00888886,0.00448216,0.00822811,0.00934204,0.00455019,0.00268703,0.00409671,0.00362024,0.00694902,0.021703,0.0161591
55.867210884,0.0159165,0.0142945,0.0122962,0.0120659,0.0142191,0.0240566,0.0354637,0.0383526,0.0389815,0.0313647,0.0341891,0.0315939
55.913650794,0.00848032,0.0116383,0.0157523,0.0117451,0.011085,0.0178451,0.0227207,0.0179152,0.0158298,0.0160956,0.0191227,0.0299527
55.960090703,0.00349852,0.00490217,0.00386108,0.0062097,0.00701867,0.00598245,0.00710544,0.00714179,0.005217,0.00789829,0.0121237,0.0148269
56.006530612,0.00636967,0.00815337,0.00580778,0.00677346,0.00579051,0.0025003,0.00481527,0.00659779,0.00330625,0.00584214,0.00734075,0.00499911
56.052970522,0.0094469,0.00900317,0.00611802,0.00529556,0.00588079,0.00435226,0.00412577,0.00364285,0.00352766,0.00649748,0.0121517,0.00794572
56.099410431,0.0120639,0.00836244,0.023394,0.030102,0.017703,0.0169543,0.0116873,0.0107429,0.0181652,0.0880973,0.0878728,0.0202084
56.145850340,0.00377668,0.00644477,0.0169811,0.017138,0.005781,0.00373819,0.00464037,0.00523709,0.0102976,0.0480385,0.0425875,0.0107155
56.192290249,0.00178979,0.00161828,0.011515,0.0119859,0.00442137,0.00342982,0.00193077,0.0053836,0.0082065,0.032965,0.0339236,0.010373
56.238730159,0.00241775,0.00284788,0.00599771,0.00714848,0.00347042,0.00345624,0.00426156,0.00499454,0.00848355,0.026329,0.0257906,0.00759447
56.285170068,0.0477111,0.0920621,0.111991,0.0974228,0.0698447,0.0610655,0.0703102,0.0637199,0.0423333,0.0298044,0.0275821,0.0328302
56.331609977,0.00874672,0.0429543,0.0418304,0.013941,0.00590949,0.00785186,0.0173316,0.0204322,0.00814963,0.00740239,0.00712617,0.0063825
56.378049887,0.00770136,0.0295053,0.0269508,0.0111426,0.00708077,0.00758514,0.00879556,0.0110595,0.00748227,0.00862173,0.0104992,0.00735784
56.424489796,0.0168489,0.012468,0.0153606,0.0214618,0.0264381,0.0109705,0.00697075,0.00981911,0.00828885,0.00940956,0.0588265,0.0563593
56.470929705,0.00764749,0.00750761,0.00797217,0.012196,0.0140645,0.00621969,0.00289766,0.00510112,0.00489079,0.0099072,0.0425801,0.0399268
56.517369615,0.0199523,0.0107834,0.0127873,0.0265063,0.0312822,0.0112656,0.0109573,0.00931197,0.0104372,0.0209484,0.0877614,0.0827527
56.563809524,0.0109001,0.00679199,0.00867125,0.0128583,0.0144286,0.0070846,0.00378497,0.00460339,0.00535148,0.0104314,0.0449261,0.0450431
56.610249433,0.0235999,0.0114915,0.011283,0.0366161,0.0446372,0.0133045,0.00332087,0.00762201,0.00933077,0.0170134,0.120979,0.116596
56.656689342,0.00680891,0.00737809,0.00536571,0.013824,0.0133103,0.00476959,0.00425504,0.00444578,0.00373392,0.00850148,0.0466098,0.0436086
56.703129252,0.0893751,0.0407027,0.0149842,0.060302,0.0589286,0.0327618,0.0340155,0.0381877,0.0326983,0.052205,0.179856,0.210196
56.749569161,0.0161629,0.0104161,0.0117143,0.0175258,0.0209705,0.015223,0.0153137,0.0149983,0.0147102,0.0144297,0.0698086,0.0753956
56.796009070,0.0291534,0.0254537,0.0279889,0.028036,0.0201259,0.0183769,0.014922,0.0098209,0.0121453,0.0252948,0.0362037,0.0711954
56.842448980,0.00482015,0.00606666,0.00302971,0.0167959,0.0219435,0.00712282,0.0045911,0.0043911,0.00583036,0.0141451,0.0499907,0.0427493
56.888888889,0.0139378,0.00652626,0.00635536,0.0133591,0.0137283,0.00557859,0.00427406,0.00552133,0.00625071,0.0125413,0.0395303,0.0357455
56.935328798,0.0114242,0.0115277,0.0223988,0.025297,0.00752557,0.00452681,0.00769098,0.00894838,0.0119242,0.0575909,0.053463,0.0113121
56.981768707,0.00784664,0.00414499,0.00850326,0.0139119,0.0104399,0.00330208,0.00246037,0.00573734,0.00963208,0.0441523,0.0444339,0.0189503
57.028208617,0.00466717,0.00447373,0.00796036,0.00935886,0.00383588,0.0035109,0.0027504,0.00339258,0.00556511,0.0313257,0.037832,0.0155523
57.074648526,0.00419815,0.00418221,0.00884095,0.0104249,0.00792091,0.00548813,0.00501892,0.00531521,0.00960813,0.0232782,0.0215195,0.00929575
57.121088435,0.0216659,0.0103878,0.0119074,0.0354641,0.0439415,0.0208642,0.0142577,0.0184514,0.0160464,0.0272944,0.106039,0.095516
57.167528345,0.0117773,0.0076704,0.00835339,0.00993356,0.0125475,0.00572526,0.00430156,0.00454827,0.00316871,0.011441,0.0510934,0.0459533
57.213968254,0.00699923,0.00204972,0.00179045,0.00756312,0.0100997,0.00396218,0.00179797,0.00509831,0.00537784,0.00414008,0.0266183,0.0289192
57.260408163,0.00824151,0.00451716,0.00448706,0.00677932,0.00441469,0.00154425,0.00288548,0.00345363,0.00460722,0.00783198,0.0225787,0.019245
57.306848073,0.100488,0.0691949,0.0455283,0.0394172,0.0375221,0.0385267,0.0401879,0.0523438,0.059703,0.0813651,0.0992987,0.111877
57.353287982,0.0143594,0.00852598,0.0049046,0.0166178,0.0200914,0.0085039,0.00433526,0.00469895,0.00545807,0.0147822,0.0519847,0.0472503
57.399727891,0.0104653,0.00281553,0.00337405,0.00668948,0.00867854,0.00267981,0.00246696,0.00295886,0.00415907,0.00615518,0.0375561,0.0414619
57.446167800,0.00425734,0.00501211,0.00461383,0.00691513,0.0057737,0.0040571,0.00519269,0.00585052,0.00372221,0.00798912,0.0308554,0.0277356
57.492607710,0.00882456,0.00709406,0.00742613,0.00765729,0.00747873,0.0057765,0.00469305,0.0068017,0.00595376,0.0090634,0.0224099,0.0197314
57.539047619,0.0157748,0.0478793,0.0505088,0.0271331,0.0209246,0.0140195,0.0482491,0.0509756,0.0403794,0.0224552,0.0302847,0.0451893
57.585487528,0.00704494,0.0307661,0.0330003,0.0110935,0.0108016,0.0132874,0.0188679,0.0186171,0.0110879,0.00795556,0.0120117,0.0101198
57.631927438,0.0112948,0.00964512,0.00440651,0.0275563,0.0298789,0.00812526,0.00469611,0.00522313,0.00558467,0.00686131,0.0754343,0.073903
57.678367347,0.0137879,0.00700728,0.0113972,0.0124939,0.0163091,0.00348712,0.00334351,0.00444504,0.00493666,0.0112796,0.0526054,0.0515659
57.724807256,0.0218375,0.00890812,0.010132,0.0290817,0.0384964,0.0176256,0.0183252,0.0172006,0.0141009,0.0279694,0.117489,0.11085
57.771247166,0.0037746,0.00387356,0.00726328,0.0130513,0.0121406,0.00324455,0.00451828,0.00582729,0.00405989,0.0101771,0.0448281,0.0379684
57.817687075,0.00480746,0.00687678,0.00589464,0.0110945,0.0109668,0.00261472,0.00257816,0.00200234,0.00361453,0.00460538,0.0127,0.0166989
57.864126984,0.00392711,0.00481654,0.00714622,0.00761936,0.00708749,0.00577211,0.00670157,0.00701306,0.00656139,0.00702339,0.0178756,0.0150078
57.910566893,0.180172,0.114066,0.0574493,0.044484,0.0628535,0.0445861,0.0338785,0.0434287,0.0333531,0.0280463,0.0504476,0.14626
57.957006803,0.0380888,0.00544317,0.00736191,0.00727462,0.0148868,0.0176195,0.0043759,0.00449453,0.00487444,0.004677,0.0127938,0.041261
58.003446712,0.0269391,0.0111617,0.00916216,0.00955844,0.018486,0.0154593,0.0217662,0.0237823,0.0198337,0.018393,0.0245136,0.0421022
58.049886621,0.0181392,0.00983232,0.00566819,0.00713282,0.00719768,0.00940678,0.00838865,0.00603082,0.00813736,0.00577494,0.013763,0.0117013
58.096326531,0.0116296,0.0062499,0.00547752,0.00625681,0.00768865,0.00795947,0.00970768,0.0082083,0.00898572,0.00705577,0.00890822,0.0134627
58.142766440,0.0043334,0.00513605,0.00479499,0.0049557,0.00529163,0.00724085,0.00851563,0.00913612,0.00907907,0.0101648,0.0157064,0.0133479
58.189206349,0.00493092,0.00451108,0.00608233,0.00389277,0.00473587,0.00610704,0.00379812,0.00450986,0.00497895,0.00411286,0.00995962,0.0101423
58.235646259,0.00593967,0.00266934,0.00270945,0.00354866,0.00430606,0.00336034,0.00371234,0.00360955,0.00320198,0.00356131,0.0105907,0.00951442
58.282086168,0.00464712,0.00622476,0.00570519,0.00706676,0.00519432,0.0058696,0.00384148,0.00494539,0.00570125,0.00631842,0.00711179,0.00562496
58.328526077,0.0123331,0.0147024,0.0116162,0.0158219,0.0173622,0.0167357,0.0264044,0.0374201,0.0328545,0.0333902,0.0226862,0.0139938
58.374965986,0.00726552,0.00898537,0.0110337,0.00978726,0.0102712,0.0105854,0.0116453,0.0197757,0.0158336,0.0106553,0.0185505,0.0156203
58.421405896,0.00459196,0.00635927,0.00336337,0.00235943,0.00486,0.00353507,0.00413797,0.00529837,0.00553452,0.00409209,0.00297231,0.0032434
58.467845805,0.00433091,0.00520217,0.00544038,0.00311788,0.0033719,0.002792,0.00367451,0.00542236,0.00345125,0.00398056,0.00496671,0.00295694
58.514285714,0.0183047,0.0163652,0.0383834,0.0452787,0.0220078,0.0112785,0.0208925,0.017246,0.033422,0.1469,0.132296,0.0264578
58.560725624,0.00292385,0.00315278,0.0114109,0.0138072,0.00330802,0.005233,0.00571519,0.00507685,0.0142865,0.0581388,0.0559338,0.0148812
58.607165533,0.0038532,0.00358244,0.0107366,0.0112412,0.00401632,0.00279986,0.00279042,0.00334772,0.00792204,0.0356612,0.0312061,0.00486408
58.653605442,0.00324913,0.00432323,0.00920743,0.0116644,0.00633272,0.00547165,0.00561457,0.00559752,0.00942896,0.0291731,0.0280213,0.00798851
58.700045351,0.110662,0.0537611,0.0433174,0.0609029,0.0510153,0.0304723,0.025082,0.039244,0.0381164,0.0508142,0.156905,0.202611
58.746485261,0.00773392,0.0101864,0.00623733,0.0150619,0.018243,0.00689721,0.00572494,0.00534311,0.00384803,0.00999431,0.0487038,0.0455388
58.792925170,0.0036944,0.00432708,0.0055341,0.00712756,0.0083734,0.00274818,0.00268746,0.0030293,0.00359761,0.00633763,0.0317377,0.0282612
58.839365079,0.00684302,0.00458574,0.00319739,0.00784647,0.0101783,0.00361519,0.00354614,0.00409324,0.00562501,0.0101037,0.0270061,0.0231555
58.885804989,0.00904772,0.0113875,0.010381,0.0114644,0.0103989,0.0127432,0.0122056,0.0119048,0.0135906,0.0134583,0.0212869,0.0226261
58.932244898,0.0226691,0.00771797,0.00371629,0.0190187,0.0230719,0.00561373,0.00556929,0.00672737,0.00907134,0.0128474,0.0705846,0.0738337
58.978684807,0.0123741,0.00415536,0.00225998,0.0127053,0.017227,0.00692131,0.00338194,0.00445948,0.00357803,0.0100921,0.0464776,0.0441183
59.025124717,0.00821994,0.00390057,0.00379614,0.00981933,0.0104721,0.00393548,0.00467947,0.00412296,0.00373264,0.00765325,0.0291053,0.0293196
59.071564626,0.0118254,0.00661624,0.008205,0.00956471,0.00981962,0.0108396,0.00720592,0.00968006,0.00696652,0.00944545,0.0236079,0.0253933
59.118004535,0.024209,0.0184345,0.0133816,0.0137702,0.013337,0.0195059,0.0310297,0.0253996,0.0336515,0.0197388,0.0293402,0.0407865
59.164444444,0.00775812,0.00852987,0.00572056,0.00422134,0.00778282,0.0128154,0.00544169,0.00855698,0.00931746,0.0108015,0.0183252,0.0159274
59.210884354,0.00890183,0.00981851,0.0120539,0.00762745,0.0103854,0.00806924,0.00820923,0.0139908,0.0133925,0.0169184,0.015465,0.00999328
59.257324263,0.00664009,0.00344753,0.00381624,0.00514384,0.00519857,0.00433802,0.0071417,0.00889494,0.00749348,0.00846253,0.0137399,0.013353
59.303764172,0.00903075,0.0105935,0.023618,0.0334696,0.00840437,0.0132172,0.0135678,0.0139269,0.022263,0.0861661,0.0859314,0.0186299
59.350204082,0.00520646,0.00440775,0.0158784,0.0174406,0.00648842,0.00401671,0.0057297,0.0078188,0.0148495,0.0531777,0.0496294,0.0117407
59.396643991,0.00391732,0.00493838,0.0109101,0.0135264,0.0072809,0.0028131,0.00334068,0.00460819,0.00789605,0.0388321,0.0396477,0.00997491
59.443083900,0.00680562,0.00442752,0.00593635,0.0088472,0.00664687,0.00359381,0.00340739,0.00634931,0.00952238,0.0271809,0.0224077,0.00537399
59.489523810,0.0180465,0.0940249,0.0856955,0.0200103,0.011151,0.0130393,0.0436048,0.0448911,0.018397,0.0101847,0.0168351,0.0162552
59.535963719,0.00878081,0.0504481,0.0512732,0.0106669,0.00440696,0.00460763,0.0129452,0.0172435,0.00667409,0.004873,0.00425775,0.00411274
59.582403628,0.021566,0.0114636,0.0142191,0.0364915,0.0455984,0.013907,0.00566552,0.0054436,0.0099337,0.0278961,0.1354,0.121617
59.628843537,0.00633974,0.0102078,0.00686747,0.0154685,0.0205047,0.00738997,0.00508565,0.00519056,0.00649625,0.00985706,0.0520261,0.0466501
59.675283447,0.0348092,0.0132395,0.017788,0.0476693,0.0581026,0.024022,0.00749891,0.0141249,0.0141129,0.0243056,0.150174,0.151748
59.721723356,0.0115758,0.0112747,0.0101771,0.0113326,0.0146392,0.00453841,0.00478674,0.00347607,0.00458574,0.0162474,0.0617253,0.0549896
59.768163265,0.0357134,0.0138722,0.0111175,0.0424126,0.0604084,0.025009,0.00841417,0.0119998,0.0117199,0.0438229,0.188916,0.184692
59.814603175,0.0138589,0.00386466,0.00611861,0.0180543,0.0211405,0.00799119,0.00716009,0.00702408,0.00265532,0.00678266,0.0494113,0.0530215
59.861043084,0.0619282,0.0244593,0.0172271,0.0525937,0.0633903,0.0322894,0.0396477,0.0442592,0.0328394,0.054038,0.190901,0.192713
59.907482993,0.0228431,0.0113213,0.0117529,0.0214422,0.0256374,0.0149496,0.0169218,0.0155383,0.0149183,0.0158765,0.0752072,0.0881895
59.953922902,0.00714045,0.00503255,0.00665714,0.0104925,0.0125821,0.00502344,0.00606148,0.00791196,0.00414471,0.0109059,0.0455134,0.0380846
60.000362812,0.0139324,0.0074715,0.00570884,0.0120993,0.0123029,0.00606161,0.00558986,0.00769146,0.00686141,0.0094307,0.0368293,0.0373432
60.046802721,0.0607817,0.0410347,0.0543782,0.0413375,0.0311441,0.018407,0.0254985,0.0300114,0.0748252,0.172603,0.198567,0.117387
60.093242630,0.0112819,0.00727569,0.0238631,0.0274123,0.0108765,0.00515825,0.00455479,0.00475724,0.0153193,0.0678635,0.0638439,0.021649
60.139682540,0.0105576,0.00489892,0.0118206,0.0131264,0.00362901,0.00280539,0.00354991,0.00449049,0.00710716,0.0460156,0.0451721,0.0126283
60.186122449,0.00842695,0.0120718,0.0107375,0.00940035,0.00807254,0.00455373,0.00527977,0.00512621,0.00590588,0.0342775,0.0331727,0.00695741
60.232562358,0.124602,0.0827884,0.0655031,0.065005,0.0447783,0.0286391,0.0374804,0.0492037,0.0520674,0.0654153,0.116168,0.158032
60.279002268,0.0199207,0.0113272,0.00668228,0.0203,0.0244569,0.00701334,0.00466087,0.00777935,0.00584196,0.0139993,0.0593078,0.0608651
60.325442177,0.00723386,0.0046008,0.00342918,0.0114279,0.0133894,0.00468573,0.00268834,0.00321868,0.00538597,0.00808554,0.0355651,0.0349191
60.371882086,0.0054321,0.00525449,0.00653451,0.00600877,0.00996011,0.0033283,0.00487689,0.0061362,0.00638342,0.0181101,0.040534,0.0312752
60.418321995,0.0584641,0.043329,0.0329213,0.0305689,0.0245979,0.0244531,0.0217691,0.0303321,0.0455591,0.0574679,0.0666732,0.0812752
60.464761905,0.0076865,0.00761279,0.00664303,0.0226535,0.0285834,0.0110423,0.00564104,0.00731765,0.0067437,0.0141221,0.0542496,0.0447775
60.511201814,0.00825351,0.00364657,0.00486509,0.0141622,0.0155441,0.0059716,0.00329659,0.00465016,0.00521689,0.00507386,0.030401,0.0326904
60.557641723,0.00883838,0.00336524,0.00353837,0.00844979,0.0104651,0.00481294,0.00321983,0.00472853,0.00627363,0.00819504,0.0343533,0.0332634
60.604081633,0.0366103,0.0424499,0.0502935,0.0525619,0.0483943,0.0423513,0.0370953,0.0329032,0.0271013,0.0220705,0.0334427,0.0450222
60.650521542,0.0139002,0.0530516,0.0583746,0.0240505,0.0121082,0.0146005,0.0354976,0.0353616,0.01828,0.0161123,0.0127457,0.0276817
60.696961451,0.0469665,0.0199527,0.0461954,0.0404733,0.0217954,0.021057,0.01421,0.0211429,0.0204623,0.0359812,0.0534061,0.0580849
60.743401361,0.0117841,0.00674988,0.0104368,0.0255815,0.0240757,0.00635842,0.00747811,0.00710911,0.00575531,0.0164385,0.0650831,0.0553949
60.789841270,0.0369893,0.0316255,0.0162557,0.0179314,0.0221788,0.0173663,0.0142485,0.0195748,0.01866,0.0183484,0.0496957,0.0408602
60.836281179,0.0118614,0.0124906,0.0165257,0.0282689,0.027193,0.0107059,0.00544852,0.00786149,0.00887868,0.017272,0.0677498,0.0601617
60.882721088,0.0145681,0.020396,0.027932,0.0185317,0.0188461,0.014009,0.00942076,0.0135329,0.0152529,0.0155741,0.0481931,0.0573407
60.929160998,0.00639189,0.00835259,0.0075522,0.0257002,0.0259102,0.00684358,0.00437071,0.00832311,0.00734577,0.0149553,0.0602382,0.0525944
60.975600907,0.0518244,0.0407339,0.0485429,0.0379156,0.045891,0.0278301,0.0237754,0.0222793,0.0203765,0.0261937,0.0205421,0.0600832
61.022040816,0.0569023,0.0111437,0.00801256,0.0104248,0.020062,0.0215412,0.00733723,0.00938025,0.00826533,0.00936215,0.0158425,0.0646517
61.068480726,0.0271084,0.00834168,0.00673098,0.00597483,0.00773278,0.0136888,0.00648344,0.00422783,0.00351938,0.00433265,0.00924456,0.0249136
61.114920635,0.0225517,0.00944971,0.00316958,0.0042257,0.0107417,0.0100881,0.00561449,0.00528246,0.00547564,0.00560436,0.0117736,0.0253297
61.161360544,0.0562924,0.0567486,0.0480246,0.0452024,0.0367004,0.0333913,0.0307629,0.0278079,0.0297297,0.0441717,0.0640487,0.0602356
61.207800454,0.0114396,0.00853649,0.00883528,0.0193847,0.0215212,0.00891695,0.00724563,0.0105428,0.0100484,0.0154225,0.0669814,0.0566739
61.254240363,0.0143535,0.0179021,0.0196691,0.0261374,0.0232798,0.0255815,0.0347191,0.0387596,0.0356947,0.0222552,0.0453704,0.044619
61.300680272,0.00986345,0.00604676,0.00690862,0.0104041,0.0097957,0.00725631,0.00627547,0.007459,0.00748528,0.0070475,0.0214019,0.0205867
61.347120181,0.0955654,0.111842,0.0954732,0.0707345,0.057635,0.0595144,0.059894,0.0504236,0.0489343,0.0376848,0.0386306,0.0665377
61.393560091,0.0615587,0.0630822,0.0265228,0.00886659,0.0112382,0.0260131,0.0311733,0.0247815,0.0226814,0.0189302,0.0269154,0.0368071
61.440000000,0.0370728,0.0340354,0.00946604,0.00366918,0.00906811,0.0147155,0.014569,0.00627601,0.00568467,0.00646124,0.0179474,0.0243491
61.486439909,0.0207162,0.0191149,0.0051637,0.00201162,0.0033378,0.00708574,0.00946156,0.00526567,0.00603899,0.00407441,0.00569589,0.00760939
61.532879819,0.072331,0.0498552,0.0488672,0.0309512,0.0196367,0.0170533,0.0345735,0.0485741,0.0849871,0.134354,0.176496,0.135254
61.579319728,0.00712769,0.00697943,0.0205481,0.0254981,0.00799074,0.00477237,0.00482618,0.00764143,0.0164429,0.0641843,0.0603488,0.0135049
61.625759637,0.00542698,0.00630124,0.00805211,0.011822,0.00643769,0.00269993,0.00352971,0.00523032,0.00910426,0.0415407,0.0500544,0.0201891
61.672199546,0.0241773,0.0275926,0.0273868,0.027709,0.0204788,0.0163606,0.0124536,0.0132036,0.0129509,0.0390702,0.0416456,0.018358
61.718639456,0.150502,0.170116,0.199415,0.193153,0.164739,0.172159,0.163392,0.151346,0.151914,0.157714,0.143157,0.122346
61.765079365,0.126082,0.116201,0.0886746,0.0708634,0.0621282,0.0461946,0.0437815,0.0499783,0.0520258,0.0407544,0.0282164,0.0152124
61.811519274,0.0638314,0.0541777,0.0422604,0.0417968,0.0211932,0.0110602,0.00895124,0.0133223,0.016049,0.0105796,0.017196,0.0211718
61.857959184,0.0295297,0.0181132,0.0137202,0.0260802,0.0269812,0.0129472,0.0105987,0.0157308,0.0119708,0.019191,0.0372162,0.0455036
61.904399093,0.060894,0.023465,0.0168063,0.0577465,0.067237,0.0277042,0.0257417,0.0377974,0.0364698,0.0439633,0.17015,0.186264
61.950839002,0.0327391,0.0156962,0.0207993,0.0489631,0.0543022,0.0207783,0.0111047,0.0286994,0.0281584,0.0249652,0.0721624,0.0847252
61.997278912,0.0247875,0.0136013,0.0158877,0.045525,0.0514737,0.0164738,0.00741335,0.0273358,0.0265831,0.0174374,0.0613706,0.0714883
62.043718821,0.0463838,0.0456497,0.0364067,0.0619122,0.0549477,0.0246362,0.0172424,0.0354509,0.0348225,0.0326222,0.0413992,0.0640283
62.090158730,0.159653,0.171784,0.169342,0.171376,0.146383,0.141911,0.128738,0.12085,0.107338,0.0939773,0.0861629,0.0950875
62.136598639,0.10863,0.0994946,0.0756285,0.0696681,0.0491475,0.0354282,0.0383794,0.0416966,0.0437127,0.0307556,0.0254325,0.015841
62.183038549,0.0585963,0.0485411,0.0359014,0.0358678,0.0167919,0.0108321,0.00886389,0.0114936,0.0150156,0.0102787,0.0196643,0.0199032
62.229478458,0.0299046,0.0143132,0.0128835,0.0238572,0.0275256,0.0162293,0.00887748,0.0146656,0.0139276,0.0142567,0.0307983,0.0449359
62.275918367,0.0314664,0.013837,0.0283322,0.0609728,0.0515495,0.0197814,0.0189398,0.0270576,0.0399229,0.093881,0.117973,0.0759761
62.322358277,0.0322375,0.0120415,0.0216857,0.0495597,0.0529561,0.0208207,0.0119674,0.0311927,0.0299738,0.0356069,0.0714499,0.0673121
62.368798186,0.0266433,0.0120673,0.0139035,0.0468016,0.048102,0.0177736,0.00846817,0.0290456,0.0260739,0.025351,0.0596547,0.0655052
62.415238095,0.0315032,0.0222541,0.0255529,0.0485955,0.0442666,0.0183485,0.0137807,0.0280074,0.0302574,0.0292692,0.058905,0.0602295
62.461678005,0.0282752,0.0231743,0.0237753,0.0262287,0.0214735,0.0130251,0.0115111,0.0116673,0.0108907,0.0200663,0.0246716,0.024102
62.508117914,0.00917464,0.00949896,0.00777664,0.00885805,0.00715687,0.00474076,0.00562449,0.00782073,0.00832202,0.00644067,0.00524271,0.00493006
62.554557823,0.00550037,0.00665713,0.00607928,0.00609898,0.00776153,0.00648145,0.00522138,0.0051452,0.00559729,0.00619758,0.0073811,0.00789583
62.600997732,0.0628757,0.0631265,0.0618987,0.0630046,0.0567957,0.0509703,0.0470561,0.0422239,0.0404267,0.0363176,0.0320918,0.0311738
62.647437642,0.13336,0.141685,0.135846,0.116912,0.110729,0.100889,0.0874732,0.0974512,0.0950888,0.0625506,0.0583947,0.0579958
62.693877551,0.103053,0.0930734,0.0680498,0.0645624,0.0396903,0.0214905,0.0268457,0.033752,0.0306432,0.0172643,0.017234,0.0147705
62.740317460,0.0430325,0.0270598,0.027528,0.0282368,0.0163935,0.0105266,0.00462668,0.00926071,0.0120989,0.00967329,0.0169632,0.0143201
62.786757370,0.0745669,0.0720675,0.0784593,0.0775087,0.0734017,0.0630012,0.0582512,0.0532931,0.044836,0.0494435,0.0641481,0.0653187
62.833197279,0.13796,0.140306,0.125252,0.107191,0.104705,0.0937855,0.0778262,0.0912913,0.0935331,0.058429,0.0588886,0.0557753
62.879637188,0.0934281,0.0840748,0.0616409,0.0599317,0.0327597,0.0213345,0.025825,0.0297908,0.0266861,0.0144878,0.0206,0.0195746
62.926077098,0.04361,0.0324065,0.0219872,0.030538,0.0189492,0.00836722,0.00876567,0.0146704,0.0133161,0.0122443,0.027134,0.0347678
62.972517007,0.0297132,0.0122072,0.00964792,0.0312331,0.0381152,0.0162841,0.00744334,0.0144389,0.0100764,0.0167792,0.0562508,0.0681134
63.018956916,0.0392193,0.0154937,0.0169207,0.0428833,0.0477401,0.0241527,0.0186371,0.0330138,0.0336537,0.0418693,0.0741847,0.0749386
63.065396825,0.0228981,0.0163523,0.022573,0.0498936,0.0501484,0.0187991,0.0125126,0.0258751,0.0312337,0.0340657,0.0701196,0.0692039
63.111836735,0.0225232,0.0171895,0.0158681,0.0427312,0.0506985,0.0142174,0.0118861,0.0282126,0.0289784,0.0252272,0.0584106,0.0642797
63.158276644,0.122237,0.113303,0.116658,0.127201,0.108868,0.0854675,0.0847056,0.0802711,0.0590162,0.0782465,0.0477099,0.0773001
63.204716553,0.130971,0.130742,0.117991,0.101798,0.0926354,0.07168,0.0543016,0.0719741,0.0712664,0.0518202,0.039922,0.0337057
63.251156463,0.0825414,0.0699639,0.0596855,0.0593548,0.0393751,0.0188239,0.0157581,0.0279477,0.0203372,0.0110093,0.0165363,0.0149054
63.297596372,0.0382886,0.0428941,0.0277673,0.0152312,0.0116549,0.0178519,0.020262,0.0145484,0.00707125,0.0128504,0.0140796,0.0134646
63.344036281,0.0511861,0.0578341,0.0286687,0.0111635,0.0150435,0.0340694,0.0423173,0.0218176,0.0116238,0.0169685,0.0235442,0.0215021
63.390476190,0.0718834,0.0690902,0.030691,0.022078,0.0225081,0.0361652,0.0416292,0.0200594,0.00970356,0.0426409,0.0642701,0.0515967
63.436916100,0.0654975,0.0700672,0.0252682,0.0148192,0.0171619,0.0405324,0.0422973,0.0140267,0.00925417,0.0327934,0.0419773,0.0326388
63.483356009,0.0728654,0.0661193,0.0297026,0.023298,0.0252749,0.0266549,0.0482431,0.019767,0.0128985,0.0343784,0.0346125,0.022091
63.529795918,0.152149,0.156972,0.147856,0.1611,0.156553,0.148828,0.165694,0.157615,0.144248,0.129284,0.110196,0.0992584
63.576235828,0.128626,0.121397,0.107323,0.0799591,0.0753291,0.0618924,0.0514905,0.0632934,0.0573546,0.0440229,0.030467,0.0203641
63.622675737,0.0827241,0.068344,0.0581884,0.0546582,0.0380597,0.0191247,0.0170977,0.0301569,0.0223649,0.0117021,0.0212171,0.0215211
63.669115646,0.0394845,0.045609,0.0216102,0.0116926,0.0126507,0.0200841,0.0242297,0.0102297,0.00398183,0.00994133,0.020707,0.0230313
63.715555556,0.112703,0.100883,0.0503026,0.0387888,0.0356355,0.0537005,0.0648734,0.0546235,0.0419718,0.0500275,0.0953485,0.11873
63.761995465,0.0591673,0.0698372,0.0288377,0.0135286,0.0175897,0.0346688,0.0460294,0.0210942,0.0138046,0.0278322,0.0415121,0.0309267
63.808435374,0.0638279,0.0644707,0.0189178,0.00876987,0.013287,0.0380321,0.0448948,0.0151684,0.00892786,0.0299241,0.035131,0.0239917
63.854875283,0.066284,0.0680872,0.0236995,0.0122167,0.0161092,0.0393777,0.0435181,0.0168979,0.0115728,0.0333753,0.0337758,0.0218037
63.901315193,0.0471565,0.0439866,0.0287614,0.0179115,0.0190947,0.0266485,0.0261303,0.0178139,0.0131548,0.0166546,0.0204078,0.0245006
63.947755102,0.0136418,0.00970677,0.00703837,0.00943052,0.00899359,0.00691991,0.00579293,0.00480422,0.0032763,0.00184613,0.0110199,0.011517
63.994195011,0.00557285,0.00563084,0.00303792,0.00361129,0.00464774,0.00332224,0.00196525,0.00381037,0.00350473,0.00267342,0.00719224,0.0102835
64.040634921,0.0272894,0.0283427,0.0277626,0.0289524,0.0265678,0.0197329,0.0164641,0.0164105,0.0111666,0.0136427,0.0124259,0.0124618
64.087074830,0.166381,0.177732,0.177828,0.175512,0.142419,0.163223,0.152677,0.143874,0.126661,0.128999,0.127194,0.109255
64.133514739,0.12226,0.112215,0.0830933,0.0712597,0.0523532,0.0340838,0.036987,0.0450133,0.0428486,0.0306838,0.0190045,0.0120548
64.179954649,0.0587702,0.0455372,0.0424294,0.0386429,0.0240799,0.0113648,0.00533384,0.0112159,0.0143758,0.00913697,0.00832027,0.00751217
64.226394558,0.0343556,0.0265966,0.0379894,0.0346143,0.0250037,0.0257125,0.0206507,0.0205683,0.013949,0.0171653,0.0166186,0.0157037
64.272834467,0.16306,0.167119,0.161733,0.152443,0.141365,0.149197,0.137512,0.134934,0.124291,0.107432,0.103804,0.0993711
64.319274376,0.117982,0.103504,0.0837597,0.0705303,0.0453102,0.0336461,0.034436,0.0453567,0.0390857,0.0289341,0.0186686,0.012635
64.365714286,0.0531688,0.0378182,0.0386173,0.0383735,0.0219619,0.00992379,0.017195,0.0128641,0.0186285,0.015482,0.0117967,0.00893334
64.412154195,0.0309054,0.0405365,0.0403523,0.0129577,0.0109636,0.0215314,0.0290245,0.0212379,0.0091621,0.00793364,0.0130369,0.0125342
64.458594104,0.0430094,0.0731063,0.0531042,0.0288364,0.016971,0.0381423,0.0496038,0.0344009,0.0170028,0.0815433,0.0815596,0.021139
64.505034014,0.0519744,0.0753103,0.0337831,0.0136673,0.0115017,0.0358199,0.0488069,0.0213905,0.0175874,0.0535461,0.0529962,0.0258978
64.551473923,0.0587804,0.069413,0.0279539,0.0151234,0.0146095,0.0362072,0.044306,0.0178542,0.0159274,0.0412954,0.0415768,0.0212191
64.597913832,0.0766605,0.100947,0.0525622,0.0526685,0.0561588,0.0498506,0.0477949,0.0510577,0.0394847,0.0469227,0.0504493,0.0203933
64.644353741,0.13313,0.150057,0.140308,0.119671,0.124785,0.110808,0.0972147,0.109523,0.105476,0.0651398,0.0595673,0.0495618
64.690793651,0.10794,0.0916217,0.0640099,0.0648053,0.0385497,0.0260621,0.0317688,0.0372708,0.0353193,0.0200594,0.0216419,0.0211653
64.737233560,0.0475424,0.0383719,0.0265944,0.0299417,0.0174108,0.00744469,0.00641947,0.010545,0.0121057,0.0108568,0.0177889,0.0224752
64.783673469,0.0247906,0.0101917,0.00825281,0.027841,0.0326549,0.0124198,0.00729901,0.0126659,0.010313,0.0160432,0.0414378,0.0520881
64.830113379,0.0385259,0.022356,0.0193267,0.0406183,0.0495704,0.0163262,0.0146119,0.0296574,0.0304754,0.0186567,0.0750249,0.0867505
64.876553288,0.0292566,0.0175509,0.0183671,0.0474779,0.0527633,0.0193351,0.00957037,0.0273333,0.0291924,0.0223801,0.0668727,0.0780333
64.922993197,0.0274602,0.0148205,0.0139979,0.0436762,0.0544254,0.0151195,0.00783809,0.0292061,0.0262902,0.0212476,0.0670301,0.0756632
64.969433107,0.0974149,0.0803655,0.0874901,0.103772,0.0837288,0.0596123,0.05599,0.0571061,0.034983,0.0578649,0.0374453,0.0771172
65.015873016,0.134497,0.141685,0.126939,0.117337,0.11186,0.0896998,0.0702867,0.0796006,0.0837791,0.053819,0.0483188,0.0502564
65.062312925,0.0891728,0.0798207,0.0612465,0.0602837,0.0316372,0.0210942,0.0253477,0.0282944,0.0239296,0.0131724,0.0191687,0.0135687
65.108752834,0.0459859,0.0342825,0.0210668,0.0266781,0.0170091,0.0123545,0.00825206,0.0119554,0.0108701,0.0109064,0.0193437,0.0247884
65.155192744,0.0273328,0.0141574,0.0149696,0.028794,0.0367337,0.0188767,0.00907659,0.0147043,0.0139613,0.0118419,0.0371892,0.0487223
65.201632653,0.0318986,0.019675,0.0219516,0.0492658,0.0477876,0.0220624,0.0171709,0.0281948,0.031048,0.0440477,0.0748565,0.0730936
65.248072562,0.0195526,0.01322,0.016713,0.0462973,0.0492144,0.0206729,0.0112117,0.0271479,0.0313315,0.0310409,0.0673719,0.0686805
65.294512472,0.022484,0.013378,0.0173577,0.0483066,0.0490143,0.014461,0.0108535,0.0296465,0.0282157,0.0249813,0.0602468,0.0629666
65.340952381,0.0399511,0.029031,0.0362145,0.0484536,0.0393678,0.0172325,0.0141594,0.0276282,0.0313045,0.034407,0.0535426,0.0531608
65.387392290,0.0193327,0.0159773,0.0172588,0.0178497,0.0124796,0.010199,0.00806246,0.00923786,0.00841013,0.0160272,0.0223576,0.0134132
65.433832200,0.00678344,0.00644569,0.00803172,0.0088948,0.00585639,0.00304783,0.00504809,0.00402381,0.00449283,0.00532846,0.00750627,0.0064634
65.480272109,0.0100416,0.0130982,0.0129379,0.0125274,0.0115081,0.00774817,0.00653061,0.00614636,0.00682755,0.00815183,0.0110233,0.00825552
65.526712018,0.135124,0.146504,0.150048,0.144544,0.141484,0.132432,0.122114,0.106765,0.103515,0.107727,0.0962207,0.0916881
65.573151927,0.134281,0.12843,0.107858,0.0781474,0.0838796,0.0649957,0.0519451,0.0646799,0.0615806,0.0526622,0.0406964,0.0264992
65.619591837,0.0834456,0.0730667,0.0621546,0.0398238,0.034206,0.0155465,0.0178968,0.0195447,0.00982413,0.0131374,0.0162082,0.0225613
65.666031746,0.0413008,0.0244926,0.026014,0.0289837,0.0271401,0.0193452,0.0122854,0.00640172,0.00937455,0.0177818,0.0312071,0.0316463
65.712471655,0.125628,0.176007,0.197631,0.189089,0.192407,0.183049,0.154757,0.127266,0.126517,0.144866,0.137023,0.105522
65.758911565,0.122801,0.115925,0.0974251,0.0747477,0.0788921,0.0583462,0.046125,0.0536388,0.057083,0.0472421,0.034152,0.0201748
65.805351474,0.0709549,0.0600866,0.046853,0.0445468,0.0223911,0.0133041,0.0114087,0.0158222,0.0169618,0.00917846,0.0210153,0.0158957
65.851791383,0.0335595,0.0188838,0.0143051,0.0222389,0.0197743,0.0104752,0.00691889,0.0108953,0.00979403,0.0108711,0.0271733,0.0382359
65.898231293,0.0605199,0.0350096,0.0423232,0.0616454,0.0516089,0.0253919,0.0326489,0.046528,0.0647959,0.112736,0.162978,0.128361
65.944671202,0.0359035,0.0176695,0.0212193,0.0466581,0.0480933,0.0207439,0.0143949,0.0318254,0.0323059,0.0364748,0.0691603,0.0705603
65.991111111,0.0235664,0.0107422,0.018398,0.0475351,0.0522641,0.0185149,0.0108445,0.029194,0.0340922,0.0334868,0.0714223,0.0699755
66.037551020,0.0389151,0.0325869,0.0266652,0.0464238,0.0591093,0.02204,0.0161335,0.0345177,0.0378059,0.0423482,0.0699277,0.0581938
66.083990930,0.149903,0.17659,0.191188,0.207649,0.17848,0.168999,0.153139,0.132286,0.111144,0.119296,0.103088,0.0820087
66.130430839,0.119454,0.116375,0.0848912,0.0752753,0.0604899,0.0373021,0.0399975,0.0460871,0.0446238,0.029857,0.019804,0.0116751
66.176870748,0.0626147,0.0500425,0.055122,0.0487646,0.0292783,0.0127629,0.00813405,0.0132942,0.0150867,0.00992655,0.00949637,0.0108714
66.223310658,0.0231361,0.0309339,0.0454198,0.0195601,0.00588065,0.0115237,0.0221051,0.0245831,0.0185364,0.0100639,0.0127151,0.0127899
66.269750567,0.0424369,0.0613677,0.070838,0.0391773,0.0353782,0.0283159,0.0434191,0.0494893,0.0329245,0.0418746,0.1066,0.0949005
66.316190476,0.0191624,0.0568507,0.0715695,0.0269296,0.0101584,0.00922021,0.0359136,0.0404744,0.0165794,0.0115702,0.0339822,0.0339298
66.362630385,0.0196096,0.0661011,0.0681491,0.0218184,0.0103938,0.0132564,0.0364564,0.0407093,0.0138668,0.00850035,0.0349606,0.0311202
66.409070295,0.0419994,0.0890219,0.0745705,0.0347062,0.0424446,0.0361054,0.0301551,0.0520078,0.0253818,0.0144187,0.039584,0.0339617
66.455510204,0.147923,0.172738,0.160721,0.139743,0.139478,0.139832,0.122728,0.1348,0.126773,0.0937233,0.0883937,0.0768846
66.501950113,0.117242,0.0985811,0.0829687,0.0772694,0.0522293,0.0375974,0.039032,0.0443431,0.0403835,0.0267128,0.0163607,0.0134087
66.548390023,0.0570985,0.0490618,0.0382406,0.0346587,0.0264956,0.0137515,0.0142085,0.0177572,0.0135601,0.00734415,0.0167119,0.0173219
66.594829932,0.0371025,0.049295,0.0211755,0.0115182,0.00904203,0.0226327,0.0283127,0.0111978,0.00458465,0.0138135,0.0281933,0.0273445
66.641269841,0.0749169,0.06754,0.0297912,0.0231566,0.0277157,0.0406382,0.0457288,0.0247183,0.0167269,0.0478007,0.0910863,0.07905
66.687709751,0.0729917,0.0738649,0.0270132,0.0203026,0.0181563,0.0347106,0.0401264,0.020439,0.0138547,0.0384495,0.0526427,0.0419821
66.734149660,0.0744743,0.0749269,0.0285904,0.0213397,0.02622,0.0376921,0.0415384,0.0114449,0.0224446,0.0441722,0.0592064,0.0424924
66.780589569,0.0722185,0.0639976,0.0310401,0.0143959,0.0163092,0.0313266,0.0375553,0.0239088,0.0188651,0.0367329,0.0436834,0.0350636
66.827029478,0.0821666,0.031464,0.0182171,0.0123923,0.0285686,0.0339646,0.015335,0.0121713,0.0119795,0.0126471,0.0207921,0.0860362
66.873469388,0.0414908,0.00879355,0.00779824,0.00695841,0.0169009,0.0171514,0.00518627,0.00268111,0.0031096,0.00301137,0.00691598,0.0425516
66.919909297,0.0236023,0.0063449,0.00388002,0.00261436,0.00649068,0.0100859,0.00434303,0.00321753,0.00449983,0.00470055,0.00571361,0.0301936
66.966349206,0.0124823,0.00328643,0.00320033,0.00434553,0.0105528,0.0104281,0.00406383,0.00273425,0.00289339,0.0022633,0.00566836,0.0126501
67.012789116,0.0175254,0.00831042,0.00385092,0.0265362,0.0293364,0.00685229,0.00394099,0.00371696,0.00370071,0.0126679,0.0812373,0.0731342
67.059229025,0.0105651,0.00300766,0.00211101,0.0127428,0.0130364,0.00378762,0.00330342,0.00178424,0.00316301,0.011217,0.0571235,0.0528278
67.105668934,0.00734526,0.00347539,0.0039252,0.00932366,0.00972081,0.00275988,0.00183797,0.00176876,0.00155795,0.00611055,0.0304499,0.0290711
67.152108844,0.00783847,0.00460837,0.00528922,0.00747558,0.00804378,0.0041217,0.0036916,0.00253927,0.0037215,0.00356535,0.0194044,0.0190782
67.198548753,0.0703996,0.0693707,0.0200461,0.00429985,0.00654424,0.0188971,0.0214136,0.00530324,0.00339336,0.00765307,0.0163885,0.0230194
67.244988662,0.0401119,0.0401294,0.0132073,0.00355633,0.00603976,0.010097,0.0136069,0.00398153,0.00389953,0.00537424,0.00846241,0.0049407
67.291428571,0.0243649,0.0190544,0.00293424,0.00467488,0.00411818,0.00731009,0.00916755,0.0033248,0.00210781,0.00250762,0.00444267,0.0106726
67.337868481,0.0161692,0.0155655,0.0111142,0.0067781,0.004998,0.00500962,0.00633744,0.00345384,0.00354634,0.00310605,0.00371376,0.00573874
67.384308390,0.00998075,0.0109577,0.0255603,0.0243921,0.00719036,0.00320996,0.002749,0.00277286,0.00822586,0.0592075,0.0563604,0.00997494
67.430748299,0.00583674,0.00704946,0.0113224,0.0141397,0.00447012,0.00161208,0.00178099,0.00254759,0.00695108,0.0449702,0.0398928,0.00625984
67.477188209,0.0119325,0.0141617,0.0186699,0.0188716,0.010315,0.00791598,0.00620395,0.0037958,0.00649447,0.0347402,0.0401158,0.0131114
67.523628118,0.12208,0.12699,0.131071,0.124627,0.116943,0.113203,0.103245,0.0933766,0.0945523,0.103414,0.0954332,0.0803831
67.570068027,0.141573,0.132226,0.11053,0.086986,0.0879933,0.0743074,0.060675,0.0705588,0.0676166,0.0528419,0.0440465,0.0335255
67.616507937,0.0788533,0.0710047,0.0549047,0.0503281,0.0288144,0.0164178,0.0166729,0.0204885,0.0176299,0.00878441,0.0221385,0.0194807
67.662947846,0.038899,0.0284381,0.0183242,0.0249236,0.0202823,0.0109893,0.00781336,0.0113422,0.0121864,0.0144897,0.0260647,0.0363963
67.709387755,0.0575443,0.0384975,0.0304705,0.0386762,0.0463595,0.0273753,0.0151312,0.0250374,0.0281297,0.0372081,0.0604689,0.0769578
67.755827664,0.0447381,0.0288302,0.0221757,0.0493192,0.0615626,0.0281146,0.0179469,0.0387855,0.0435851,0.0334241,0.0874093,0.100671
67.802267574,0.0299786,0.0186432,0.0162778,0.0548283,0.0618073,0.0204809,0.0108132,0.0332095,0.0292139,0.0183112,0.0732129,0.0823951
67.848707483,0.0322894,0.0310138,0.020078,0.0550654,0.0672552,0.0154726,0.0133184,0.0362903,0.0332427,0.0256472,0.068312,0.0777108
67.895147392,0.17928,0.201474,0.212448,0.206287,0.18832,0.172651,0.156991,0.136193,0.123703,0.127931,0.100529,0.139598
67.941587302,0.124924,0.119956,0.0984216,0.0768206,0.0726126,0.0502981,0.0417348,0.0542838,0.0554367,0.0431876,0.0294209,0.0156368
67.988027211,0.0702585,0.0603965,0.0493855,0.0459633,0.0251874,0.0137918,0.0113011,0.0161738,0.0168395,0.00826454,0.0173112,0.0128706
68.034467120,0.0314539,0.0193641,0.0124365,0.0205598,0.0167398,0.0107759,0.00864763,0.0114953,0.00978129,0.0116955,0.0252374,0.0317764
68.080907029,0.0787719,0.0476423,0.0516136,0.0636324,0.0654247,0.0416859,0.0326866,0.03969,0.0552019,0.0918868,0.132363,0.12833
68.127346939,0.0391857,0.0154469,0.0163841,0.0446125,0.0457643,0.0230189,0.0205577,0.0338691,0.0304833,0.0476329,0.0730798,0.0685118
68.173786848,0.0320267,0.0186797,0.0223132,0.048561,0.0506645,0.0234155,0.0186155,0.0334407,0.0339636,0.0389448,0.0733605,0.0733388
68.220226757,0.0430788,0.0333293,0.0293849,0.052345,0.0637101,0.0259023,0.0177922,0.0316393,0.0354439,0.0473903,0.0674825,0.0567832
68.266666667,0.156643,0.179285,0.197576,0.203161,0.171337,0.171,0.146427,0.137291,0.11229,0.128607,0.115796,0.0891724
68.313106576,0.113889,0.109075,0.0844842,0.0720516,0.0590062,0.0420476,0.0389288,0.0459217,0.0482104,0.0388705,0.025762,0.0117689
68.359546485,0.0710043,0.0548274,0.0425985,0.0469906,0.0258756,0.0170069,0.0140099,0.0173643,0.0200671,0.014717,0.0315506,0.0354772
68.405986395,0.0294486,0.0157845,0.0119489,0.0262421,0.0299314,0.0169593,0.0100515,0.013901,0.0121796,0.0233146,0.0527851,0.0578675
68.452426304,0.0989368,0.043187,0.0298453,0.0597606,0.0738261,0.0311172,0.0240216,0.0352957,0.0395063,0.0454568,0.166561,0.200051
68.498866213,0.0289053,0.0195998,0.0250007,0.0485951,0.0540823,0.0253532,0.0219137,0.0422695,0.0298366,0.023121,0.0807082,0.0888864
68.545306122,0.0645102,0.024139,0.0383903,0.0752086,0.0938815,0.0357482,0.0194759,0.040222,0.0310452,0.0279823,0.134762,0.173825
68.591746032,0.0541725,0.0599205,0.0476691,0.0675252,0.0776061,0.0291131,0.0134338,0.0409404,0.0382417,0.0374231,0.0666559,0.0676823
68.638185941,0.140536,0.159974,0.16007,0.154457,0.146331,0.136615,0.119008,0.11703,0.109292,0.0945595,0.0820903,0.0763253
68.684625850,0.106003,0.0972741,0.0728275,0.0680783,0.0457677,0.0321646,0.0347288,0.0375311,0.0392728,0.0295525,0.0259958,0.015395
68.731065760,0.0595896,0.048034,0.0379265,0.0416562,0.0242942,0.0160164,0.0141704,0.0143827,0.0128469,0.0106724,0.0345768,0.0365423
68.777505669,0.0255859,0.0137309,0.00816008,0.0258984,0.0310505,0.0142965,0.00960181,0.0146437,0.0122676,0.0144118,0.051068,0.0599794
68.823945578,0.0442202,0.025469,0.02654,0.0588998,0.0595712,0.0318108,0.0302449,0.0370676,0.0537059,0.112599,0.140546,0.0939176
68.870385488,0.0380662,0.0217038,0.0237604,0.0503102,0.0516163,0.0209767,0.0151644,0.0277636,0.0294478,0.0425825,0.0794736,0.0705469
68.916825397,0.0279258,0.0162526,0.0217638,0.0481062,0.0523837,0.0212145,0.0176697,0.0302211,0.0284619,0.0320925,0.0681586,0.0589738
68.963265306,0.0743629,0.0697352,0.0572827,0.0796773,0.076854,0.0419091,0.0332524,0.0521496,0.0406022,0.0555279,0.0533887,0.0407371
69.009705215,0.122687,0.144161,0.144017,0.12944,0.12468,0.0993995,0.0803297,0.0934879,0.0941249,0.0620023,0.0488585,0.0490741
69.056145125,0.0977641,0.0856589,0.0769453,0.0739662,0.0450696,0.0264891,0.0274275,0.0372896,0.0309047,0.0210109,0.0202389,0.0164512
69.102585034,0.0455577,0.0427022,0.0348203,0.0250061,0.0178651,0.0157398,0.0163365,0.0124641,0.00869209,0.00917025,0.00951862,0.010963
69.149024943,0.0416551,0.0513889,0.0208881,0.010546,0.00944548,0.0239847,0.0304706,0.0119889,0.00789836,0.0139626,0.020112,0.0245615
69.195464853,0.0589891,0.0725162,0.041844,0.0134009,0.0221184,0.0384498,0.045009,0.0215627,0.0218091,0.033419,0.0703095,0.0632367
69.241904762,0.0550562,0.0685406,0.0314074,0.0150839,0.0215407,0.0391753,0.0430198,0.0214465,0.0103993,0.0268161,0.0421772,0.0296628
69.288344671,0.0638885,0.065992,0.0300406,0.0187605,0.0268115,0.0355997,0.047125,0.0220695,0.00786717,0.0308945,0.0413411,0.0291205
69.334784580,0.115617,0.100157,0.0679184,0.0853831,0.0855976,0.0690335,0.0901132,0.0879262,0.0629759,0.0591122,0.0367952,0.0584414
69.381224490,0.139978,0.129418,0.118451,0.103526,0.102815,0.0954579,0.0829898,0.0899778,0.0815637,0.0454882,0.0466751,0.0451115
69.427664399,0.0894032,0.0749887,0.0620244,0.0644629,0.0412362,0.0253876,0.0203795,0.0317184,0.0233984,0.0156205,0.0178297,0.0140711
69.474104308,0.0454932,0.0440592,0.0295611,0.0190212,0.0200675,0.0167587,0.0187943,0.0110527,0.00653263,0.00721072,0.0237787,0.0263889
69.520544218,0.0452583,0.0586774,0.0287869,0.0172438,0.012603,0.0276066,0.0337597,0.0166009,0.0135108,0.0157874,0.0325859,0.0300779
69.566984127,0.0685971,0.0726357,0.0389373,0.0186782,0.0232939,0.0388641,0.0493506,0.0234836,0.0135978,0.0383579,0.0801153,0.0663945
69.613424036,0.0608171,0.0694535,0.0287262,0.0144047,0.0180171,0.037986,0.0487504,0.022915,0.0120386,0.0318741,0.0452647,0.0336453
69.659863946,0.0706977,0.0668362,0.028267,0.0196523,0.0268762,0.0316097,0.0476202,0.0220137,0.0137274,0.0346633,0.0431449,0.0328413
69.706303855,0.140092,0.142434,0.100823,0.107618,0.11953,0.104345,0.104039,0.105517,0.0894861,0.0859841,0.0574929,0.0582222
69.752743764,0.13592,0.128302,0.112654,0.0895871,0.0880721,0.0738844,0.0586071,0.0749614,0.0660697,0.0453353,0.0335438,0.020676
69.799183673,0.0815034,0.0659302,0.0536749,0.0546999,0.0384597,0.0211465,0.0119669,0.0247159,0.0171455,0.00976916,0.0175903,0.0135984
69.845623583,0.0473415,0.042956,0.023558,0.0120831,0.0107231,0.0214063,0.0232833,0.0113132,0.00671175,0.0107793,0.0127913,0.0194346
69.892063492,0.0602662,0.0650526,0.0312679,0.00854693,0.0164015,0.0428884,0.042742,0.0265488,0.0141476,0.0210023,0.0283457,0.0336252
69.938503401,0.0654954,0.0701688,0.0267045,0.0110724,0.0187691,0.0483108,0.0530961,0.0198849,0.0129303,0.026563,0.0295938,0.0274761
69.984943311,0.0683947,0.0680947,0.0247008,0.00946536,0.00931114,0.0386689,0.0441936,0.0154265,0.0105751,0.0299319,0.0283106,0.0245325
70.031383220,0.0758692,0.0670847,0.0247574,0.0244916,0.0245888,0.0246,0.0489188,0.0231007,0.0153967,0.0284524,0.0253362,0.0178299
70.077823129,0.159365,0.172484,0.163542,0.164529,0.162437,0.150935,0.152879,0.146833,0.149291,0.160212,0.130281,0.0872308
70.124263039,0.134791,0.115674,0.0884869,0.0671625,0.0697166,0.0479631,0.050101,0.0594969,0.0506965,0.0362253,0.023372,0.0123426
70.170702948,0.0743638,0.0544371,0.0562198,0.0456901,0.0186913,0.0188935,0.0180258,0.0198876,0.0182505,0.00745584,0.0116037,0.0154006
70.217142857,0.0307526,0.0322536,0.0440349,0.0162424,0.0127599,0.0170272,0.0205068,0.0162876,0.00902331,0.00762698,0.00881168,0.0101143
70.263582766,0.0767763,0.110289,0.0902394,0.0519143,0.036846,0.0538275,0.0647108,0.0446813,0.046717,0.0885766,0.112028,0.0774443
70.310022676,0.0606355,0.0796392,0.0411795,0.0169149,0.0145574,0.041024,0.0566329,0.0301039,0.0177681,0.05108,0.0514407,0.0167359
70.356462585,0.0637076,0.0737304,0.0267183,0.0153035,0.0167143,0.0470023,0.0550755,0.0184157,0.0139425,0.0469622,0.0447675,0.0207333
70.402902494,0.0701179,0.085169,0.034307,0.0321337,0.0350151,0.0423358,0.0465146,0.0350443,0.0225061,0.051611,0.0431825,0.0227782
70.449342404,0.118608,0.161968,0.166609,0.164391,0.152633,0.157638,0.147067,0.130029,0.135025,0.127522,0.117598,0.0876325
70.495782313,0.129415,0.109895,0.0797175,0.0681064,0.0538462,0.0394324,0.0414807,0.0495468,0.0503884,0.0374487,0.0256406,0.0189401
70.542222222,0.0599099,0.0505206,0.0401229,0.0401587,0.0226695,0.0112715,0.00964362,0.0112281,0.0155077,0.013195,0.0221304,0.0229761
70.588662132,0.0273573,0.0166711,0.0121384,0.0220698,0.0265392,0.0156657,0.0138949,0.0158706,0.0145667,0.0205875,0.0341041,0.0439006
70.635102041,0.0895132,0.0415372,0.0360248,0.0533621,0.0673591,0.0249396,0.0211084,0.037057,0.0422459,0.0523049,0.166643,0.19854
70.681541950,0.0284124,0.0225039,0.0220773,0.0517258,0.0561555,0.0239165,0.0188884,0.0391661,0.0325571,0.0202576,0.0829009,0.0889605
70.727981859,0.0241989,0.0175235,0.019547,0.0555127,0.0646983,0.0248833,0.0115768,0.0337712,0.0306699,0.0173439,0.0752585,0.0854454
70.774421769,0.0568326,0.0573995,0.0461348,0.0728105,0.0598461,0.0310257,0.022069,0.04573,0.036169,0.0362405,0.0499672,0.0757099
70.820861678,0.146607,0.162547,0.161582,0.154464,0.137011,0.128821,0.112419,0.112187,0.109088,0.086834,0.0753569,0.082469
70.867301587,0.105494,0.0960589,0.0716586,0.0687243,0.0452305,0.0321826,0.0351208,0.038829,0.0390016,0.026187,0.0242261,0.0145782
70.913741497,0.0556775,0.0439787,0.0320244,0.0327238,0.0173764,0.0118429,0.00790207,0.0110296,0.0115683,0.00881101,0.0210729,0.0230097
70.960181406,0.0252786,0.0123188,0.00784435,0.020537,0.0274993,0.0141094,0.00863959,0.0107914,0.0104511,0.0127665,0.0337598,0.0463112
71.006621315,0.0481721,0.0231051,0.0275815,0.0611583,0.0593688,0.0293954,0.0277846,0.0368427,0.0513708,0.0993462,0.134724,0.093141
71.053061224,0.0364471,0.0219267,0.0271471,0.0534861,0.0546763,0.024135,0.0197926,0.0301453,0.0329975,0.0466833,0.087003,0.0771362
71.099501134,0.0298338,0.02018,0.0212349,0.0480233,0.0554907,0.022914,0.0210166,0.0331637,0.0291028,0.0365609,0.0731858,0.064166
71.145941043,0.0765033,0.0756129,0.0647029,0.0875596,0.0849083,0.0468172,0.0376045,0.0504489,0.0392014,0.0585178,0.0543194,0.0437891
71.192380952,0.123522,0.138806,0.135935,0.125103,0.122868,0.101721,0.0812127,0.0869192,0.0913554,0.0587034,0.0496239,0.0476626
71.238820862,0.0935875,0.0896521,0.0729147,0.0561963,0.0406165,0.0213244,0.0298622,0.0342222,0.0268149,0.0241165,0.0147489,0.015926
71.285260771,0.0470072,0.0441693,0.0330491,0.0317699,0.02416,0.0125357,0.00902262,0.00734154,0.00927866,0.0112699,0.023487,0.0283662
71.331700680,0.0764359,0.0697342,0.0489349,0.0621918,0.0483229,0.0279289,0.0269579,0.0302072,0.040287,0.0501252,0.0625077,0.0439101
71.378140590,0.127007,0.0830709,0.0794162,0.0875362,0.0690732,0.0276989,0.0470935,0.0583432,0.0504873,0.0614354,0.0960495,0.107476
71.424580499,0.120644,0.0976771,0.0553727,0.0811975,0.0600241,0.0451958,0.0352028,0.0452522,0.0498808,0.0680709,0.0645085,0.0423349
71.471020408,0.124863,0.081358,0.0798257,0.0840456,0.0696523,0.0281773,0.0470256,0.0487008,0.045361,0.0619992,0.0962082,0.109456
71.517460317,0.0862105,0.123361,0.105339,0.0982205,0.118613,0.0917404,0.0662624,0.0483046,0.0576836,0.0661584,0.0842607,0.0549273
71.563900227,0.127355,0.129487,0.118714,0.10575,0.112361,0.0936499,0.0716379,0.0723173,0.0769314,0.0572465,0.0544844,0.0469456
71.610340136,0.0853766,0.0757555,0.0593465,0.0571388,0.0306163,0.0211848,0.0236532,0.0247262,0.0219455,0.01113,0.0226258,0.0170805
71.656780045,0.0427826,0.0300874,0.0193398,0.0260455,0.0180416,0.013523,0.0101968,0.0116809,0.00906017,0.0112469,0.0236679,0.0314285
71.703219955,0.0313418,0.0139687,0.0125371,0.032332,0.0390665,0.0197906,0.0104651,0.0155948,0.0207603,0.0285303,0.0449623,0.064466
71.749659864,0.0400872,0.0227866,0.0169409,0.0454014,0.0464063,0.0225489,0.0248234,0.0300826,0.0326317,0.0705758,0.0930357,0.0683887
71.796099773,0.0311731,0.0258445,0.0313977,0.0541724,0.049496,0.021098,0.0183902,0.0307851,0.0298795,0.0405637,0.0753951,0.0634658
71.842539683,0.0286379,0.0222986,0.0243768,0.0457841,0.0571658,0.0201599,0.0170657,0.02892,0.0251395,0.0398469,0.0684315,0.0618865
71.888979592,0.131201,0.140089,0.135262,0.155599,0.152037,0.120428,0.107637,0.110411,0.0872563,0.0957142,0.0715986,0.05268
71.935419501,0.131346,0.132314,0.107743,0.0944797,0.0858871,0.063381,0.0540375,0.0635514,0.0613118,0.0450859,0.0305959,0.0271458
71.981859410,0.0807469,0.0688158,0.0644283,0.057011,0.0381825,0.0142474,0.0150395,0.0209235,0.0170365,0.00657104,0.0144002,0.0139966
72.028299320,0.0295734,0.0335943,0.0434498,0.023451,0.00693825,0.00881419,0.0175715,0.0169155,0.0134602,0.00943478,0.0163055,0.0159901
72.074739229,0.0584068,0.083929,0.0806757,0.0481055,0.036468,0.0334676,0.0427388,0.0521063,0.0405774,0.0456529,0.0644726,0.0586069
72.121179138,0.0296807,0.0603203,0.0734686,0.0384801,0.0229151,0.013997,0.0457109,0.0519588,0.0260767,0.0277849,0.0702483,0.0636122
72.167619048,0.0231259,0.0700978,0.0773104,0.0260122,0.0144786,0.0155837,0.0393186,0.0425887,0.0177862,0.0141768,0.0432571,0.0442716
72.214058957,0.0246768,0.0785379,0.0759781,0.0319539,0.0248984,0.0230205,0.0296538,0.0483239,0.018149,0.0140697,0.0320268,0.0335161
72.260498866,0.128814,0.184797,0.190922,0.175581,0.171898,0.163218,0.152136,0.1475,0.148691,0.151851,0.13276,0.0961526
72.306938776,0.129188,0.116264,0.0960753,0.0758984,0.0675079,0.0525545,0.0482923,0.0585806,0.0557017,0.0385177,0.0207278,0.0150093
72.353378685,0.07752,0.0578265,0.0510045,0.0503571,0.0342607,0.0174215,0.0156747,0.0243118,0.0175024,0.0129413,0.0182876,0.0206255
72.399818594,0.0385333,0.0434403,0.0225005,0.0132358,0.0133726,0.0184789,0.0235082,0.0135224,0.00497044,0.0128693,0.0280802,0.0280851
72.446258503,0.136205,0.115281,0.0607809,0.051184,0.051461,0.0686243,0.0616916,0.0279284,0.0239322,0.052325,0.108739,0.119032
72.492698413,0.0624586,0.0775889,0.0414426,0.0222252,0.028006,0.0408103,0.0537837,0.0321226,0.0108427,0.0287323,0.0581749,0.0441251
72.539138322,0.142366,0.106059,0.0543379,0.0607013,0.0527406,0.0613086,0.0557091,0.0378391,0.0441614,0.080987,0.140615,0.130199
72.585578231,0.0891001,0.0721812,0.0444846,0.0405211,0.0466112,0.0233777,0.0583215,0.0381362,0.0187693,0.0341856,0.0600918,0.0430177
72.632018141,0.168729,0.169504,0.152895,0.160168,0.136283,0.147104,0.154849,0.143172,0.124418,0.108945,0.100006,0.081404
72.678458050,0.123702,0.111716,0.083143,0.0709952,0.0548039,0.0384721,0.0412681,0.0490372,0.0388708,0.0289956,0.0195816,0.00982449
72.724897959,0.0674772,0.0408932,0.0427316,0.0406366,0.0266372,0.011744,0.0181111,0.0219065,0.0140597,0.0139504,0.0107794,0.00878068
72.771337868,0.0445974,0.0267369,0.0338701,0.0524009,0.024074,0.0259152,0.0132212,0.0332118,0.0328326,0.0309062,0.0292907,0.0269097
72.817777778,0.108266,0.0577743,0.0649078,0.119375,0.107842,0.0870906,0.0886125,0.0932632,0.081953,0.0896363,0.164685,0.154886
72.864217687,0.0557003,0.0573632,0.0858035,0.0815125,0.0454926,0.0338898,0.0442989,0.0470311,0.0192874,0.0286459,0.0525626,0.0557972
72.910657596,0.0216387,0.0451545,0.0884441,0.0471003,0.0138576,0.0139213,0.0335332,0.0514577,0.0255149,0.0100781,0.0290999,0.0417376
72.957097506,0.0316494,0.0672018,0.112664,0.0558808,0.0416257,0.0398785,0.0441035,0.0353696,0.0391296,0.0286021,0.0457521,0.0527417
73.003537415,0.131196,0.160392,0.174541,0.15429,0.134567,0.128106,0.106376,0.100197,0.104388,0.0862001,0.0687332,0.0679383
73.049977324,0.109654,0.0996197,0.0786119,0.0715057,0.0481333,0.0251277,0.0306097,0.0378594,0.0356596,0.0222259,0.0226477,0.0174705
73.096417234,0.0514336,0.0380877,0.0416873,0.0452841,0.021247,0.00992607,0.0113446,0.0132883,0.0289195,0.0144886,0.0117659,0.0107734
73.142857143,0.0240738,0.026424,0.0391114,0.0510617,0.0241921,0.0127392,0.0107141,0.0215631,0.0282089,0.0108286,0.00776889,0.0138746
73.189297052,0.03334,0.0232183,0.0659463,0.0875267,0.0344197,0.0202445,0.0176689,0.044726,0.0611144,0.0862312,0.0759723,0.0449735
73.235736961,0.0297607,0.0197684,0.0691115,0.0774366,0.0288606,0.0136472,0.0113741,0.0340929,0.0352354,0.0346416,0.0295077,0.0298014
73.282176871,0.0276655,0.0187407,0.0721703,0.0760263,0.0273355,0.0114668,0.0150824,0.0348313,0.0369748,0.024957,0.0253742,0.0369196
73.328616780,0.0665513,0.0652155,0.10875,0.0781718,0.0614311,0.0605831,0.0491339,0.0437053,0.0581282,0.0358005,0.0328461,0.0475777
73.375056689,0.139121,0.140272,0.13105,0.114453,0.115551,0.105442,0.0893966,0.101553,0.0951999,0.0534997,0.05425,0.0459759
73.421496599,0.101357,0.0846554,0.0608699,0.0626607,0.0373273,0.0239915,0.0292329,0.0338472,0.0300881,0.0181832,0.0211761,0.0203293
73.467936508,0.047783,0.0355155,0.023424,0.0274295,0.0179198,0.00860196,0.00901681,0.0131765,0.0130426,0.0139382,0.0165922,0.0279375
73.514376417,0.0272689,0.0134667,0.00806106,0.0253962,0.0338469,0.0181549,0.0122201,0.0167059,0.0145628,0.0163961,0.0483937,0.0615065
73.560816327,0.0329762,0.0257209,0.0242484,0.0421092,0.0472849,0.0185784,0.0184886,0.0396476,0.0407482,0.0184593,0.0978636,0.108469
73.607256236,0.023298,0.0193722,0.0218109,0.0564878,0.0608922,0.01901,0.0156169,0.0336245,0.032675,0.0156297,0.07397,0.0796903
73.653696145,0.0242909,0.0212675,0.0170874,0.0492159,0.0609999,0.0141864,0.0104797,0.0321221,0.0288247,0.0181399,0.066875,0.0739843
73.700136054,0.109732,0.101472,0.103702,0.114262,0.103621,0.0755534,0.0657662,0.0671186,0.0388541,0.0641201,0.0385232,0.0871355
73.746575964,0.134701,0.134775,0.118717,0.108988,0.106806,0.0859072,0.0680016,0.0762865,0.0787232,0.0525934,0.0488133,0.045839
73.793015873,0.0832693,0.0739068,0.0580599,0.0557633,0.0297976,0.0202826,0.0222197,0.0245207,0.0218693,0.0119677,0.0215502,0.0170101
73.839455782,0.0432183,0.0293923,0.0180661,0.0249992,0.0164443,0.0117652,0.00767039,0.0112008,0.00853529,0.00905941,0.0200804,0.02774
73.885895692,0.0344809,0.0215008,0.0147086,0.0288391,0.0350932,0.0174341,0.0154941,0.0184009,0.0229602,0.0304754,0.0440947,0.0624737
73.932335601,0.0381344,0.0214434,0.0193819,0.0445995,0.0461128,0.0231087,0.0282749,0.0379422,0.0280128,0.0633996,0.0954431,0.0731052
73.978775510,0.0281493,0.0210648,0.0276419,0.0519171,0.0510147,0.0206667,0.0147966,0.0268986,0.0300947,0.0347507,0.069336,0.0650324
74.025215420,0.0257835,0.0236814,0.0206003,0.0443297,0.0562715,0.0198506,0.0182836,0.0303088,0.0253104,0.0334782,0.0647864,0.0588396
74.071655329,0.135422,0.146008,0.150012,0.167858,0.16161,0.129158,0.112921,0.107971,0.0889168,0.0992348,0.0647554,0.064296
74.118095238,0.126584,0.121857,0.103063,0.0857673,0.0879644,0.0666046,0.053355,0.0627981,0.0606834,0.0508213,0.0368844,0.0235674
74.164535147,0.07788,0.069052,0.0531583,0.0506015,0.0262175,0.0175387,0.0174632,0.0177797,0.0190259,0.00730782,0.0228888,0.0186408
74.210975057,0.0373947,0.0229606,0.0146893,0.0252923,0.0217883,0.0128459,0.0094795,0.0122903,0.0115055,0.0128199,0.036351,0.046463
74.257414966,0.0597433,0.040271,0.0334488,0.0560965,0.0610668,0.0338383,0.0234699,0.0276846,0.0322731,0.036745,0.0847228,0.102446
74.303854875,0.0454531,0.0248028,0.0187795,0.0530512,0.059234,0.027183,0.0208932,0.0402501,0.0362964,0.0341915,0.0928383,0.0970412
74.350294785,0.0895243,0.0611615,0.0687052,0.0961684,0.0897562,0.0549349,0.0399797,0.0402682,0.0422903,0.0574025,0.106312,0.126554
74.396734694,0.0392696,0.0375921,0.0250741,0.05791,0.0786346,0.0302352,0.0198097,0.0329484,0.0295724,0.0301146,0.0875575,0.0919161
74.443174603,0.168717,0.202441,0.214723,0.20564,0.20356,0.187501,0.153828,0.141805,0.141212,0.140432,0.114649,0.0991015
74.489614512,0.11801,0.112551,0.0898921,0.0711559,0.0705509,0.0503814,0.041926,0.0477859,0.0518613,0.0420469,0.0282626,0.0149078
74.536054422,0.076744,0.0619581,0.0450474,0.0443437,0.0233613,0.0187837,0.0150184,0.0179303,0.0185036,0.0164031,0.0284989,0.0264544
74.582494331,0.0359338,0.0173228,0.0121408,0.0280182,0.0288214,0.0142978,0.00938023,0.0142386,0.0129815,0.0155605,0.0455679,0.0593364
74.628934240,0.0752879,0.0353593,0.0433567,0.07495,0.0729993,0.0416991,0.0313042,0.0353319,0.0613552,0.109748,0.159557,0.133895
74.675374150,0.0335884,0.0151733,0.0216312,0.0466195,0.0466551,0.0215196,0.016608,0.0336432,0.0266848,0.0408377,0.0703351,0.0614755
74.721814059,0.0295001,0.0180044,0.0209252,0.0488674,0.0506198,0.0188772,0.0161481,0.029736,0.0292303,0.0363206,0.0688523,0.0657313
74.768253968,0.0501137,0.040557,0.0351918,0.0543026,0.0617927,0.0253224,0.0185674,0.0351055,0.0364617,0.047033,0.0683273,0.0570576
74.814693878,0.14674,0.174914,0.173324,0.185755,0.152524,0.153913,0.135539,0.12838,0.100131,0.10095,0.0901401,0.0746321
74.861133787,0.114883,0.102314,0.0865142,0.0780124,0.05253,0.0385822,0.0389112,0.0455885,0.0429826,0.0324228,0.0198687,0.0128993
74.907573696,0.0595825,0.0505493,0.0436067,0.0380343,0.0275795,0.0141264,0.0125847,0.0175164,0.0124555,0.00903469,0.0141481,0.0132569
74.954013605,0.0382165,0.0467174,0.0232594,0.0118732,0.0115525,0.0217487,0.0271771,0.0132854,0.00642303,0.0143628,0.0229864,0.0222382
75.000453515,0.101359,0.0839405,0.0480318,0.0364547,0.0384927,0.0484486,0.0573787,0.0262709,0.0243292,0.0582188,0.14216,0.14598
75.046893424,0.0692893,0.0731151,0.0346759,0.0143375,0.0284492,0.0443843,0.0505662,0.0231395,0.0227639,0.0389479,0.0590979,0.0516578
75.093333333,0.0687502,0.0721961,0.0274072,0.0138005,0.0217287,0.0404498,0.0480011,0.0214742,0.0164097,0.0341513,0.0437115,0.0353192
75.139773243,0.0933746,0.075009,0.0387305,0.0490424,0.0516331,0.0265852,0.0679234,0.0475955,0.027885,0.0378879,0.037722,0.0400922
75.186213152,0.142771,0.145964,0.141546,0.129475,0.128254,0.131378,0.12436,0.129262,0.115014,0.0772295,0.0767938,0.0743196
75.232653061,0.105717,0.093165,0.0798462,0.0748182,0.0487648,0.0383433,0.0338548,0.0426867,0.0380339,0.0277086,0.0194003,0.0158569
75.279092971,0.0528659,0.0456679,0.0373556,0.0321451,0.0287307,0.011978,0.0173309,0.0156183,0.0108615,0.00946084,0.0270503,0.0245439
75.325532880,0.0435754,0.0540951,0.0245694,0.015823,0.0152931,0.0265962,0.0327671,0.0115239,0.00864447,0.0165914,0.0295042,0.0312463
75.371972789,0.0848314,0.0807898,0.0443301,0.0323934,0.0433758,0.0527687,0.0512002,0.0259317,0.0280979,0.0476257,0.103221,0.0970473
75.418412698,0.0597737,0.0767741,0.034995,0.0159637,0.0223104,0.0409975,0.045885,0.0206946,0.0107994,0.0281843,0.045308,0.0345589
75.464852608,0.0629066,0.0691561,0.0269294,0.0140133,0.0149451,0.038835,0.0440663,0.0202355,0.0118226,0.0307158,0.034753,0.0263407
75.511292517,0.102106,0.100067,0.0527946,0.0612118,0.0714656,0.0489663,0.0580316,0.0650611,0.0429132,0.0499774,0.0447841,0.0252072
75.557732426,0.134832,0.145395,0.130989,0.110214,0.109327,0.103043,0.0880217,0.103952,0.0958306,0.0493261,0.0487247,0.0447584
75.604172336,0.098665,0.0816094,0.0684112,0.0699114,0.0433577,0.0283899,0.0242432,0.0377106,0.0300503,0.0184133,0.0170883,0.0148664
75.650612245,0.0495327,0.0462917,0.0328524,0.0195929,0.0162712,0.0136166,0.0179436,0.0119048,0.00921988,0.0109358,0.0143523,0.0162486
75.697052154,0.050809,0.0496762,0.0203318,0.006539,0.00793292,0.0288457,0.0340513,0.0157053,0.00893989,0.013571,0.0189096,0.0172551
75.743492063,0.0597928,0.0650121,0.0311595,0.0152577,0.0160884,0.0394972,0.0478149,0.0217755,0.0198954,0.0261575,0.0278711,0.0286209
75.789931973,0.0608931,0.0671801,0.0225767,0.00910059,0.0127202,0.0405112,0.044475,0.0173594,0.0116255,0.0275323,0.0273042,0.025543
75.836371882,0.0678812,0.0637018,0.024348,0.0150293,0.023907,0.0339629,0.0441282,0.0155762,0.00939495,0.0281952,0.0253432,0.0172834
75.882811791,0.12157,0.118722,0.0792378,0.0851298,0.0960048,0.0783862,0.0828441,0.0887557,0.0680236,0.0730561,0.0456885,0.0328289
75.929251701,0.146495,0.132282,0.111965,0.0940791,0.0987171,0.0865058,0.0857869,0.0903266,0.0777871,0.0406539,0.0385659,0.0382471
75.975691610,0.0910367,0.0720549,0.0681437,0.0554082,0.0295126,0.0218601,0.0213864,0.0278711,0.0212577,0.0132397,0.0165675,0.0200131
76.022131519,0.0340944,0.0301233,0.0467238,0.0256859,0.0113817,0.0140278,0.01682,0.0104747,0.0121943,0.00880169,0.0065881,0.0121232
76.068571429,0.0422868,0.0695846,0.0462003,0.0166268,0.0131793,0.0237407,0.0382814,0.0263223,0.0218661,0.022294,0.0311525,0.0226932
76.115011338,0.0485674,0.0813889,0.0479984,0.0250999,0.0202817,0.0444885,0.0549485,0.0297957,0.0225353,0.0706798,0.0755197,0.0289632
76.161451247,0.0626439,0.0795982,0.0346654,0.0187492,0.01588,0.0466986,0.057813,0.0278264,0.0263114,0.0519158,0.0484475,0.0230555
76.207891156,0.0668397,0.0766395,0.0263303,0.0162952,0.0244334,0.0419835,0.0458276,0.02945,0.0265639,0.0491208,0.0408285,0.0170229
76.254331066,0.0882667,0.140373,0.142253,0.133109,0.137242,0.125723,0.11755,0.123623,0.113205,0.0921966,0.091971,0.0713838
76.300770975,0.14077,0.12591,0.101478,0.0759775,0.0822251,0.0650616,0.0518813,0.0676171,0.0674106,0.050516,0.0345246,0.0225643
76.347210884,0.0766348,0.0646117,0.0494679,0.0461316,0.0267457,0.0146493,0.0146414,0.018676,0.0178565,0.00947616,0.0210052,0.0199157
76.393650794,0.0349373,0.0219166,0.0162109,0.023469,0.0220383,0.0117718,0.00818968,0.012837,0.0108307,0.0159078,0.02909,0.0345266
76.440090703,0.0850684,0.0517311,0.0404177,0.050037,0.0541031,0.0325617,0.029387,0.0452653,0.0469353,0.0484192,0.0817719,0.106855
76.486530612,0.0420155,0.0277116,0.0237826,0.0501616,0.0576505,0.0232636,0.0134358,0.0352335,0.0384341,0.0319857,0.0852496,0.0895093
76.532970522,0.0279754,0.0177856,0.0147039,0.0566589,0.0616193,0.0226572,0.012108,0.0353493,0.0300493,0.0228387,0.0787065,0.0831318
76.579410431,0.0399115,0.0336133,0.0214984,0.0566557,0.0655732,0.0181175,0.0125215,0.0390717,0.0356035,0.0299489,0.0705228,0.083842
76.625850340,0.171658,0.192653,0.210673,0.205054,0.184086,0.175015,0.148342,0.127893,0.120165,0.117753,0.0909468,0.122757
76.672290249,0.118674,0.112654,0.0901682,0.0724386,0.0673536,0.0466626,0.0419103,0.0486189,0.0526017,0.0416916,0.0288653,0.0135003
76.718730159,0.0670641,0.0572222,0.0437028,0.0419735,0.0197942,0.0122026,0.00901583,0.0140423,0.0170403,0.0107649,0.0181052,0.014763
76.765170068,0.0296751,0.0153572,0.0133292,0.0218172,0.0232013,0.01436,0.0106484,0.013177,0.0103288,0.0156828,0.0296849,0.0361314
76.811609977,0.0765522,0.0337725,0.0445781,0.0720425,0.0692538,0.0369594,0.0298893,0.041359,0.0710318,0.115463,0.161379,0.14441
76.858049887,0.0374421,0.019649,0.0208746,0.0448417,0.0459125,0.0219411,0.0181607,0.0317135,0.0283307,0.0484732,0.0768557,0.0630742
76.904489796,0.0290355,0.0198107,0.0191744,0.0446053,0.0495661,0.0206299,0.0175259,0.0297583,0.0290814,0.0379563,0.0676836,0.0640821
76.950929705,0.0472974,0.0396831,0.0345522,0.0556787,0.0610776,0.0272511,0.0189116,0.0359385,0.0370574,0.0500761,0.065979,0.0548343
76.997369615,0.152111,0.174537,0.178148,0.177559,0.152894,0.154521,0.139575,0.128765,0.104547,0.109503,0.0975348,0.0824061
77.043809524,0.108959,0.104924,0.0828469,0.0649109,0.0553775,0.0361041,0.0378199,0.0424797,0.0422103,0.0379369,0.0219587,0.0110413
77.090249433,0.0715095,0.0554937,0.0482794,0.0363897,0.0291999,0.0131227,0.0126188,0.0114884,0.00848726,0.0105885,0.0242274,0.0366538
77.136689342,0.0488471,0.0527264,0.0275221,0.043056,0.0297907,0.0137172,0.0147918,0.0199715,0.0307586,0.0307748,0.0424641,0.031381
77.183129252,0.151316,0.105283,0.0913756,0.115978,0.0928386,0.05427,0.0533715,0.0655715,0.0717503,0.0734209,0.136447,0.149918
77.229569161,0.104184,0.0837286,0.0336775,0.0712492,0.0453876,0.033674,0.0229222,0.0471541,0.0393251,0.0652429,0.0497826,0.0477422
77.276009070,0.15613,0.113774,0.0940963,0.119803,0.0836065,0.0375874,0.0519097,0.0699034,0.0739264,0.0780874,0.136317,0.149163
77.322448980,0.0719848,0.0925868,0.059846,0.0659208,0.0751251,0.038892,0.0389128,0.0242988,0.0408511,0.0489452,0.0562919,0.054506
77.368888889,0.117452,0.147098,0.156668,0.139728,0.138779,0.127463,0.104948,0.100793,0.0993318,0.0829323,0.080102,0.0626969
77.415328798,0.101706,0.0916869,0.0673046,0.0672657,0.041348,0.0292746,0.0341774,0.0369621,0.0380306,0.0259457,0.0259273,0.018343
77.461768707,0.0527326,0.0408861,0.0289799,0.0326937,0.0173423,0.0102355,0.00798532,0.0107109,0.0122734,0.0110328,0.0159989,0.0228528
77.508208617,0.0270411,0.012509,0.00924215,0.0223207,0.0303768,0.0152551,0.0105352,0.0111712,0.0120889,0.0168964,0.0457769,0.0578128
77.554648526,0.048452,0.0221821,0.0299809,0.0654404,0.0618443,0.0247841,0.0302766,0.0361043,0.0478043,0.0957644,0.124595,0.0861362
77.601088435,0.037916,0.0225163,0.0308206,0.051997,0.0511871,0.0199204,0.0169077,0.0294811,0.0330414,0.0463877,0.0783557,0.0695297
77.647528345,0.0304449,0.0140867,0.0205079,0.0493509,0.0474331,0.0195832,0.0160842,0.0298755,0.0282181,0.0334685,0.0721033,0.0668574
77.693968254,0.0403449,0.0242494,0.0297165,0.0488903,0.0427751,0.0205094,0.0160838,0.026066,0.0289946,0.0352118,0.0598926,0.0564575
77.740408163,0.0337431,0.0206665,0.0215179,0.0544843,0.0567581,0.0271947,0.0153523,0.0123801,0.0150392,0.0290007,0.123622,0.116819
77.786848073,0.0135384,0.0062419,0.00733484,0.0235829,0.0244637,0.0102941,0.00800309,0.00644591,0.00749557,0.016836,0.0492067,0.0467006
77.833287982,0.0109306,0.00827834,0.00550638,0.0193899,0.0239253,0.00973204,0.00561056,0.00460635,0.00639411,0.0054211,0.039543,0.0417452
77.879727891,0.00833814,0.00993785,0.0100248,0.0170545,0.0203176,0.00619292,0.00647597,0.00661846,0.00588816,0.00593628,0.032868,0.0339289
77.926167800,0.0175664,0.0133383,0.0100037,0.043606,0.0524483,0.019533,0.0097706,0.00952627,0.0111871,0.0176172,0.130875,0.126887
77.972607710,0.0104891,0.00491687,0.00330695,0.0222713,0.0251542,0.00733069,0.00549844,0.00589149,0.00794536,0.0123957,0.0542284,0.0560925
78.019047619,0.00766689,0.0028632,0.00256774,0.0183371,0.0235476,0.00941255,0.00717384,0.00386026,0.00374384,0.0115394,0.0504645,0.042952
78.065487528,0.0145242,0.00875962,0.0107308,0.0151693,0.0177276,0.00963985,0.00951894,0.00838972,0.0096671,0.0176382,0.0436877,0.0363128
78.111927438,0.0198574,0.10863,0.106276,0.0263283,0.012266,0.0107005,0.0355043,0.0385255,0.0154,0.0137473,0.0230398,0.0227725
78.158367347,0.0168539,0.0639657,0.0471905,0.0148025,0.0157361,0.0138674,0.0209422,0.0233451,0.0142016,0.0196704,0.0251641,0.0160821
78.204807256,0.0251379,0.0143124,0.00737242,0.040075,0.0448419,0.0186064,0.00903909,0.00980235,0.0100629,0.0211297,0.108894,0.0982715
78.251247166,0.01285,0.0220229,0.0200997,0.0249767,0.0338788,0.0152576,0.0121541,0.00949518,0.0122697,0.00790168,0.067429,0.0550139
78.297687075,0.0239064,0.016947,0.013784,0.0384003,0.0431214,0.0164627,0.00891241,0.00903705,0.00717853,0.0130347,0.101116,0.0995078
78.344126984,0.0498542,0.0362593,0.0315205,0.0325385,0.0111232,0.0211511,0.016743,0.0173576,0.023389,0.0424903,0.0328425,0.0576348
78.390566893,0.0360418,0.0147296,0.00722403,0.0335841,0.0402109,0.0141531,0.00990853,0.00717133,0.00756363,0.0209247,0.109903,0.108699
78.437006803,0.0702017,0.0677142,0.046395,0.0357261,0.0437354,0.0300963,0.0263352,0.0193748,0.0132677,0.014544,0.0677476,0.0936279
78.483446712,0.101511,0.0308997,0.0121708,0.0100413,0.0258049,0.0354942,0.0150792,0.0110251,0.0087795,0.00821366,0.0207374,0.0955767
78.529886621,0.0319627,0.0072925,0.00325072,0.00401709,0.0172295,0.0244658,0.0115359,0.00638639,0.00434714,0.00259655,0.00896229,0.035999
78.576326531,0.0447121,0.0175168,0.00530367,0.00288117,0.0159196,0.0154967,0.00487151,0.00361186,0.0042235,0.00457835,0.00733341,0.0433478
78.622766440,0.0916513,0.073373,0.0602328,0.0628642,0.0561955,0.0489779,0.0399223,0.0328627,0.0334207,0.0534384,0.116052,0.133896
78.669206349,0.0149172,0.00747353,0.0129436,0.0301752,0.0335862,0.0132275,0.00710892,0.00364298,0.00581251,0.0160071,0.0760132,0.0634093
78.715646259,0.0197578,0.0132429,0.0119125,0.0200657,0.0214662,0.00876193,0.00661241,0.00397199,0.00460068,0.00661935,0.0485884,0.0567909
78.762086168,0.0124892,0.0046372,0.00893646,0.0164074,0.0152874,0.00600995,0.00527873,0.00251275,0.00431657,0.00981619,0.0435108,0.0370663
78.808526077,0.158949,0.186021,0.121614,0.0721254,0.0552017,0.0646298,0.0448318,0.0461491,0.06255,0.0526409,0.0385234,0.0604221
78.854965986,0.0918751,0.0867208,0.0223624,0.00934806,0.0126217,0.0252378,0.0281062,0.00917032,0.00491618,0.00807793,0.0163016,0.0275804
78.901405896,0.0528747,0.0466101,0.0092711,0.00420765,0.00503253,0.0151293,0.0192386,0.00801726,0.00704615,0.00965278,0.0153232,0.0197521
78.947845805,0.0429994,0.0533389,0.0155752,0.00524107,0.0073469,0.0150501,0.0118523,0.0045649,0.00498172,0.00606998,0.0107666,0.0102117
78.994285714,0.0620105,0.0412703,0.056342,0.04794,0.0466962,0.044618,0.0140864,0.0277364,0.0551472,0.174075,0.210464,0.123727
79.040725624,0.00727912,0.00956066,0.0226734,0.0320612,0.0159123,0.0107047,0.00809435,0.00634216,0.0137583,0.0824365,0.0772188,0.0229485
79.087165533,0.014904,0.0116915,0.0177808,0.0201884,0.00832585,0.00811735,0.00620275,0.00449762,0.012732,0.0522916,0.0380892,0.0116381
79.133605442,0.0349812,0.0350771,0.0407333,0.0427775,0.0318024,0.0271893,0.0231158,0.0188583,0.0232314,0.0563288,0.0402608,0.0207789
79.180045351,0.161414,0.165332,0.16718,0.163901,0.150416,0.158454,0.143105,0.133005,0.115038,0.115154,0.118614,0.110074
79.226485261,0.117836,0.107048,0.0821107,0.0707542,0.0482188,0.034863,0.0386317,0.0435123,0.0440601,0.0341641,0.0292175,0.0206546
79.272925170,0.0574821,0.0469686,0.0351119,0.0369565,0.0198982,0.0100876,0.00867578,0.0110208,0.0139114,0.0124526,0.01962,0.024453
79.319365079,0.0330829,0.0157363,0.0112142,0.0253551,0.0328133,0.0188359,0.0125922,0.0126389,0.0127389,0.0194942,0.0429857,0.051267
79.365804989,0.0642205,0.0282675,0.0272058,0.0444816,0.0577028,0.0249215,0.0234162,0.038203,0.0402839,0.048974,0.160407,0.171336
79.412244898,0.0351392,0.0248027,0.0235296,0.0517849,0.0562039,0.0190418,0.0124674,0.0304908,0.0244922,0.0183287,0.076699,0.0879938
79.458684807,0.0280815,0.0206384,0.0249272,0.0530592,0.0596243,0.0198285,0.0115942,0.0316793,0.0278261,0.0173244,0.0708896,0.0822215
79.505124717,0.0663906,0.0626985,0.064677,0.0930065,0.0812873,0.0480706,0.0347995,0.0597157,0.0573412,0.0540681,0.0455706,0.074442
79.551564626,0.136357,0.153862,0.155228,0.143403,0.130706,0.115992,0.100626,0.103462,0.103135,0.0715194,0.0598697,0.0649609
79.598004535,0.102386,0.091835,0.0674661,0.0667806,0.0395548,0.0279609,0.0323345,0.036555,0.0363743,0.0253308,0.0248222,0.0188722
79.644444444,0.0537277,0.0419034,0.028603,0.0329666,0.0172808,0.0105168,0.00838656,0.0110254,0.0118567,0.00882827,0.0209959,0.0251259
79.690884354,0.0226428,0.0123411,0.0100177,0.0255406,0.0311001,0.0147038,0.0103933,0.01197,0.0125153,0.017115,0.0374928,0.048553
79.737324263,0.0520752,0.0188216,0.0233118,0.0540805,0.0519313,0.0221196,0.0292868,0.0386057,0.0453231,0.0890366,0.111813,0.0850973
79.783764172,0.0356335,0.0149488,0.0244229,0.052144,0.051022,0.0234788,0.0200647,0.0331436,0.0349751,0.0431769,0.0802135,0.073448
79.830204082,0.0259611,0.0140546,0.024,0.0464699,0.0547959,0.0212148,0.0164708,0.0330356,0.0310253,0.0354304,0.0709055,0.0656672
79.876643991,0.0918429,0.0843002,0.0717092,0.0966041,0.091397,0.0524973,0.0457754,0.0578741,0.0423918,0.0606436,0.0539411,0.0492017
79.923083900,0.124861,0.134758,0.124579,0.117184,0.114271,0.0936341,0.0752268,0.0786963,0.0816271,0.0532654,0.0502047,0.045017
79.969523810,0.0901358,0.0817944,0.0598685,0.0612639,0.033492,0.0200105,0.0254758,0.029154,0.0248994,0.0140475,0.0181098,0.0144107
80.015963719,0.0499068,0.0362112,0.0221036,0.0306889,0.0225966,0.014848,0.0119366,0.0122276,0.0106801,0.0142957,0.0354686,0.0381034
80.062403628,0.0249394,0.0142687,0.0111649,0.0279946,0.0386322,0.0181424,0.0105329,0.0150517,0.0146637,0.0159997,0.0595838,0.0673892
80.108843537,0.0300316,0.0229068,0.0233427,0.0424147,0.0530486,0.0168419,0.0173111,0.0426645,0.0300415,0.0182999,0.0957321,0.110659
80.155283447,0.0216504,0.013633,0.0220342,0.0510378,0.0540195,0.0202169,0.0179683,0.0279724,0.0313753,0.0209763,0.0672645,0.0731768
80.201723356,0.0377904,0.0347116,0.0240999,0.0542861,0.0759518,0.0148898,0.0105063,0.0303297,0.0315189,0.0287925,0.10113,0.103546
80.248163265,0.119943,0.121994,0.108675,0.128416,0.116417,0.0935897,0.0746218,0.088484,0.0700273,0.0684275,0.0786872,0.0556195
80.294603175,0.12944,0.128447,0.112252,0.0998112,0.104421,0.0840898,0.0659041,0.0713495,0.0735985,0.057062,0.0496082,0.0394258
80.341043084,0.081608,0.0710907,0.0566874,0.0516561,0.0286248,0.0207164,0.0216805,0.023066,0.0188462,0.00976391,0.0213479,0.0195452
80.387482993,0.0464087,0.0304499,0.0181497,0.0273903,0.0213737,0.013661,0.0085562,0.0111523,0.012822,0.0174436,0.041549,0.04903
80.433922902,0.0427376,0.0240453,0.0207588,0.0330028,0.04005,0.0200481,0.014574,0.0205635,0.029495,0.0327848,0.0804867,0.0585681
80.480362812,0.0369628,0.0187791,0.023311,0.0442989,0.0600705,0.0504322,0.0406354,0.0375829,0.0362517,0.0679979,0.0908312,0.0749301
80.526802721,0.0295271,0.0191091,0.0255951,0.0530879,0.0507507,0.0217565,0.0147816,0.025315,0.0313486,0.0422781,0.0747656,0.0654683
80.573242630,0.0286953,0.0248196,0.0244074,0.0491554,0.0610476,0.0212774,0.0183082,0.0280792,0.0288189,0.0376787,0.0714116,0.0589748
80.619682540,0.147903,0.167546,0.170219,0.188978,0.181474,0.148324,0.13943,0.133405,0.107954,0.106464,0.0848454,0.0664886
80.666122449,0.124774,0.121109,0.106317,0.0866833,0.0784564,0.0578058,0.0421238,0.0581481,0.0579101,0.0478674,0.0287022,0.0201571
80.712562358,0.0739896,0.0615532,0.0517532,0.0508891,0.0370686,0.0157535,0.00947014,0.0232889,0.0150409,0.00838278,0.0144556,0.0144394
80.759002268,0.0381951,0.0419904,0.0254487,0.0120512,0.0111972,0.0193828,0.0215841,0.0117265,0.00453974,0.0161862,0.0220201,0.0169287
80.805442177,0.122729,0.109574,0.0593342,0.0348039,0.0348054,0.05952,0.0639608,0.0345722,0.0292442,0.053677,0.0754946,0.0888515
80.851882086,0.0596599,0.0795968,0.0363238,0.0247287,0.0321521,0.0375976,0.0550049,0.0307131,0.0194454,0.0307575,0.0613809,0.0601605
80.898321995,0.0609391,0.0786345,0.0346616,0.0168504,0.0138289,0.0425602,0.0507618,0.0200049,0.0108818,0.0284596,0.0439054,0.0316924
80.944761905,0.0765418,0.0651139,0.0356798,0.030356,0.0354451,0.032236,0.0744574,0.0337083,0.0202405,0.0297336,0.0414172,0.0239807
80.991201814,0.157715,0.166411,0.1723,0.186854,0.169169,0.164702,0.1673,0.151812,0.153398,0.137613,0.113446,0.104036
81.037641723,0.119942,0.109364,0.0914766,0.0769567,0.0622597,0.050192,0.0480838,0.0542049,0.0502747,0.0375504,0.0248954,0.0101466
81.084081633,0.0784398,0.0573943,0.0507213,0.0472816,0.0331071,0.0175969,0.0185158,0.0229402,0.0178893,0.0168549,0.0265867,0.0265929
81.130521542,0.0389616,0.0466427,0.0239147,0.0185033,0.0192401,0.0213556,0.0269471,0.0148995,0.00729551,0.0160662,0.0280897,0.023657
81.176961451,0.125045,0.0892215,0.0456903,0.0458035,0.0693398,0.0855677,0.0675488,0.0365385,0.0289382,0.0434149,0.10701,0.129795
81.223401361,0.0606809,0.0649424,0.0300336,0.0271459,0.0318089,0.0420553,0.052024,0.0290529,0.0322124,0.0375492,0.058388,0.0457308
81.269841270,0.0579789,0.0687546,0.028285,0.0100897,0.0154597,0.0372298,0.0459283,0.0203438,0.0123205,0.0290544,0.0376521,0.0287745
81.316281179,0.0805119,0.0806495,0.0268511,0.0400844,0.0447291,0.0267849,0.0499526,0.0395341,0.0219792,0.0369405,0.0373635,0.0237667
81.362721088,0.153392,0.173164,0.143664,0.140203,0.1375,0.138899,0.13568,0.134223,0.127699,0.0954132,0.0931407,0.0815004
81.409160998,0.114425,0.0995566,0.0824297,0.0754473,0.0489007,0.0405294,0.0396664,0.0467721,0.04221,0.0302388,0.0196755,0.0116312
81.455600907,0.0605322,0.0493813,0.041937,0.0342382,0.0245687,0.0116955,0.0127496,0.0155937,0.0113397,0.00659811,0.016274,0.0177833
81.502040816,0.0492735,0.0474733,0.0247038,0.0184368,0.0117836,0.0243408,0.031926,0.0182954,0.00853268,0.0165393,0.0359965,0.0406905
81.548480726,0.0605415,0.0677678,0.0289273,0.0174731,0.0138861,0.0349777,0.0418895,0.0212147,0.0150076,0.0366758,0.0458521,0.0304615
81.594920635,0.0661368,0.0707086,0.0205409,0.0070099,0.0135103,0.0421995,0.0446239,0.0173081,0.0113929,0.0324663,0.0320734,0.0236458
81.641360544,0.0659923,0.0675942,0.0248739,0.0136806,0.0165633,0.0399464,0.0436999,0.0152716,0.0101122,0.0290221,0.027946,0.02089
81.687800454,0.0969533,0.0869756,0.0345435,0.0512456,0.0549991,0.0382647,0.0461048,0.051567,0.0290138,0.0433741,0.0274618,0.0157992
81.734240363,0.142134,0.153704,0.140585,0.119689,0.116309,0.111804,0.109972,0.117399,0.109309,0.0697936,0.060249,0.0587245
81.780680272,0.111306,0.0922331,0.0725123,0.0624112,0.0410307,0.0255446,0.0294326,0.0397115,0.030654,0.0243915,0.0163649,0.0177141
81.827120181,0.0427514,0.0349544,0.049381,0.0351228,0.0123418,0.0145187,0.016238,0.00592319,0.0132151,0.00911642,0.0089823,0.0129367
81.873560091,0.0290287,0.0493634,0.0413336,0.00980045,0.00957156,0.0183007,0.030396,0.0227822,0.0112962,0.00801001,0.0191456,0.0134185
81.920000000,0.0548334,0.0798293,0.0600757,0.0352223,0.0261967,0.0418576,0.0559874,0.0409376,0.0324248,0.0966783,0.095503,0.038134
81.966439909,0.0582729,0.0760839,0.0332789,0.0234689,0.0175754,0.0444707,0.0524203,0.0201536,0.0151689,0.0453562,0.0454586,0.0229208
82.012879819,0.0642778,0.0737713,0.02715,0.0163359,0.0183636,0.0444555,0.0493434,0.0197226,0.00982447,0.0411685,0.0403784,0.0157901
82.059319728,0.0687422,0.10695,0.082888,0.0782106,0.0797407,0.0732201,0.0692342,0.0639397,0.0608626,0.0525303,0.0572369,0.0416695
82.105759637,0.139202,0.139505,0.125616,0.106803,0.111601,0.0978379,0.0768553,0.091809,0.0894279,0.052394,0.0527743,0.0417218
82.152199546,0.0956831,0.0825251,0.0593681,0.0585458,0.0332394,0.0210592,0.0249604,0.0291469,0.0257758,0.0143888,0.0203543,0.019448
82.198639456,0.0434221,0.0325863,0.020967,0.0270454,0.0172321,0.00961088,0.00858974,0.0121366,0.0122735,0.013675,0.0196097,0.0283602
82.245079365,0.0277176,0.0126769,0.00747348,0.0275148,0.034759,0.0183605,0.0150636,0.0169868,0.0164998,0.0232488,0.0471681,0.0574678
82.291519274,0.0377598,0.0236891,0.0213632,0.0576047,0.0593972,0.0292089,0.0320422,0.0530919,0.0426316,0.0263877,0.108812,0.114196
82.337959184,0.0196695,0.0145697,0.0174066,0.0540434,0.0603473,0.0230132,0.01645,0.0339971,0.027984,0.0174632,0.0737101,0.0794834
82.384399093,0.023469,0.0239066,0.0172333,0.0507136,0.0636624,0.0158287,0.0109545,0.0328873,0.0302216,0.0196406,0.0681963,0.0740239
82.430839002,0.121783,0.116113,0.122765,0.124924,0.112927,0.0888974,0.0830896,0.0736044,0.051824,0.0736441,0.0332653,0.0885927
82.477278912,0.134453,0.132325,0.114732,0.0999004,0.100678,0.0787796,0.0634359,0.0706004,0.0716232,0.0537939,0.0468834,0.0351594
82.523718821,0.0800903,0.0710179,0.0570922,0.0517163,0.0267561,0.0179656,0.0203527,0.023125,0.0195548,0.00855624,0.0214751,0.0161241
82.570158730,0.0402911,0.0264192,0.0171325,0.0238569,0.0172633,0.012782,0.00882544,0.0106829,0.00865763,0.00892883,0.0209533,0.028914
82.616598639,0.0426715,0.0209271,0.0195001,0.0348452,0.0393104,0.0201533,0.0113648,0.0184729,0.0280664,0.0396777,0.0608246,0.0731139
82.663038549,0.0385009,0.0159476,0.0193843,0.0428635,0.0463346,0.0251148,0.0198368,0.0261658,0.0402675,0.0777709,0.104451,0.0757955
82.709478458,0.0310913,0.0177632,0.0242696,0.0531993,0.048361,0.0218569,0.0177421,0.025478,0.0339881,0.0435162,0.0722776,0.0621523
82.755918367,0.0315764,0.0311734,0.0257714,0.051426,0.0622161,0.0252732,0.019747,0.0281193,0.032502,0.0391678,0.070798,0.0610582
82.802358277,0.156104,0.17557,0.187479,0.203881,0.193495,0.166035,0.149415,0.130536,0.108154,0.112394,0.0881434,0.0845157
82.848798186,0.123655,0.121061,0.0995494,0.0743254,0.0805564,0.0559396,0.0461123,0.0565393,0.0542694,0.0495454,0.0324603,0.019492
82.895238095,0.0834002,0.0717816,0.0606879,0.0400276,0.033835,0.0155243,0.018414,0.0179479,0.0114898,0.0123632,0.0122571,0.0245904
82.941678005,0.0377337,0.0395542,0.0145918,0.0345922,0.0198724,0.0109244,0.00906509,0.0161595,0.0212553,0.0241526,0.0316333,0.0350568
82.988117914,0.150569,0.129976,0.127657,0.143385,0.124167,0.0845127,0.0751617,0.0895889,0.102976,0.102911,0.124356,0.120448
83.034557823,0.109187,0.069435,0.0449664,0.0711382,0.0417306,0.0313667,0.0292275,0.0460583,0.0241516,0.0552373,0.048481,0.0644128
83.080997732,0.18082,0.150005,0.133387,0.159872,0.130789,0.0898794,0.071743,0.0912309,0.110515,0.127969,0.140185,0.135244
83.127437642,0.0901831,0.0792114,0.0552091,0.0605764,0.059342,0.0332781,0.0471255,0.0386492,0.0329553,0.0609646,0.0721561,0.0772116
83.173877551,0.139871,0.183028,0.203117,0.201262,0.195912,0.190845,0.147274,0.129408,0.137937,0.150234,0.13664,0.0946342
83.220317460,0.116457,0.107353,0.0837736,0.070914,0.0659377,0.0479336,0.0422592,0.0436671,0.0478671,0.0391542,0.0262758,0.0141752
83.266757370,0.064388,0.0528919,0.0429308,0.0417687,0.0190503,0.0111348,0.009481,0.0113278,0.0147488,0.00956888,0.0222957,0.0207704
83.313197279,0.029567,0.0163755,0.01356,0.0223505,0.0234723,0.0162723,0.00983022,0.0119339,0.0111317,0.0172366,0.0397096,0.0453514
83.359637188,0.0671184,0.0387147,0.0369674,0.0684487,0.0594589,0.032317,0.0347229,0.040292,0.0724084,0.138147,0.186243,0.139953
83.406077098,0.0397542,0.0260053,0.0226863,0.045602,0.0478082,0.0224371,0.0201173,0.0357837,0.0359345,0.0469714,0.0837727,0.0734144
83.452517007,0.0298737,0.0211439,0.0171118,0.0479039,0.0516198,0.0196281,0.0159221,0.0329438,0.0299246,0.0344164,0.0686268,0.0621814
83.498956916,0.0554619,0.0452009,0.0370134,0.0566246,0.0640541,0.0291712,0.0178857,0.0362687,0.0370083,0.0486713,0.0592951,0.0514932
83.545396825,0.147406,0.167221,0.158982,0.167975,0.157116,0.140171,0.124486,0.121883,0.104895,0.0900399,0.072766,0.0706228
83.591836735,0.113974,0.109094,0.0791616,0.0745585,0.0513181,0.0297716,0.0351482,0.039256,0.0366931,0.0255606,0.0242869,0.0146149
83.638276644,0.0537493,0.0445587,0.0512776,0.0436994,0.024554,0.0128802,0.00942947,0.0111261,0.0127484,0.0124794,0.0138741,0.0137141
83.684716553,0.0206521,0.0357601,0.047764,0.0202685,0.00847824,0.0138767,0.0228737,0.0256098,0.0189768,0.0101354,0.0150216,0.0193205
83.731156463,0.0314965,0.0672994,0.0787026,0.0374241,0.0273076,0.0253571,0.0464503,0.0507204,0.0337546,0.0272518,0.103168,0.110919
83.777596372,0.0265081,0.0574224,0.0735304,0.029504,0.018692,0.0146155,0.0403512,0.043087,0.0147689,0.0127749,0.0524288,0.0515567
83.824036281,0.0221436,0.067466,0.0729368,0.0222342,0.0150576,0.0155717,0.0405991,0.0445934,0.0122008,0.0096772,0.0410302,0.0380104
83.870476190,0.0559663,0.104126,0.0889756,0.0416776,0.0605605,0.0499506,0.0372454,0.0603875,0.0393852,0.0241106,0.0502843,0.0377537
83.916916100,0.131143,0.145386,0.139902,0.119361,0.116007,0.110915,0.0933043,0.113434,0.111575,0.064728,0.0571223,0.0534642
83.963356009,0.106858,0.08924,0.0755426,0.0740658,0.0467197,0.0296785,0.0311307,0.0417954,0.0356018,0.0237901,0.0183809,0.0158185
84.009795918,0.0483482,0.043729,0.0358773,0.0300543,0.0243278,0.0137528,0.0156591,0.0149561,0.00930942,0.00768282,0.0216211,0.0187956
84.056235828,0.0414578,0.0559128,0.0240828,0.0128558,0.0116121,0.0234098,0.0293155,0.0122052,0.00929842,0.0148378,0.0334209,0.0312381
84.102675737,0.066771,0.0749225,0.0424845,0.021931,0.0212705,0.0375965,0.0447444,0.0272187,0.0286528,0.0332747,0.0766781,0.0656938
84.149115646,0.0657418,0.0665074,0.0313464,0.0237263,0.0171227,0.0355017,0.0497223,0.0333627,0.0407844,0.0437063,0.0478886,0.0400959
84.195555556,0.0659504,0.069107,0.0421335,0.0394601,0.0428008,0.0385185,0.0471486,0.0234955,0.0245742,0.0310634,0.0874916,0.0754962
84.241995465,0.116381,0.098522,0.0640998,0.0872876,0.0772674,0.0610779,0.0846322,0.0760944,0.055405,0.0536667,0.0411007,0.0603836
84.288435374,0.139317,0.135456,0.117493,0.108218,0.10244,0.0952202,0.0834711,0.0928772,0.0771976,0.0379907,0.0424131,0.0428954
84.334875283,0.0992014,0.0839783,0.0719567,0.0618597,0.0385216,0.0257436,0.0245254,0.0341449,0.0232262,0.0148008,0.0159168,0.00810617
84.381315193,0.051483,0.0273448,0.0316198,0.0373528,0.0217286,0.0132295,0.0108898,0.0190939,0.0104699,0.0197945,0.0221666,0.0219935
84.427755102,0.0679266,0.0356689,0.0306626,0.063878,0.0531128,0.0490775,0.0427517,0.0592059,0.0602655,0.0510776,0.0550705,0.0501055
84.474195011,0.0686373,0.0471029,0.0706139,0.0850264,0.0630817,0.0601723,0.067794,0.0649787,0.0455667,0.0487649,0.0857267,0.0746353
84.520634921,0.032892,0.0495511,0.086834,0.060666,0.0261698,0.0200259,0.0271686,0.0456821,0.0225117,0.0138516,0.0323425,0.0379879
84.567074830,0.0174331,0.0539575,0.0861524,0.0428158,0.0188716,0.0144036,0.037951,0.0432863,0.0229781,0.0123751,0.0393385,0.0402453
84.613514739,0.0889271,0.13086,0.169969,0.134453,0.113712,0.10487,0.0836764,0.065988,0.0797987,0.0678337,0.0636723,0.0691621
84.659954649,0.123975,0.130422,0.11882,0.0971533,0.092088,0.070705,0.0676291,0.0655172,0.0678238,0.050319,0.0392335,0.0337592
84.706394558,0.0838582,0.0713735,0.0666667,0.0598409,0.0362971,0.012735,0.0177423,0.0195807,0.0298113,0.00956782,0.0135319,0.012179
84.752834467,0.0359941,0.027053,0.0326926,0.0397092,0.0161763,0.0063279,0.0101156,0.0178056,0.0273678,0.0133471,0.00646031,0.00993959
84.799274376,0.0428319,0.0354475,0.0541338,0.0601137,0.0271065,0.0160162,0.0141815,0.0298756,0.0431039,0.0279427,0.0273314,0.0286009
84.845714286,0.0362008,0.0174599,0.0644656,0.0837523,0.0360091,0.0140561,0.0178114,0.0388709,0.0480297,0.0501932,0.0381949,0.0426663
84.892154195,0.0285229,0.0209567,0.0665495,0.072019,0.0252755,0.0131653,0.0137104,0.0352551,0.0392003,0.0310813,0.0274684,0.035768
84.938594104,0.034169,0.0295187,0.0772421,0.0743663,0.022066,0.00693751,0.00965334,0.0341296,0.0363136,0.0241258,0.026491,0.0321114
84.985034014,0.0916881,0.0828417,0.0912033,0.0804706,0.0507856,0.0250749,0.0234012,0.0476029,0.0584485,0.0686949,0.0927967,0.0859584
85.031473923,0.0266742,0.0233456,0.0210514,0.0365176,0.0373419,0.0199433,0.0188512,0.0168474,0.0128694,0.0143939,0.0731594,0.0681066
85.077913832,0.00982374,0.00527991,0.00663959,0.0202635,0.0209286,0.0099559,0.00572429,0.00426778,0.00527279,0.0130334,0.0452992,0.0392886
85.124353741,0.0122205,0.007782,0.00518298,0.016132,0.01579,0.0076409,0.0112316,0.00656209,0.00496166,0.0113373,0.0399041,0.0335022
85.170793651,0.123338,0.0811724,0.0645907,0.0424789,0.0353286,0.0568314,0.0729282,0.0340248,0.0542156,0.0796047,0.122627,0.139301
85.217233560,0.0218288,0.0130832,0.00711528,0.0326817,0.0383086,0.0166293,0.00775796,0.00613712,0.00847521,0.016237,0.0863151,0.0754161
85.263673469,0.0117727,0.00602066,0.0069812,0.0225004,0.0260243,0.0115592,0.00912821,0.00553684,0.00632188,0.0114851,0.0576004,0.0555662
85.310113379,0.0190431,0.0117846,0.00810416,0.0190003,0.024458,0.0153823,0.00908627,0.0065577,0.0110656,0.0240949,0.0709295,0.0612395
85.356553288,0.0387691,0.0264052,0.0208993,0.0280629,0.038274,0.0379417,0.041316,0.0585989,0.0464934,0.0411985,0.034493,0.054015
85.402993197,0.0287647,0.0262771,0.0140897,0.0160749,0.0185773,0.0141784,0.0172569,0.0249196,0.0250845,0.0167608,0.0366924,0.0540126
85.449433107,0.0129043,0.0136127,0.00860036,0.00725514,0.0054531,0.00613564,0.00720911,0.0056257,0.00563288,0.0110344,0.0301057,0.026223
85.495873016,0.0135119,0.00384306,0.00393342,0.0068507,0.00649885,0.00312764,0.00725418,0.0086052,0.00360805,0.0086573,0.0225099,0.0258773
85.542312925,0.0422715,0.0242039,0.0587628,0.0581905,0.0426063,0.0398545,0.0340003,0.0396693,0.0647406,0.178906,0.197748,0.102478
85.588752834,0.00795516,0.00629499,0.021719,0.0303891,0.0162664,0.00639878,0.00525933,0.00755843,0.0179821,0.0773466,0.0677234,0.00712684
85.635192744,0.0047157,0.00329825,0.0151628,0.0165266,0.00717374,0.00630434,0.00369102,0.0019235,0.0134867,0.0563845,0.0543665,0.0173462
85.681632653,0.0136135,0.0139565,0.0170384,0.0150121,0.00762341,0.00757412,0.00488665,0.00724656,0.0170222,0.0449735,0.0416107,0.0194059
85.728072562,0.0386209,0.173696,0.167333,0.0425647,0.018774,0.0181348,0.0478615,0.0627009,0.0347228,0.0295942,0.0157972,0.0203682
85.774512472,0.013414,0.0652645,0.0639366,0.0158295,0.00683381,0.00528023,0.0211716,0.0254579,0.0107417,0.015998,0.0178454,0.0111188
85.820952381,0.0426126,0.0147437,0.0169318,0.0468121,0.0622663,0.0388378,0.0228337,0.0180179,0.0255282,0.0321706,0.174859,0.177411
85.867392290,0.0237788,0.023973,0.0198852,0.0258222,0.0294912,0.014499,0.010931,0.00794765,0.00833785,0.0132009,0.0628119,0.061637
85.913832200,0.0414566,0.014396,0.017418,0.0531508,0.0623739,0.0379167,0.0270871,0.0233487,0.021526,0.0450441,0.176714,0.179634
85.960272109,0.0215469,0.00996323,0.0062908,0.0192624,0.0213723,0.0121052,0.0114757,0.00717995,0.00880859,0.0245251,0.0554255,0.0555227
86.006712018,0.0376951,0.0141081,0.012721,0.0444499,0.0591251,0.0312361,0.0138968,0.0132079,0.0147077,0.0385032,0.179038,0.179425
86.053151927,0.0134666,0.00906539,0.0113137,0.0212387,0.0269274,0.0112538,0.0103943,0.00801002,0.00800352,0.0139956,0.0611586,0.0646488
86.099591837,0.0250672,0.0321193,0.0291224,0.0587122,0.0728007,0.0449143,0.0320191,0.0386438,0.0384552,0.0674241,0.175401,0.146904
86.146031746,0.0171238,0.00693389,0.0140463,0.0223755,0.0216422,0.00643337,0.0155783,0.0166755,0.0142969,0.0183103,0.0518091,0.0562112
86.192471655,0.025571,0.0144849,0.0184455,0.0430454,0.0519953,0.0255861,0.0146286,0.0129805,0.0125449,0.0345462,0.161383,0.139196
86.238911565,0.0160825,0.00764683,0.00562971,0.0186134,0.0210795,0.00969259,0.00577986,0.00667355,0.0103336,0.0119423,0.060038,0.060863
86.285351474,0.0131239,0.0288236,0.0332388,0.0342479,0.0188317,0.0148693,0.0106589,0.0223077,0.0344935,0.145673,0.134324,0.0378973
86.331791383,0.0118893,0.0144233,0.0209611,0.0230319,0.0104478,0.0103676,0.0104185,0.0101193,0.00941755,0.0511896,0.041431,0.0116974
86.378231293,0.00715183,0.00624572,0.0178032,0.0209932,0.00878888,0.00782039,0.00664797,0.00591483,0.00720543,0.0449369,0.0421623,0.0102933
86.424671202,0.0155795,0.0100598,0.0127116,0.0151878,0.0104829,0.00830023,0.00496115,0.0057418,0.00619153,0.0360467,0.0426882,0.022117
86.471111111,0.026573,0.0274485,0.0374387,0.0741322,0.103119,0.051464,0.027509,0.0180775,0.0181988,0.0371063,0.144993,0.130028
86.517551020,0.0111234,0.00975206,0.00956829,0.0173341,0.019663,0.00888237,0.00952416,0.0105849,0.011528,0.0165148,0.0340727,0.0443574
86.563990930,0.00928159,0.00774086,0.00650695,0.0155156,0.0198391,0.0123959,0.00719564,0.00548898,0.00824635,0.0137163,0.0365701,0.0372039
86.610430839,0.0146521,0.00586806,0.0106413,0.0172527,0.0145986,0.00928461,0.0105234,0.00873867,0.00928991,0.0228527,0.0283643,0.028547
86.656870748,0.00959308,0.0158807,0.0115339,0.0427857,0.0501384,0.0194648,0.0133119,0.00986404,0.00932976,0.020907,0.112044,0.100902
86.703310658,0.00790255,0.0130301,0.0148246,0.0307127,0.0290232,0.0100388,0.00990394,0.00709178,0.010146,0.0231141,0.0548074,0.0454061
86.749750567,0.013998,0.00560784,0.00663474,0.0139694,0.0176904,0.00794586,0.00911674,0.00779927,0.00618789,0.0126791,0.0452253,0.0407071
86.796190476,0.0202619,0.0190702,0.028425,0.0212187,0.0246665,0.0188239,0.0239736,0.0216585,0.0203466,0.0211862,0.0425528,0.029399
86.842630385,0.0200586,0.0896521,0.0798486,0.0147122,0.00924149,0.020373,0.0605695,0.0682466,0.0324121,0.0212175,0.0441235,0.0310817
86.889070295,0.0368226,0.0758713,0.0438627,0.0187905,0.0233179,0.0218913,0.023751,0.0234775,0.0170777,0.0362006,0.0467115,0.0431953
86.935510204,0.0247101,0.0101071,0.00636832,0.0308247,0.0334822,0.00961225,0.00674519,0.00754819,0.00930147,0.0245503,0.0994371,0.0906214
86.981950113,0.0362914,0.0391917,0.0339945,0.0330659,0.0380249,0.021516,0.0217333,0.0173378,0.0186707,0.0167642,0.0788601,0.0712411
87.028390023,0.025087,0.00834276,0.0117735,0.0417129,0.0519302,0.0232415,0.0107048,0.00818783,0.0101322,0.0146509,0.09271,0.0914582
87.074829932,0.0132739,0.00792101,0.00791498,0.0153959,0.0209685,0.0124049,0.00966247,0.00443437,0.00459819,0.0102353,0.0384593,0.0397456
87.121269841,0.00767028,0.00706962,0.006349,0.0169935,0.020546,0.00924586,0.00571341,0.00576024,0.00833503,0.0138257,0.053846,0.0426149
87.167709751,0.115667,0.106804,0.0791845,0.0644525,0.0589365,0.0518096,0.0451033,0.0412364,0.0511173,0.061356,0.0859078,0.0983551
87.214149660,0.0899887,0.0248834,0.0114678,0.0115852,0.0341048,0.0394824,0.0166292,0.0107662,0.0114873,0.0134563,0.0277742,0.0941443
87.260589569,0.0413949,0.0151229,0.0143169,0.0167543,0.0205816,0.0403512,0.0573259,0.0756556,0.0671613,0.0432842,0.0268738,0.0373327
87.307029478,0.0407507,0.0138489,0.00839261,0.00503709,0.017098,0.0188809,0.00780884,0.00650549,0.00802202,0.00585253,0.0159438,0.0441368
87.353469388,0.0370933,0.0137384,0.00985055,0.0179323,0.0173682,0.0267353,0.0428656,0.0645889,0.0448719,0.0308186,0.0396188,0.0593863
87.399909297,0.0166719,0.0183383,0.0402917,0.0313418,0.0177469,0.0144668,0.0117561,0.0162093,0.0133419,0.0158279,0.00783427,0.0177967
87.446349206,0.0301739,0.0209074,0.0109477,0.0093493,0.0130148,0.0106137,0.00444866,0.012186,0.0150087,0.0206434,0.0206952,0.0209276
87.492789116,0.015579,0.00472632,0.00667817,0.00988808,0.0105662,0.00998636,0.00601701,0.00752242,0.0139789,0.0131478,0.0178672,0.0241401
87.539229025,0.0186577,0.0212056,0.0330516,0.0401478,0.0235013,0.0370745,0.0493186,0.0665092,0.0586213,0.0379431,0.0321066,0.0371673
87.585668934,0.0120931,0.0106975,0.0159053,0.00676136,0.00950253,0.0147382,0.0179259,0.0152072,0.0141283,0.010425,0.0186065,0.0270987
87.632108844,0.00641398,0.00846751,0.00541075,0.00570165,0.00503927,0.00638814,0.00767768,0.00691757,0.00726831,0.00597041,0.0122432,0.0113502
87.678548753,0.00851347,0.00758599,0.00738756,0.00704091,0.00747402,0.00608376,0.00873237,0.0113244,0.00778655,0.00910532,0.0147219,0.0132862
87.724988662,0.0396477,0.0198115,0.0532632,0.0482873,0.0411879,0.040065,0.0306769,0.0203917,0.0649651,0.184297,0.20418,0.0863224
87.771428571,0.0079002,0.00582176,0.0246957,0.0286521,0.0131599,0.00880219,0.00734755,0.00759932,0.0141269,0.0768372,0.0693278,0.0161374
87.817868481,0.00989386,0.00588771,0.0164603,0.0172861,0.00868751,0.0072576,0.00321931,0.00578386,0.0107127,0.051104,0.0308132,0.0121987
87.864308390,0.00967356,0.010106,0.0149277,0.0166278,0.00913377,0.00616028,0.00496032,0.00576818,0.00864071,0.0398787,0.0343273,0.0104608
87.910748299,0.0546293,0.0150249,0.02389,0.0590896,0.0569615,0.0329542,0.0277705,0.0184021,0.0182465,0.0410469,0.180442,0.188304
87.957188209,0.0214993,0.00895191,0.00893437,0.0209016,0.0246729,0.0132413,0.00790743,0.00824913,0.00622554,0.0125438,0.0621178,0.0609326
88.003628118,0.0107317,0.00444142,0.00548783,0.0172969,0.0217003,0.00989058,0.00475791,0.0035139,0.0054244,0.0151736,0.0501169,0.0446471
88.050068027,0.0106375,0.00873775,0.00616346,0.0107878,0.0134774,0.0075255,0.00667979,0.00615228,0.00692532,0.00995299,0.0359766,0.0330344
88.096507937,0.0382883,0.0204457,0.019446,0.0444985,0.0582856,0.0246915,0.0135724,0.0143762,0.0129955,0.0382051,0.174375,0.17249
88.142947846,0.0255008,0.00995745,0.00538534,0.0197002,0.0235642,0.00985886,0.00301011,0.00737696,0.00800916,0.00992613,0.0525912,0.06352
88.189387755,0.00884329,0.0054062,0.00552296,0.0198484,0.0222048,0.0080292,0.00430818,0.00359803,0.00371758,0.00560531,0.0426019,0.0431596
88.235827664,0.0115645,0.00602309,0.00775566,0.0173872,0.017288,0.00893321,0.00682851,0.0109319,0.008652,0.00566966,0.0342356,0.0360881
88.282267574,0.0244062,0.0216,0.0147457,0.0338584,0.0478406,0.0328556,0.0321879,0.0431583,0.0425505,0.0406703,0.0521215,0.0544134
88.328707483,0.0106391,0.0112698,0.011509,0.0183187,0.0209028,0.0118574,0.0133144,0.0231508,0.0247718,0.0222305,0.0304161,0.0267074
88.375147392,0.0109276,0.00788736,0.0101009,0.0193613,0.0186854,0.012131,0.0228729,0.0224856,0.0178355,0.0143076,0.0219545,0.0197243
88.421587302,0.00901711,0.00717151,0.00490921,0.00654419,0.00887487,0.0140868,0.00716857,0.00644121,0.00871361,0.00857692,0.0123522,0.0128183
88.468027211,0.0140569,0.0133288,0.0459434,0.0584137,0.022373,0.0112762,0.0104018,0.00994673,0.035227,0.141343,0.130565,0.0311036
88.514467120,0.00566665,0.00289916,0.0219259,0.0261629,0.0125586,0.00805472,0.00654926,0.00688724,0.00605225,0.0528341,0.0631349,0.0228814
88.560907029,0.00887041,0.00258162,0.0145068,0.0161497,0.0075187,0.0066366,0.00548383,0.00394504,0.00650651,0.0417876,0.0481805,0.0145941
88.607346939,0.0073501,0.00701045,0.0139916,0.0159531,0.00607674,0.00805727,0.00674984,0.00755695,0.00642574,0.0349256,0.0414073,0.0073924
88.653786848,0.0295183,0.121397,0.108709,0.0303642,0.0189855,0.0175228,0.0403793,0.0511576,0.0247943,0.0163401,0.0233638,0.0255157
88.700226757,0.0128043,0.0671755,0.0876899,0.0385469,0.0146379,0.00899734,0.0176866,0.0183895,0.0159801,0.0250911,0.0276932,0.0147233
88.746666667,0.0335888,0.059626,0.0322229,0.0431033,0.0499808,0.019179,0.0123194,0.0160062,0.0188391,0.0266572,0.113607,0.0981414
88.793106576,0.0711748,0.0574418,0.0208671,0.0190782,0.0273453,0.0121842,0.00901513,0.0144973,0.0122298,0.00838952,0.0543779,0.0253802
88.839546485,0.0275276,0.0204824,0.0151262,0.0415993,0.0510917,0.0193965,0.0140142,0.0118613,0.0103309,0.0235568,0.0886321,0.0763723
88.885986395,0.0397296,0.0193875,0.0143365,0.0251893,0.0183556,0.0187582,0.0155283,0.0235821,0.0221378,0.0335216,0.0372043,0.0585914
88.932426304,0.0226602,0.0216146,0.0190034,0.0338287,0.0454659,0.00908797,0.00705836,0.0177627,0.0155453,0.0126922,0.114111,0.101897
88.978866213,0.0647504,0.0327493,0.0190594,0.0351329,0.0212373,0.0269102,0.0315748,0.0303008,0.0326876,0.0401394,0.0470075,0.0600808
89.025306122,0.0350861,0.0541376,0.0357415,0.030466,0.0388827,0.0203783,0.0349372,0.0353373,0.0345696,0.0325274,0.114644,0.123846
89.071746032,0.0249954,0.0278791,0.0154,0.0222123,0.0296443,0.0199303,0.0175732,0.0226686,0.0145892,0.016095,0.0447888,0.0356895
89.118185941,0.00737034,0.00720079,0.00707321,0.0153625,0.0174113,0.015646,0.0303138,0.0139326,0.00512457,0.0102887,0.0273042,0.0241154
89.164625850,0.0680836,0.043442,0.050125,0.03674,0.0200039,0.0149826,0.0240187,0.0353459,0.0482545,0.0598814,0.0738822,0.0777941
89.211065760,0.0137196,0.0142811,0.0397182,0.043598,0.0183922,0.0112539,0.0118593,0.0148645,0.024611,0.10154,0.0810434,0.0201778
89.257505669,0.00614273,0.0107875,0.0187808,0.0217211,0.0131642,0.0130069,0.00959217,0.00493639,0.0164466,0.0570439,0.0443136,0.0119035
89.303945578,0.00555863,0.00494579,0.0115918,0.0130189,0.0110281,0.00865863,0.00613625,0.00804588,0.0186178,0.0438529,0.035269,0.0118265
89.350385488,0.097861,0.071567,0.0628354,0.0561227,0.0309826,0.0254489,0.030031,0.0581923,0.0720946,0.0968194,0.140998,0.116177
89.396825397,0.0130034,0.0113043,0.0279496,0.0406814,0.036265,0.0272984,0.0248913,0.0142399,0.00954945,0.0151832,0.0897232,0.080892
89.443265306,0.0356546,0.0491622,0.0281819,0.0247035,0.0278882,0.021327,0.0139995,0.00893944,0.0101324,0.00732211,0.05206,0.0470001
89.489705215,0.00974257,0.0206763,0.0130086,0.0165243,0.026761,0.0275886,0.0165901,0.00612224,0.00819472,0.00310734,0.0379389,0.0346452
89.536145125,0.134687,0.0800863,0.0499196,0.0506974,0.0413661,0.0523918,0.0637804,0.0356815,0.0367488,0.0706425,0.132139,0.160412
89.582585034,0.0052133,0.00491999,0.011274,0.0300185,0.0358615,0.0148294,0.00713731,0.00525778,0.00483882,0.0152376,0.0802293,0.0664446
89.629024943,0.0160694,0.0058613,0.0075604,0.018054,0.0222725,0.0135287,0.00652468,0.00700859,0.0120975,0.0135028,0.0533251,0.055683
89.675464853,0.0104044,0.0135011,0.00732671,0.0177715,0.0196877,0.00979903,0.00669634,0.00558135,0.0218313,0.019291,0.0448123,0.0397485
89.721904762,0.0532088,0.173499,0.20348,0.104785,0.0491709,0.049943,0.0602897,0.106463,0.0965617,0.0489653,0.0391989,0.0473856
89.768344671,0.0127708,0.0756274,0.0646847,0.0283145,0.0174202,0.0282466,0.0341388,0.0380928,0.022735,0.0257671,0.0223595,0.0286573
89.814784580,0.0968804,0.0345618,0.0305566,0.0410462,0.0532392,0.0441054,0.0295434,0.0365804,0.0565782,0.0632567,0.168571,0.20703
89.861224490,0.0228501,0.0133342,0.0121916,0.018125,0.0205306,0.0174586,0.0330106,0.0290948,0.0140175,0.0114076,0.058822,0.0583971
89.907664399,0.0807787,0.0437267,0.0322511,0.0429122,0.0632349,0.0381091,0.0323028,0.0340953,0.020517,0.0424377,0.171371,0.200196
89.954104308,0.0112264,0.00884185,0.00901213,0.0262308,0.0283096,0.0163671,0.0136886,0.00927239,0.0092348,0.0168386,0.0617717,0.0537534
90.000544218,0.0723337,0.0174834,0.011324,0.0350416,0.0598871,0.0410851,0.018566,0.0216739,0.0303949,0.0399022,0.190135,0.213279
90.046984127,0.00765608,0.0105151,0.00972112,0.0174986,0.0176382,0.0082642,0.0128498,0.0161947,0.0171138,0.0236114,0.0675038,0.0510996
90.093424036,0.168354,0.0456156,0.016065,0.0456579,0.0671464,0.0757793,0.0427145,0.0330425,0.0302677,0.0340668,0.047483,0.179402
90.139863946,0.0564087,0.0160868,0.0162019,0.0107759,0.0226304,0.0307192,0.0105516,0.0178195,0.0251229,0.029017,0.0282403,0.0767346
90.186303855,0.0444642,0.0174427,0.00840903,0.00717399,0.017543,0.0209465,0.022084,0.0237571,0.00958359,0.0136509,0.0206905,0.0533267
90.232743764,0.0326535,0.0132864,0.010644,0.00808383,0.0155354,0.0153244,0.0096927,0.0161822,0.00972896,0.00775447,0.0104312,0.040108
90.279183673,0.0646502,0.0325305,0.0125987,0.0429274,0.0595315,0.0319426,0.00962102,0.0172026,0.0317834,0.0949708,0.209303,0.161263
90.325623583,0.0201202,0.0097691,0.007302,0.0249269,0.0344154,0.0212079,0.0126237,0.0205093,0.0243993,0.0495559,0.0776685,0.0620888
90.372063492,0.0208715,0.0100526,0.00909947,0.0127832,0.0192765,0.0217494,0.01552,0.0120888,0.0106248,0.0209884,0.0549255,0.0552098
90.418503401,0.00627671,0.00907034,0.0105519,0.01469,0.0143619,0.00952303,0.0133548,0.0184513,0.0170216,0.0193725,0.0507403,0.0444583
90.464943311,0.135566,0.138437,0.0325308,0.0173879,0.0232585,0.0540584,0.0600899,0.0414581,0.0366257,0.0302524,0.0257679,0.0345084
90.511383220,0.0546955,0.0471263,0.0092745,0.0124082,0.017211,0.0251993,0.0320798,0.0226091,0.0160488,0.0171539,0.0170527,0.0166631
90.557823129,0.0497424,0.0473998,0.0168912,0.00730108,0.0117523,0.01844,0.0158309,0.0101819,0.0128073,0.018408,0.0228454,0.0232125
90.604263039,0.0426995,0.0370366,0.0111847,0.00782639,0.00837488,0.00975841,0.0155863,0.0143788,0.0125283,0.016057,0.0145209,0.0291692
90.650702948,0.0126631,0.0149737,0.0405863,0.0495915,0.0253003,0.00997853,0.0144648,0.0225559,0.0317156,0.13353,0.132784,0.0339934
90.697142857,0.00564645,0.0111576,0.0236962,0.0252239,0.0100538,0.00872417,0.00556503,0.00619905,0.0115513,0.0643214,0.0621444,0.0144117
90.743582766,0.0121207,0.0156866,0.0251367,0.0211783,0.0129673,0.00823337,0.00550948,0.00792488,0.0082755,0.0446817,0.0415251,0.0117229
90.790022676,0.094481,0.0941937,0.0937857,0.0991547,0.0881304,0.0810041,0.0758642,0.0642548,0.0619426,0.0851688,0.0739401,0.0599632
90.836462585,0.138048,0.136571,0.119026,0.10147,0.0975985,0.0868719,0.075718,0.0852523,0.0808306,0.0476721,0.0501413,0.0450276
90.882902494,0.0913634,0.0816405,0.0635547,0.0587364,0.0374995,0.0180567,0.0216529,0.0265318,0.0230565,0.0117346,0.0156269,0.0123796
90.929342404,0.0334775,0.026154,0.0209263,0.0178917,0.0127487,0.00813825,0.00435176,0.00842555,0.0122791,0.0126912,0.0072822,0.0057215
90.975782313,0.0148464,0.0135642,0.0122966,0.00738325,0.00442995,0.0066428,0.00791181,0.00867208,0.0080601,0.00740871,0.0139782,0.014023
91.022222222,0.0125945,0.00767425,0.016059,0.0158879,0.00701888,0.00955269,0.0100315,0.00847973,0.00986012,0.0128897,0.00826578,0.00885557
91.068662132,0.0173177,0.0345102,0.0389741,0.0124504,0.00829205,0.0101955,0.00836985,0.00947483,0.0136181,0.0214937,0.0223396,0.0201754
91.115102041,0.0155108,0.0193015,0.0198786,0.0144462,0.0127807,0.0115437,0.0108638,0.00900404,0.0128021,0.00784865,0.0131585,0.0100453
91.161541950,0.121384,0.137856,0.138602,0.13749,0.141687,0.144723,0.132876,0.111251,0.11129,0.106422,0.0915953,0.0803545
91.207981859,0.136974,0.130661,0.109128,0.0848447,0.0832106,0.0662559,0.0583069,0.0679461,0.0628343,0.0456592,0.0333202,0.0259175
91.254421769,0.0811781,0.0722433,0.0598021,0.0517775,0.0345325,0.0159278,0.0150569,0.0203032,0.0190372,0.0110307,0.0165107,0.0120145
91.300861678,0.0225828,0.0192138,0.0151165,0.0127518,0.00894344,0.00629008,0.00541945,0.00751863,0.00957349,0.0110018,0.0118584,0.00651688
91.347301587,0.0185442,0.013487,0.00844963,0.0111953,0.0114181,0.0153306,0.0225363,0.0236969,0.0201404,0.0122836,0.01408,0.0174349
91.393741497,0.0102564,0.0170286,0.0179123,0.0139973,0.0170157,0.0245975,0.023677,0.0174982,0.0142211,0.0135483,0.0168906,0.0147579
91.440181406,0.00443476,0.00464609,0.00336948,0.00468504,0.00312908,0.00254825,0.00286292,0.00411003,0.00348314,0.00797575,0.0060222,0.00892394
91.486621315,0.0176295,0.0204789,0.0183455,0.0159069,0.0136251,0.0112142,0.0115771,0.00975383,0.00693031,0.0114803,0.00997545,0.00922364
91.533061224,0.151242,0.189325,0.21087,0.202458,0.174591,0.183095,0.179044,0.154915,0.162126,0.179112,0.162984,0.11733
91.579501134,0.130112,0.122427,0.0972288,0.0714629,0.0664374,0.0464246,0.0425825,0.0543086,0.0520573,0.0405619,0.0256979,0.0152535
91.625941043,0.0682956,0.0577163,0.0499579,0.0436119,0.028939,0.0143733,0.0111754,0.0167033,0.0171354,0.0100059,0.0120542,0.00950473
91.672380952,0.0179722,0.0134204,0.0107634,0.00817369,0.00613353,0.00345779,0.00361915,0.00521106,0.00739377,0.00845774,0.0087788,0.00606939
91.718820862,0.0215148,0.0170789,0.012816,0.00938665,0.00805523,0.0141613,0.0183535,0.0323686,0.020779,0.0133277,0.0167722,0.0229862
91.765260771,0.00661991,0.0163034,0.0234411,0.0175696,0.0134678,0.0152345,0.00961093,0.00635275,0.00992565,0.00682196,0.00853438,0.00596808
91.811700680,0.0044082,0.00528863,0.005525,0.00327204,0.00373117,0.0029773,0.00261287,0.00189579,0.00204174,0.00421732,0.00633363,0.0064644
91.858140590,0.0263476,0.0275372,0.0278436,0.025356,0.0232164,0.0206033,0.0163229,0.0131913,0.0124322,0.0103359,0.0127023,0.0114712
91.904580499,0.16722,0.180339,0.185098,0.180536,0.139539,0.164593,0.154209,0.14507,0.132686,0.135702,0.133235,0.110974
91.951020408,0.122681,0.112924,0.0831635,0.0703007,0.0534381,0.0353969,0.0380072,0.0454741,0.0442198,0.0323022,0.0193127,0.0122841
91.997460317,0.0576877,0.0475823,0.0426981,0.0367894,0.0233842,0.0111322,0.00524114,0.0118983,0.0138948,0.00957331,0.00932661,0.00721493
92.043900227,0.012104,0.00804415,0.00755375,0.00591102,0.00419275,0.00373475,0.0043088,0.00452721,0.00583578,0.00667929,0.00555226,0.00540432
92.090340136,0.0116019,0.00851777,0.0132308,0.0105959,0.00808527,0.00883469,0.0187716,0.0143685,0.0189898,0.0190704,0.0135309,0.0112151
92.136780045,0.00638856,0.00582243,0.0107874,0.0173289,0.0290249,0.0208714,0.00884496,0.0121186,0.00992594,0.00452402,0.00508847,0.00768302
92.183219955,0.00550002,0.00582927,0.00503539,0.00603246,0.00731962,0.00504555,0.00481592,0.00265852,0.00272555,0.00309042,0.0035167,0.00442338
92.229659864,0.0395319,0.0419114,0.0408274,0.0400406,0.0376053,0.0349547,0.0298645,0.0250106,0.021234,0.0192109,0.0181401,0.0211132
92.276099773,0.149991,0.155989,0.153615,0.137905,0.130835,0.130931,0.118471,0.120934,0.11424,0.0938693,0.083662,0.0842331
92.322539683,0.112353,0.102401,0.0755834,0.0707538,0.0461038,0.0275805,0.032063,0.0395216,0.0364252,0.0235399,0.0160888,0.0119268
92.368979592,0.0472076,0.0375025,0.0341422,0.0294586,0.0186517,0.00988066,0.00365349,0.00912512,0.0119207,0.00815822,0.00672842,0.00497572
92.415419501,0.00844369,0.00460305,0.00608462,0.0047115,0.00498929,0.00411798,0.00404422,0.00355785,0.00486724,0.00466221,0.00370466,0.00290442
92.461859410,0.017914,0.0192887,0.0239095,0.0280045,0.0230706,0.0157696,0.0210063,0.02592,0.0207835,0.0157391,0.0247713,0.0238882
92.508299320,0.00595036,0.0126877,0.0111535,0.00646328,0.00473822,0.0144261,0.0380199,0.0272265,0.00987187,0.0101473,0.0253507,0.01766
92.554739229,0.00765216,0.00910711,0.00663306,0.00523495,0.00427064,0.0152666,0.0445426,0.0348692,0.00825071,0.00687635,0.00927093,0.00678575
92.601179138,0.0629873,0.0658427,0.0641056,0.0637105,0.0571663,0.0925102,0.122376,0.0781286,0.0385448,0.0346577,0.0344628,0.0327065
92.647619048,0.134437,0.141707,0.138023,0.11989,0.109518,0.102697,0.0876403,0.0987407,0.097195,0.064068,0.0566974,0.0529518
92.694058957,0.10175,0.0921636,0.0689887,0.0671789,0.0413726,0.0213896,0.0267578,0.0334715,0.0293874,0.0159966,0.0153257,0.0129953
92.740498866,0.0377674,0.030206,0.0266973,0.0225957,0.0155499,0.00822846,0.00330328,0.00771061,0.0102509,0.00688864,0.00439953,0.0032281
92.786938776,0.00521209,0.00423725,0.00411502,0.00387716,0.00337602,0.0042512,0.00437742,0.00496948,0.00363767,0.00244986,0.00262534,0.00266479
92.833378685,0.0174301,0.0190902,0.0212998,0.0285186,0.016328,0.0292336,0.0266814,0.0214911,0.0232124,0.0132548,0.0128283,0.0147315
92.879818594,0.00408109,0.00582624,0.00601439,0.00555427,0.00617071,0.0132964,0.0291923,0.0166637,0.00835825,0.00789008,0.0113365,0.00950656
92.926258503,0.00901751,0.0112137,0.0119,0.00869766,0.00859044,0.0123099,0.047393,0.0362742,0.00710288,0.00642417,0.00781557,0.00723873
92.972698413,0.0934489,0.100061,0.0974087,0.0885056,0.0877735,0.0988072,0.138204,0.103452,0.0653871,0.0645809,0.0600025,0.0559369
93.019138322,0.138035,0.136728,0.120781,0.101417,0.0966192,0.085697,0.0738314,0.0818986,0.0779268,0.0480589,0.0450798,0.0396654
93.065578231,0.0907335,0.0811813,0.0650578,0.0594228,0.0364192,0.0167888,0.0219907,0.0265014,0.0222275,0.0111638,0.0146906,0.0126745
93.112018141,0.02966,0.0235301,0.0207081,0.0182683,0.0115534,0.00510172,0.00348037,0.00715958,0.00891744,0.00732239,0.0106455,0.00699433
93.158458050,0.00750749,0.00454254,0.0115288,0.0146914,0.00776704,0.00732386,0.0114898,0.0151675,0.0131657,0.0172193,0.0217422,0.00905899
93.204897959,0.00363189,0.0070579,0.0122568,0.0134448,0.00752707,0.00369118,0.00786317,0.00724215,0.00507786,0.00973827,0.0164684,0.00926093
93.251337868,0.0024747,0.00332057,0.00358542,0.00450932,0.00450559,0.00282596,0.0021896,0.00287671,0.00473395,0.00708409,0.00715522,0.00460558
93.297777778,0.0102117,0.0122957,0.0124344,0.0126095,0.0129855,0.00825488,0.00695472,0.00684097,0.00635255,0.00835367,0.00660488,0.00754384
93.344217687,0.126355,0.142361,0.144399,0.138149,0.136787,0.137536,0.124147,0.111221,0.103226,0.100417,0.0959658,0.0881514
93.390657596,0.137597,0.130091,0.108097,0.0830991,0.0809767,0.0634989,0.0567005,0.0663144,0.0622471,0.0466235,0.0343366,0.0261961
93.437097506,0.0783365,0.0679496,0.0571113,0.051041,0.0330058,0.0137897,0.0142757,0.0200196,0.0173135,0.00733417,0.0130502,0.0108974
93.483537415,0.02054,0.0160824,0.0140195,0.0106821,0.00749969,0.0048378,0.00428286,0.00559719,0.00738443,0.00519377,0.00203872,0.00197247
93.529977324,0.0125612,0.0125584,0.0122707,0.0106454,0.0128443,0.0157293,0.0257473,0.0326397,0.031631,0.0207485,0.014463,0.0150033
93.576417234,0.00600988,0.00535254,0.00418001,0.00615857,0.0112872,0.0110557,0.00820202,0.00858774,0.0118565,0.00662237,0.00532375,0.00586067
93.622857143,0.00451887,0.00693807,0.00772785,0.00602526,0.00696917,0.00436553,0.00265531,0.00488075,0.00657768,0.00264661,0.00517797,0.00691024
93.669297052,0.0182254,0.020141,0.0190706,0.0195607,0.0178671,0.0116018,0.0117115,0.0126426,0.0105573,0.00879783,0.00876446,0.00872336
93.715736961,0.152224,0.190348,0.214226,0.207757,0.180509,0.177809,0.170959,0.145112,0.162336,0.176741,0.158633,0.106102
93.762176871,0.128633,0.120614,0.0949137,0.0711592,0.0650254,0.0456141,0.0413401,0.0533666,0.0504792,0.0383996,0.023756,0.0138866
93.808616780,0.0676786,0.0569279,0.0495968,0.0428233,0.0285831,0.0123796,0.00867615,0.015162,0.0154435,0.00824331,0.0111691,0.00934254
93.855056689,0.0145939,0.0113583,0.00930049,0.00761976,0.00513625,0.00358735,0.00382045,0.00553238,0.00658841,0.00397733,0.00203486,0.00178431
93.901496599,0.0176575,0.0141459,0.0113111,0.0129349,0.0122832,0.0113532,0.018201,0.0314383,0.0309709,0.01976,0.0127224,0.0169529
93.947936508,0.00620945,0.00614737,0.00491481,0.00534292,0.0116595,0.0107922,0.00779845,0.00534345,0.0068338,0.00512468,0.0042421,0.00595667
93.994376417,0.00488437,0.00522079,0.00477461,0.00488959,0.00488313,0.0032861,0.00485956,0.00649524,0.00708586,0.00455147,0.00500141,0.00589957
94.040816327,0.0296514,0.0308869,0.0292424,0.0289923,0.0276561,0.0208381,0.0206941,0.0163515,0.0145192,0.0145651,0.0122129,0.0143623
94.087256236,0.167907,0.178713,0.176451,0.173158,0.141754,0.160354,0.152595,0.144926,0.132364,0.131734,0.131484,0.112331
94.133696145,0.122343,0.112792,0.0829636,0.0712034,0.0521866,0.0349157,0.0381943,0.0449442,0.0426315,0.0309056,0.0191413,0.0119273
94.180136054,0.0580836,0.0468947,0.0426374,0.037522,0.0239067,0.0120547,0.00649105,0.0117679,0.0145139,0.0088744,0.00821208,0.00680528
94.226575964,0.0108259,0.00915995,0.00691878,0.00474251,0.00475322,0.00397318,0.00389527,0.00434224,0.00582624,0.00325137,0.00176164,0.00184065
94.273015873,0.0105887,0.00602792,0.00673066,0.0104127,0.0170277,0.020073,0.0177363,0.0155835,0.0218422,0.020603,0.0194489,0.0215871
94.319455782,0.00319687,0.00476303,0.0049375,0.00828972,0.00828863,0.00873922,0.00826433,0.0125073,0.0123801,0.00871098,0.00756989,0.00686328
94.365895692,0.00643749,0.01093,0.0131451,0.00748646,0.0113693,0.0138307,0.00763401,0.00724026,0.00747517,0.00600173,0.00253027,0.00210643
94.412335601,0.0476658,0.0506615,0.0570143,0.050922,0.0389787,0.0351328,0.0295308,0.0258501,0.0259257,0.0250406,0.0210385,0.0211255
94.458775510,0.145729,0.152748,0.150958,0.135284,0.128286,0.127363,0.11269,0.116764,0.112054,0.0898679,0.0797144,0.079293
94.505215420,0.112024,0.101137,0.0739522,0.0695321,0.0442182,0.0269183,0.0309786,0.0385073,0.0354469,0.0226249,0.0159039,0.0125708
94.551655329,0.0458568,0.036537,0.0332431,0.0284823,0.0187097,0.00940728,0.00295811,0.00909636,0.0119105,0.00781285,0.00560117,0.00402239
94.598095238,0.0076686,0.00509756,0.00560013,0.00232413,0.00315094,0.00228496,0.00361715,0.0029203,0.00487345,0.00308517,0.00169558,0.00200186
94.644535147,0.00753951,0.0103191,0.00989012,0.00877049,0.00903149,0.00778658,0.00685878,0.00957082,0.0117859,0.0110819,0.0137743,0.019279
94.690975057,0.00438944,0.0068002,0.0106047,0.00805979,0.00418303,0.00322581,0.00479122,0.00336315,0.0038058,0.00429369,0.00304691,0.00451328
94.737414966,0.0132257,0.018565,0.0185421,0.0131916,0.00980075,0.0119849,0.012809,0.00720147,0.00611907,0.00629286,0.00285825,0.00319587
94.783854875,0.0631916,0.0814046,0.0819469,0.0683729,0.06308,0.057023,0.0498559,0.04706,0.0422642,0.0385096,0.036757,0.0371104
94.830294785,0.134372,0.141005,0.134403,0.11555,0.107068,0.100434,0.0869358,0.0968533,0.0931738,0.0602329,0.0547726,0.0529438
94.876734694,0.100558,0.0913287,0.0683294,0.0655089,0.0400606,0.0203458,0.0261375,0.0323838,0.0284123,0.0153241,0.0143391,0.0123138
94.923174603,0.0366053,0.0288498,0.0253407,0.0220291,0.0144565,0.00771597,0.00338094,0.0077453,0.0102565,0.00655496,0.00404862,0.00295876
94.969614512,0.0060858,0.00372481,0.00310992,0.00333312,0.00222193,0.00212216,0.00280784,0.00351793,0.00335558,0.00213551,0.00227741,0.00260135
95.016054422,0.00821888,0.00729988,0.0114151,0.0111706,0.0108693,0.0102305,0.0089498,0.00892552,0.00875079,0.00750495,0.00688637,0.00774404
95.062494331,0.00381484,0.007668,0.00734381,0.0076668,0.00667285,0.00353822,0.00331033,0.00373311,0.00298507,0.00424293,0.00313256,0.00210064
95.108934240,0.0146915,0.024554,0.0306578,0.0205323,0.0117122,0.0162215,0.0146122,0.008038,0.00619164,0.00726081,0.00501777,0.00556932
95.155374150,0.0926073,0.113655,0.0997202,0.0941745,0.0945463,0.0884178,0.0835476,0.0780725,0.0717741,0.0626461,0.0564094,0.0587326
95.201814059,0.140264,0.136953,0.120366,0.0998539,0.0955953,0.0825672,0.0726632,0.0808158,0.0773921,0.0476203,0.0439168,0.0398566
95.248253968,0.088628,0.0789473,0.0636089,0.0585609,0.0365715,0.0163473,0.0206045,0.0252271,0.0208033,0.009822,0.013923,0.0120015
95.294693878,0.0282292,0.0218141,0.0185045,0.0150341,0.00994208,0.00588915,0.00453629,0.00677809,0.00861892,0.00558965,0.00227657,0.00278808
95.341133787,0.00650241,0.00478979,0.00570875,0.00343482,0.00387744,0.00432734,0.00525031,0.00750274,0.00729127,0.00598087,0.00462125,0.00418082
95.387573696,0.0123196,0.0141467,0.0143604,0.00841689,0.0111939,0.0172084,0.0233175,0.0212916,0.015475,0.0188967,0.020915,0.0193552
95.434013605,0.00402409,0.00320619,0.00299945,0.0036679,0.00338514,0.00246642,0.00473937,0.00562449,0.00342546,0.0038322,0.00402277,0.00348829
95.480453515,0.0111121,0.014304,0.0140262,0.0128869,0.0121831,0.0100987,0.0101512,0.00985054,0.00526816,0.00725259,0.00783086,0.00567591
95.526893424,0.130965,0.149035,0.153056,0.148947,0.141979,0.134999,0.124981,0.112963,0.104779,0.10478,0.101098,0.0921497
95.573333333,0.136776,0.129812,0.107153,0.0819232,0.0789014,0.0610597,0.0553827,0.0639854,0.0598731,0.0460806,0.0330714,0.0248787
95.619773243,0.0773587,0.0675689,0.0569056,0.0498915,0.0326359,0.0134728,0.013811,0.0196678,0.0170905,0.00737954,0.0129867,0.0111227
95.666213152,0.0204847,0.0156693,0.0131836,0.00983685,0.00633163,0.00411229,0.00523628,0.00747908,0.00835414,0.00533565,0.00294257,0.00210755
95.712653061,0.0179522,0.0142335,0.012281,0.0114014,0.0144395,0.0219973,0.0302733,0.0373282,0.0360517,0.0275255,0.0198602,0.0175727
95.759092971,0.0141269,0.0169505,0.0199443,0.00726882,0.0287175,0.0450937,0.0343148,0.0195081,0.0239843,0.0171483,0.00952549,0.00872749
95.805532880,0.0112742,0.0175057,0.0102615,0.004382,0.00423006,0.00472928,0.00665721,0.0169978,0.0228657,0.010674,0.00907537,0.0125162
95.851972789,0.030191,0.0398331,0.0294694,0.0211396,0.0177784,0.0158777,0.0122468,0.0116674,0.0117055,0.0099316,0.00772348,0.00977402
95.898412698,0.155709,0.188204,0.215996,0.209317,0.180532,0.178685,0.165402,0.140878,0.163955,0.180005,0.156797,0.103052
95.944852608,0.127847,0.120378,0.0932221,0.0702865,0.0621498,0.0437113,0.0413786,0.0528879,0.0499765,0.0387918,0.0236039,0.0118115
95.991292517,0.0665474,0.0556807,0.0483574,0.0420366,0.0280523,0.0122028,0.00831153,0.0147898,0.0153476,0.00846964,0.0106776,0.00891479
96.037732426,0.0195076,0.0129893,0.00873951,0.00717638,0.00624311,0.00349898,0.00531065,0.00716418,0.00682686,0.00473188,0.00677646,0.00854825
96.084172336,0.0140529,0.00954388,0.00989858,0.00845586,0.00879849,0.0150734,0.018943,0.0220394,0.0297642,0.0291106,0.0138101,0.021019
96.130612245,0.00432064,0.00283573,0.00326798,0.00491404,0.00441497,0.00486984,0.00613594,0.00717869,0.00660474,0.00660734,0.0101568,0.0121926
96.177052154,0.0217449,0.0168824,0.0147949,0.0162817,0.0170739,0.0191281,0.0189007,0.021814,0.0280202,0.0198577,0.0187637,0.0300842
96.223492063,0.0302635,0.0311077,0.0327474,0.030075,0.028386,0.0210186,0.0208143,0.017902,0.0170896,0.0156942,0.0120689,0.0145659
96.269931973,0.169061,0.178892,0.170644,0.170021,0.146605,0.161667,0.147405,0.139867,0.125247,0.121132,0.125558,0.111991
96.316371882,0.120571,0.110628,0.0818733,0.0704486,0.0511171,0.0339924,0.0368943,0.0444611,0.0416332,0.0298095,0.0186327,0.0111983
96.362811791,0.0556008,0.0448856,0.0402272,0.0355515,0.0224397,0.0108856,0.00540863,0.0111101,0.0145638,0.00842477,0.00817206,0.00615437
96.409251701,0.011402,0.00785493,0.00624606,0.00537148,0.00411192,0.00378202,0.00656238,0.00856824,0.00703031,0.011429,0.0119716,0.0073464
96.455691610,0.0118804,0.00866783,0.00983747,0.00955171,0.00776585,0.00961356,0.0114155,0.0107307,0.0103287,0.016345,0.0292358,0.0257245
96.502131519,0.0041835,0.00358069,0.00490182,0.00510788,0.00490228,0.0062458,0.00593622,0.00369728,0.00480095,0.00826049,0.00891654,0.0137262
96.548571429,0.00354979,0.00479738,0.00564648,0.00524816,0.00570279,0.00406788,0.00406703,0.00443795,0.0027726,0.00577915,0.00479299,0.00315842
96.595011338,0.041894,0.0463483,0.0448591,0.042371,0.0388449,0.0358137,0.0323438,0.0269986,0.0242275,0.0232724,0.0246286,0.0215352
96.641451247,0.14094,0.151342,0.149123,0.13228,0.129461,0.125932,0.109483,0.115931,0.111025,0.0853959,0.07989,0.0771663
96.687891156,0.109142,0.0963235,0.0701769,0.0677593,0.0413848,0.0289915,0.0336151,0.0381437,0.0371145,0.0234677,0.0201736,0.0184837
96.734331066,0.0504518,0.0394887,0.0294011,0.0322211,0.0175089,0.00772129,0.00712805,0.0101199,0.0125984,0.00907585,0.0132712,0.0200592
96.780770975,0.0267428,0.00678272,0.0135365,0.0263413,0.0326245,0.0146151,0.005879,0.0108121,0.0126073,0.00957062,0.0314921,0.0439725
96.827210884,0.0255315,0.00884539,0.0199264,0.047507,0.0556166,0.0278014,0.0186895,0.0311804,0.0270818,0.0189252,0.0495842,0.0604973
96.873650794,0.0242727,0.0204165,0.0236186,0.046702,0.0530124,0.0196337,0.00953612,0.0269297,0.0276383,0.0157411,0.0504296,0.0668032
96.920090703,0.0370663,0.0212508,0.0184079,0.0473499,0.0537201,0.0169365,0.00839001,0.0257026,0.0247744,0.0155011,0.0547144,0.0688701
96.966530612,0.0856689,0.0718013,0.0805582,0.110034,0.0990241,0.0758514,0.0502799,0.0531303,0.0335643,0.0559291,0.0305678,0.0694194
97.012970522,0.132253,0.144603,0.133916,0.122854,0.114189,0.0938235,0.0762536,0.0857441,0.0919711,0.0584272,0.0506246,0.0558755
97.059410431,0.0927162,0.083969,0.0634847,0.0622735,0.0340056,0.0226485,0.0291155,0.0337055,0.0295916,0.0145904,0.0190546,0.0160164
97.105850340,0.0470038,0.0344298,0.0227305,0.0270262,0.0157017,0.011237,0.00775702,0.0104261,0.00993728,0.00791761,0.0158496,0.0212423
97.152290249,0.0240257,0.00807182,0.0123065,0.0268892,0.0333732,0.0181534,0.00818306,0.0108734,0.0126609,0.00991647,0.0342233,0.0458288
97.198730159,0.0223071,0.00902036,0.0112548,0.0443927,0.050116,0.0233751,0.0130569,0.0265411,0.024526,0.0181006,0.0500894,0.0631124
97.245170068,0.021937,0.0272455,0.0311831,0.0452898,0.055557,0.0206455,0.0124528,0.0254266,0.025489,0.0142375,0.056042,0.0671761
97.291609977,0.025969,0.0217765,0.0225838,0.0390963,0.053721,0.0165773,0.0115422,0.0267773,0.026211,0.0193125,0.0521526,0.0613636
97.338049887,0.111632,0.115026,0.110732,0.131639,0.129811,0.0996299,0.0939142,0.117806,0.0995671,0.081004,0.0535354,0.0570307
97.384489796,0.13237,0.13236,0.116757,0.102894,0.104705,0.0852998,0.0660266,0.0723744,0.072243,0.0536743,0.042754,0.034604
97.430929705,0.0828965,0.0728045,0.0566314,0.0547077,0.0297979,0.0191704,0.0207366,0.0232162,0.0190773,0.00896524,0.0178608,0.013248
97.477369615,0.041364,0.0263322,0.018338,0.0244959,0.0170633,0.0133301,0.00788052,0.00982427,0.00868984,0.00811005,0.0179205,0.0255339
97.523809524,0.0241007,0.0076885,0.0119128,0.0310712,0.0384733,0.019495,0.00681271,0.0131125,0.0130252,0.0112297,0.0371377,0.0501747
97.570249433,0.0252983,0.010596,0.0159107,0.044311,0.0581827,0.0250859,0.013697,0.0285159,0.0293181,0.0186541,0.0533184,0.0648431
97.616689342,0.0224796,0.0103783,0.0143737,0.0425708,0.0486767,0.0149578,0.00718381,0.0257379,0.0243519,0.0108211,0.0509258,0.0602486
97.663129252,0.0247866,0.0225146,0.0186635,0.0372853,0.0566586,0.016443,0.00898596,0.0269621,0.02811,0.0186479,0.0502491,0.0575573
97.709569161,0.146839,0.167106,0.170306,0.181938,0.177629,0.142431,0.122584,0.115293,0.0949198,0.0980354,0.0813969,0.0756255
97.756009070,0.126977,0.122796,0.10265,0.0814828,0.0848939,0.06619,0.0506484,0.0572553,0.0602299,0.0489661,0.0340752,0.0261581
97.802448980,0.0736789,0.063134,0.0497758,0.0472588,0.0241268,0.0159252,0.0144728,0.018529,0.0179939,0.00780578,0.0190965,0.0143985
97.848888889,0.0362928,0.0189594,0.0160719,0.023461,0.0190469,0.0121535,0.00767717,0.0107087,0.010497,0.00960107,0.0208695,0.0304065
97.895328798,0.0295602,0.0111247,0.0194273,0.0390455,0.0469102,0.0290037,0.0213183,0.0335828,0.0334936,0.0211892,0.047845,0.0630232
97.941768707,0.0271883,0.0119251,0.00951364,0.0456654,0.0572068,0.0221722,0.0105344,0.0255803,0.0273523,0.0190397,0.0541882,0.0665036
97.988208617,0.0224441,0.0112819,0.0153554,0.0422948,0.0496559,0.0179577,0.00713597,0.0240101,0.0240104,0.0126678,0.0527647,0.062743
98.034648526,0.0355817,0.0292293,0.0216177,0.0419024,0.0571811,0.0180035,0.0124246,0.0307395,0.0299897,0.0218365,0.0540238,0.0561418
98.081088435,0.160926,0.196343,0.209643,0.213102,0.196924,0.183368,0.151453,0.140563,0.125698,0.122822,0.0982683,0.0885769
98.127528345,0.12037,0.111455,0.0953837,0.0787538,0.0644432,0.0479388,0.0399269,0.0495475,0.0501014,0.0386292,0.0214988,0.0116724
98.173968254,0.0655575,0.0536975,0.0449933,0.0436865,0.0313472,0.0134466,0.0104392,0.0201128,0.0126822,0.00509448,0.0105281,0.011052
98.220408163,0.0366963,0.0427774,0.0201439,0.00751795,0.00706897,0.0221604,0.0272448,0.0118612,0.00416729,0.0077597,0.00523114,0.00768962
98.266848073,0.055328,0.0649369,0.0254407,0.013012,0.0128577,0.0371727,0.0501511,0.0285974,0.0196645,0.0257594,0.0202347,0.0144409
98.313287982,0.0555109,0.0693331,0.0253521,0.014934,0.0144124,0.0398493,0.0639344,0.0391467,0.014503,0.0287034,0.0401161,0.0413969
98.359727891,0.0605624,0.0681948,0.0216252,0.0108038,0.0137259,0.0429008,0.0552823,0.021325,0.00857856,0.024864,0.028407,0.0161409
98.406167800,0.08799,0.0772972,0.0377049,0.0411996,0.0458482,0.041101,0.0875108,0.0421208,0.0205354,0.0331446,0.027552,0.0183356
98.452607710,0.167446,0.165926,0.14357,0.148129,0.144025,0.15482,0.153646,0.146496,0.133542,0.101717,0.100856,0.0971027
98.499047619,0.113653,0.0998278,0.0846229,0.0779474,0.0539607,0.0449562,0.0417988,0.047547,0.0447927,0.0327347,0.0223086,0.0125744
98.545487528,0.0582636,0.04911,0.0415924,0.034424,0.0261491,0.0128904,0.0144954,0.0160699,0.0112227,0.00574829,0.00946041,0.00899261
98.591927438,0.0363823,0.0461438,0.0195428,0.0136085,0.0199284,0.0294812,0.0302896,0.0122738,0.00492214,0.00711632,0.00757352,0.00989649
98.638367347,0.0547348,0.0629665,0.0252701,0.0118043,0.0144882,0.0399616,0.0526447,0.0353855,0.0219935,0.023103,0.0214769,0.0137597
98.684807256,0.0520496,0.0698613,0.0303096,0.0259831,0.0374793,0.0527347,0.0485264,0.0151302,0.00852068,0.0239772,0.0259651,0.0154019
98.731247166,0.0662237,0.0712339,0.0252475,0.0185465,0.0184155,0.0378318,0.049509,0.0284441,0.0248786,0.0303985,0.0237957,0.0183386
98.777687075,0.0890237,0.0860524,0.0382945,0.0709221,0.0828761,0.051621,0.0590856,0.0532983,0.0311397,0.0419889,0.0276699,0.0152759
98.824126984,0.137675,0.15524,0.146365,0.128258,0.126071,0.119326,0.105944,0.12028,0.11118,0.0715639,0.0672575,0.0616562
98.870566893,0.106806,0.0905065,0.0750288,0.073788,0.0463793,0.0336208,0.0311862,0.0430517,0.036645,0.0233338,0.0161254,0.0134387
98.917006803,0.0493534,0.0461679,0.0371101,0.0264586,0.022353,0.0132734,0.0175248,0.013576,0.00936954,0.00628582,0.00911891,0.00998407
98.963446712,0.0385005,0.0479941,0.018143,0.0077026,0.00999577,0.0251784,0.0328656,0.0189399,0.0116009,0.011491,0.0181893,0.0209985
99.009886621,0.0567046,0.0715724,0.0326086,0.0166444,0.017455,0.0405251,0.0469817,0.0203832,0.0136662,0.0372409,0.035608,0.0213242
99.056326531,0.0564937,0.0675907,0.0218834,0.00898749,0.0143757,0.0382224,0.0439014,0.0183813,0.0123543,0.0300024,0.0279081,0.0224126
99.102766440,0.066483,0.0652266,0.0205231,0.00933006,0.0187658,0.0428657,0.0440155,0.0183326,0.0130497,0.0303949,0.0298633,0.0215055
99.149206349,0.103867,0.100111,0.0579203,0.0681734,0.0793359,0.0560688,0.0618648,0.0775768,0.0502355,0.0531436,0.0487799,0.0407853
99.195646259,0.143393,0.140563,0.123389,0.106006,0.105598,0.095446,0.0935043,0.100518,0.092565,0.0510733,0.0473885,0.0466318
99.242086168,0.100478,0.0816098,0.0715617,0.0589573,0.034219,0.0235881,0.0264708,0.0361656,0.0255963,0.0154588,0.0130013,0.0153837
99.288526077,0.0362417,0.0307953,0.0466338,0.0309179,0.0119032,0.0137333,0.0167689,0.00791393,0.0138106,0.00944542,0.00673006,0.0110794
99.334965986,0.0320319,0.0551112,0.0407674,0.00841713,0.00619511,0.0235752,0.0360244,0.0235056,0.00678332,0.00633783,0.0127943,0.00643198
99.381405896,0.0405271,0.0691248,0.0350341,0.0076837,0.0122475,0.0345947,0.050289,0.0265922,0.0099622,0.0223916,0.025281,0.0119114
99.427845805,0.0521497,0.0687207,0.0223603,0.0103805,0.0111476,0.0360893,0.0481813,0.019958,0.00994991,0.0259774,0.0250224,0.0125136
99.474285714,0.0609574,0.0698699,0.0208862,0.0128646,0.0173381,0.0373807,0.0421247,0.0187602,0.00694191,0.0267135,0.0266244,0.012492
99.520725624,0.0796824,0.119984,0.107397,0.0992926,0.0996037,0.0961324,0.0886998,0.0888227,0.0770068,0.0487443,0.0616116,0.0543089
99.567165533,0.144881,0.13117,0.111961,0.091391,0.0975169,0.0817764,0.0673905,0.0812931,0.0801888,0.0529616,0.0423978,0.0343075
99.613605442,0.0854191,0.0738087,0.0553529,0.0526816,0.0291669,0.0177729,0.019315,0.0233277,0.0189644,0.00972234,0.0186175,0.0176798
99.660045351,0.0392617,0.0247984,0.0193776,0.0253073,0.0169926,0.00872349,0.00601697,0.0105554,0.0110656,0.010583,0.0166655,0.0267691
99.706485261,0.0238052,0.00864651,0.0156169,0.0347649,0.0404929,0.0208392,0.00710347,0.0129705,0.0138204,0.0120656,0.038431,0.0497431
99.752925170,0.0310117,0.0157481,0.0177832,0.0539045,0.0589078,0.0294556,0.0140943,0.0300209,0.0309493,0.0198706,0.0537839,0.0675265
99.799365079,0.0233162,0.0110143,0.014221,0.0430736,0.0493876,0.0172761,0.00829946,0.0263847,0.0250197,0.0113821,0.0520891,0.0638868
99.845804989,0.0240597,0.0224089,0.015999,0.0452543,0.0581004,0.0172163,0.0138892,0.0312663,0.0295046,0.0214895,0.0507349,0.0603033
99.892244898,0.156285,0.167343,0.173034,0.180703,0.162517,0.140341,0.127026,0.104371,0.0843111,0.098705,0.0714365,0.105762
99.938684807,0.127561,0.122213,0.101142,0.0811486,0.0812547,0.0603331,0.0489886,0.0581285,0.0585787,0.047234,0.034653,0.0240938
99.985124717,0.0726923,0.0619885,0.0489704,0.047929,0.0240617,0.0162534,0.0142718,0.018225,0.0195046,0.0102872,0.0196349,0.0156995
100.031564626,0.0359388,0.0188395,0.016418,0.0228052,0.0198173,0.0126411,0.00733009,0.0100202,0.0114768,0.0107908,0.0217332,0.0317114
100.078004535,0.0309653,0.0128521,0.0168553,0.037833,0.0436508,0.0247652,0.0187866,0.0321149,0.0341189,0.021004,0.0491651,0.0626572
100.124444444,0.0254771,0.0131432,0.017259,0.0515373,0.0577825,0.0257969,0.0167285,0.0273472,0.0292876,0.0259114,0.0567733,0.0673829
100.170884354,0.022532,0.010346,0.014694,0.0437762,0.0504361,0.0180807,0.00940136,0.0271868,0.0239599,0.0113628,0.0516913,0.0622621
100.217324263,0.0350969,0.0301469,0.0228086,0.0408114,0.0609781,0.0226998,0.0132596,0.0322808,0.032222,0.0238698,0.051646,0.0543971
100.263764172,0.159863,0.188684,0.209233,0.212592,0.195815,0.181309,0.14557,0.142486,0.126612,0.128983,0.111795,0.105899
100.310204082,0.11582,0.111808,0.0897072,0.0674432,0.0663913,0.0442417,0.0407203,0.0485549,0.0478638,0.0417778,0.0243171,0.00917049
100.356643991,0.0702019,0.0619254,0.0521051,0.0342121,0.0298322,0.0136073,0.0118299,0.011008,0.00621952,0.00847103,0.00916377,0.0165905
100.403083900,0.0414015,0.0460388,0.0202199,0.0364367,0.0189954,0.01178,0.0134044,0.0217033,0.0258437,0.0277551,0.020451,0.0128486
100.449523810,0.114994,0.0978807,0.0971029,0.114049,0.0940794,0.0640132,0.0660528,0.0721962,0.0727394,0.0727719,0.0634254,0.0551759
100.495963719,0.116638,0.0790081,0.0412993,0.0838864,0.0417353,0.03832,0.0193674,0.0588839,0.0328473,0.0755992,0.0280324,0.0325971
100.542403628,0.138974,0.115235,0.107846,0.130141,0.0945935,0.0624665,0.0639718,0.066986,0.0739034,0.0855415,0.0660719,0.0625068
100.588843537,0.081006,0.0809814,0.0432232,0.0615486,0.0626151,0.0294533,0.0369352,0.0298225,0.0395224,0.0546669,0.0344867,0.0371267
100.635283447,0.136601,0.168064,0.167856,0.171265,0.16674,0.160876,0.136186,0.119048,0.110465,0.108167,0.10781,0.083421
100.681723356,0.109517,0.099352,0.0751129,0.0698222,0.0515738,0.0379897,0.0397171,0.0415196,0.0442145,0.0319135,0.0231668,0.0142505
100.728163265,0.0572723,0.0460936,0.034957,0.0362634,0.0169194,0.0110165,0.00812777,0.0102067,0.0137967,0.00847461,0.0155864,0.0156013
100.774603175,0.0293226,0.0114357,0.0153607,0.0245687,0.0291464,0.0187251,0.00890223,0.0101953,0.0123108,0.0107527,0.0278807,0.0405704
100.821043084,0.0318118,0.0192671,0.0285787,0.0521665,0.0541177,0.0289639,0.0203213,0.0228462,0.0301623,0.0241896,0.0547449,0.0705744
100.867482993,0.0248546,0.0152058,0.0164525,0.0460439,0.0496823,0.021549,0.0109579,0.0356613,0.0302537,0.0175974,0.061356,0.0714498
100.913922902,0.0230443,0.0143522,0.0167512,0.0411824,0.0514889,0.0161947,0.00786315,0.0302265,0.0279113,0.0149934,0.0532221,0.0593891
100.960362812,0.0662232,0.0592362,0.0492947,0.0661124,0.0704129,0.0345855,0.0239404,0.0472507,0.0365392,0.0367299,0.0441538,0.0434128
101.006802721,0.127106,0.148895,0.145676,0.138119,0.13048,0.109474,0.0914474,0.102739,0.100722,0.07071,0.0492209,0.0504971
101.053242630,0.106363,0.100777,0.0770272,0.0709198,0.0477715,0.0258387,0.0288469,0.0354013,0.0311432,0.0183597,0.0158097,0.0101585
101.099682540,0.043899,0.0386732,0.0466554,0.0355926,0.0176961,0.00922334,0.00984129,0.00875586,0.0106156,0.00722161,0.00369919,0.00503303
101.146122449,0.0143683,0.0376957,0.0472386,0.0176782,0.00286697,0.00742371,0.0231227,0.0290049,0.0171209,0.00702503,0.00874647,0.00997244
101.192562358,0.012403,0.052129,0.0664344,0.0237554,0.012149,0.0146651,0.0366993,0.0472603,0.0203831,0.0102301,0.0209044,0.0224797
101.239002268,0.0133589,0.0569665,0.0660631,0.0189762,0.00640886,0.00900843,0.035827,0.0402844,0.0129993,0.00626821,0.0248621,0.0219653
101.285442177,0.0162316,0.0605392,0.0667071,0.0198734,0.0117383,0.0142119,0.0345345,0.0409372,0.0111454,0.00720184,0.0260456,0.0217845
101.331882086,0.0681137,0.111701,0.0947201,0.0540326,0.0702601,0.069457,0.0517425,0.0703984,0.052043,0.0359609,0.0476808,0.0324587
101.378321995,0.137385,0.142047,0.129921,0.111123,0.105521,0.095758,0.0778083,0.0968591,0.0929545,0.0478402,0.0441322,0.0428646
101.424761905,0.0973334,0.0802416,0.0675343,0.0684254,0.0439074,0.0242642,0.0240911,0.0366329,0.027438,0.0162121,0.0160419,0.014117
101.471201814,0.0434986,0.0409993,0.0314706,0.0199586,0.012676,0.016274,0.0177138,0.0125638,0.00831655,0.00738811,0.00502702,0.00617223
101.517641723,0.0402546,0.0506936,0.0186013,0.00669426,0.00871057,0.0285152,0.0353059,0.0138986,0.00598386,0.0123394,0.0115734,0.00913554
101.564081633,0.0535413,0.0676253,0.0303879,0.0087201,0.010365,0.0433644,0.0551465,0.0292576,0.0124628,0.0295861,0.0239128,0.0180954
101.610521542,0.0547653,0.065972,0.0179685,0.00734329,0.00963238,0.0382709,0.0437816,0.0164547,0.0081424,0.0258548,0.0245829,0.0148693
101.656961451,0.0647096,0.0611841,0.0228155,0.0170081,0.0199541,0.0331894,0.0469849,0.0156782,0.011812,0.0287974,0.0249765,0.0133318
101.703401361,0.130587,0.112191,0.0828903,0.10919,0.106776,0.0828562,0.109327,0.102556,0.0852129,0.068509,0.0363888,0.054447
101.749841270,0.142243,0.13083,0.111501,0.100036,0.0945501,0.0792782,0.0707641,0.0806298,0.0665448,0.0392351,0.0367997,0.0349045
101.796281179,0.0905088,0.0714778,0.0646485,0.0570519,0.0344227,0.0220968,0.0222418,0.0297015,0.0202605,0.0110993,0.0126316,0.00632416
101.842721088,0.0430084,0.0252216,0.0305207,0.0392653,0.0197748,0.0158589,0.00773253,0.0209899,0.0160989,0.0182177,0.0134325,0.0124422
101.889160998,0.0732268,0.0480036,0.039286,0.0783406,0.0709216,0.0674516,0.0643856,0.0741371,0.0792283,0.0720875,0.0763135,0.0629157
101.935600907,0.074961,0.0520022,0.0721627,0.0880051,0.0502217,0.0486269,0.058437,0.0544164,0.04114,0.0433325,0.0429549,0.0362691
101.982040816,0.0331382,0.0487858,0.0876156,0.0513054,0.0158747,0.014394,0.0270791,0.0447353,0.0244132,0.0118713,0.0236883,0.0281453
102.028480726,0.0197802,0.0517035,0.0859003,0.0400145,0.018319,0.0132279,0.0345717,0.0391743,0.0194864,0.0117282,0.0290828,0.0284016
102.074920635,0.129803,0.177683,0.223154,0.197676,0.168685,0.161883,0.137523,0.102715,0.113496,0.111492,0.0888513,0.0931795
102.121360544,0.12351,0.121889,0.104283,0.0811922,0.076199,0.0535502,0.0533946,0.0539127,0.0552304,0.0406922,0.0242408,0.0221549
102.167800454,0.0723655,0.0578936,0.0600838,0.0569512,0.0334568,0.0114713,0.0143822,0.0153413,0.0280159,0.01364,0.013812,0.0116662
102.214240363,0.0223124,0.0149182,0.0323314,0.0396217,0.0137879,0.00387963,0.00695163,0.0201522,0.028273,0.0115547,0.00428221,0.00486042
102.260680272,0.0244421,0.0152881,0.0506929,0.0608185,0.0277577,0.0170984,0.0271397,0.0560046,0.0575562,0.0270278,0.0165587,0.0255989
102.307120181,0.0272449,0.019992,0.0645731,0.0757926,0.0320764,0.014189,0.0210682,0.0472264,0.0503545,0.0247598,0.0123538,0.0273665
102.353560091,0.0235879,0.0136867,0.0630763,0.0675531,0.0198397,0.00736695,0.0105075,0.0327241,0.0338857,0.0102526,0.00764566,0.0263026
102.400000000,0.0411442,0.0231285,0.079771,0.0738784,0.037906,0.0265267,0.0184317,0.0324377,0.0372212,0.00726114,0.010067,0.0305156
102.446439909,0.143968,0.16249,0.183221,0.175618,0.148239,0.166639,0.16028,0.146615,0.15217,0.138762,0.127559,0.102217
102.492879819,0.128117,0.107671,0.0807472,0.0707227,0.0645128,0.0491449,0.0471772,0.0526924,0.050347,0.0363115,0.0255132,0.0128905
102.539319728,0.0625867,0.0513925,0.041053,0.0406468,0.0211149,0.0102083,0.00782924,0.0123226,0.0158634,0.00925742,0.0159892,0.0183842
102.585759637,0.0315131,0.0126343,0.0148249,0.0237871,0.0254201,0.0127542,0.00828542,0.0115798,0.0123623,0.0112177,0.0241563,0.036341
102.632199546,0.0332264,0.0107136,0.0247856,0.0524025,0.0511939,0.0261187,0.016304,0.0242687,0.0276619,0.0172097,0.0495169,0.0646534
102.678639456,0.0244584,0.0122277,0.0135119,0.042406,0.0484269,0.017844,0.00766673,0.026101,0.0280737,0.0141196,0.0515278,0.063564
102.725079365,0.0189498,0.0103358,0.0172204,0.0439658,0.0509661,0.0172476,0.00718845,0.0254382,0.0274595,0.0120261,0.0484421,0.0584516
102.771519274,0.0478474,0.0454537,0.0374358,0.0602626,0.0544329,0.0278578,0.0176337,0.0391711,0.0344381,0.0334784,0.044925,0.0642901
102.817959184,0.158873,0.170643,0.169304,0.16913,0.145939,0.142241,0.127042,0.11904,0.107292,0.0945058,0.085362,0.0960373
102.864399093,0.10845,0.0996405,0.0751533,0.0700529,0.0490558,0.0346156,0.03703,0.0407882,0.0428818,0.0293199,0.023467,0.0140541
102.910839002,0.056749,0.0453744,0.0345655,0.0355647,0.0166496,0.0105424,0.00785109,0.010697,0.0138558,0.00834372,0.0158632,0.016375
102.957278912,0.0276042,0.0078596,0.0129807,0.0242642,0.0283006,0.0159461,0.00732369,0.0116076,0.0120182,0.00924348,0.0268451,0.0391977
103.003718821,0.0283304,0.0112835,0.0143633,0.0434291,0.0539198,0.0301847,0.0179054,0.0262181,0.0252884,0.0220462,0.0543191,0.0642318
103.050158730,0.0214871,0.0124922,0.0139238,0.0421512,0.0494932,0.0186153,0.00943399,0.0274692,0.0265842,0.0124311,0.0521905,0.0640465
103.096598639,0.0197983,0.0124616,0.0171142,0.0419006,0.054103,0.0178655,0.00878018,0.0261682,0.024612,0.0120621,0.051718,0.0597478
103.143038549,0.0658992,0.0635859,0.056517,0.071481,0.0755368,0.0402215,0.0245117,0.0463643,0.0385507,0.0429557,0.0430446,0.043956
103.189478458,0.128071,0.148237,0.147665,0.137147,0.131282,0.110197,0.0938607,0.095259,0.0961384,0.0696521,0.0546228,0.0550333
103.235918367,0.0996112,0.0896493,0.0655961,0.0664993,0.0401265,0.0245055,0.030338,0.0350326,0.0335432,0.0203963,0.0186498,0.013876
103.282358277,0.0509767,0.0389453,0.026477,0.0301512,0.0160804,0.0116217,0.00841573,0.00950235,0.0110226,0.00865602,0.015392,0.0182208
103.328798186,0.0255695,0.00753829,0.0122238,0.0254866,0.0316846,0.0167901,0.00849133,0.0131158,0.0138309,0.00838058,0.0308583,0.0433231
103.375238095,0.0235262,0.00985331,0.0102066,0.0371164,0.0449226,0.0186626,0.00998947,0.0202052,0.024722,0.0135968,0.0473049,0.0584195
103.421678005,0.0237668,0.0107377,0.0145651,0.0423095,0.0492304,0.0177462,0.0103076,0.0271711,0.0260088,0.0139909,0.0524276,0.0631336
103.468117914,0.0208722,0.0135866,0.0176921,0.04032,0.0530802,0.0165663,0.0104185,0.0279689,0.0240388,0.0136417,0.0527095,0.0612671
103.514557823,0.0894203,0.0882444,0.0769951,0.0968694,0.0968404,0.0608839,0.045383,0.0618356,0.0468116,0.0486045,0.0406516,0.042257
103.560997732,0.129466,0.139036,0.126913,0.116321,0.114396,0.0938118,0.0724585,0.0777255,0.0849193,0.0584398,0.0465073,0.0459329
103.607437642,0.0883481,0.0789753,0.0608723,0.0605377,0.0321582,0.0209667,0.0254634,0.0284926,0.0239726,0.0131158,0.0182134,0.0139459
103.653877551,0.0449485,0.0308252,0.02125,0.0266413,0.0162564,0.0116543,0.00780804,0.0111689,0.00928369,0.00805808,0.0154573,0.0220887
103.700317460,0.023097,0.00674518,0.0134566,0.0286456,0.0358934,0.0189094,0.0080533,0.0113368,0.0146575,0.0102373,0.0348481,0.0468884
103.746757370,0.0262266,0.0169037,0.0225142,0.0483872,0.0528011,0.0246253,0.0130059,0.0282112,0.0287644,0.017944,0.0504252,0.0642221
103.793197279,0.0210339,0.0097406,0.0122151,0.0403395,0.0483418,0.0155357,0.00764792,0.0267715,0.024582,0.0127689,0.0502692,0.0623626
103.839637188,0.0221092,0.0167051,0.0178906,0.0383659,0.0537402,0.0154855,0.00754144,0.0285229,0.0259229,0.0147445,0.0509515,0.0583712
103.886077098,0.116239,0.119973,0.113408,0.132125,0.12737,0.0947109,0.0821392,0.0920528,0.0719838,0.0705673,0.0574802,0.0479352
103.932517007,0.129096,0.127162,0.11526,0.0994165,0.0944093,0.0730082,0.0540457,0.0689425,0.0687548,0.0514793,0.0367794,0.0296232
103.978956916,0.0807505,0.0674212,0.0579255,0.0583362,0.0392633,0.0176223,0.0141085,0.0270143,0.0179397,0.00945009,0.0147846,0.0125529
104.025396825,0.0384154,0.0403217,0.0262753,0.0134154,0.00932679,0.01902,0.0205264,0.0114813,0.00528793,0.00720001,0.00495381,0.00638181
104.071836735,0.0456898,0.0561487,0.0222133,0.00619727,0.00940897,0.0308967,0.0381452,0.0168632,0.00811106,0.0150158,0.0163565,0.0132644
104.118276644,0.0542623,0.0685038,0.0317088,0.0245529,0.0318822,0.0547761,0.0528717,0.0208892,0.00799697,0.0244452,0.0230635,0.0142413
104.164716553,0.0564766,0.0653719,0.020184,0.0109411,0.0112411,0.0370956,0.0425559,0.0141848,0.00935896,0.0288309,0.0266697,0.014448
104.211156463,0.0701801,0.0626776,0.028657,0.0246289,0.0268179,0.0280923,0.0504566,0.0185199,0.0107988,0.0274261,0.0248543,0.0127479
104.257596372,0.151653,0.155001,0.146456,0.160278,0.150962,0.136274,0.154858,0.146185,0.134605,0.123973,0.0974007,0.0908018
104.304036281,0.128263,0.118174,0.103268,0.0778484,0.0745485,0.0609309,0.0497831,0.0614364,0.0562032,0.0412757,0.0298301,0.0178602
104.350476190,0.0737,0.0579734,0.0490704,0.0484073,0.0343851,0.0158468,0.0129631,0.0229154,0.014689,0.00763553,0.0149996,0.0129097
104.396916100,0.037316,0.0425327,0.0193108,0.00813893,0.00790728,0.0201502,0.0254235,0.0111913,0.00477962,0.00794401,0.0056834,0.00795989
104.443356009,0.0515155,0.0605344,0.0277469,0.0129783,0.0126667,0.0408144,0.0553255,0.0402993,0.0272897,0.0272051,0.0223194,0.018742
104.489795918,0.0536512,0.0660952,0.0222364,0.0117961,0.0129501,0.0396786,0.0433059,0.0150903,0.00981937,0.0276778,0.0256052,0.013399
104.536235828,0.0595089,0.0651892,0.0186506,0.0110387,0.0116534,0.0375295,0.0420228,0.0109857,0.00877973,0.025113,0.0242095,0.0135859
104.582675737,0.0747124,0.0686209,0.0232751,0.0294375,0.0315834,0.0213479,0.0475776,0.0301753,0.0158627,0.0308695,0.0250315,0.0122913
104.629115646,0.162362,0.181483,0.168456,0.168014,0.151318,0.157465,0.156032,0.146803,0.146521,0.143294,0.122527,0.0961649
104.675555556,0.121302,0.109079,0.0922462,0.0775584,0.0599713,0.0483539,0.0441189,0.0519913,0.0478333,0.0347062,0.0200436,0.00809537
104.721995465,0.0656893,0.0535808,0.0456782,0.0402245,0.0299198,0.0136265,0.0130948,0.0182333,0.0122648,0.00713552,0.0121386,0.0100441
104.768435374,0.0354571,0.0433948,0.0182551,0.00653917,0.00616797,0.021724,0.0285935,0.0138231,0.00537569,0.00583353,0.0074615,0.00889899
104.814875283,0.0528618,0.0628407,0.0282822,0.0123412,0.0103988,0.032903,0.0419005,0.0211552,0.0179729,0.0244666,0.0201827,0.0133815
104.861315193,0.055668,0.0713275,0.0315124,0.0121467,0.0134165,0.0428798,0.0471122,0.0182394,0.00990572,0.0284999,0.0260899,0.0158247
104.907755102,0.0602434,0.0675061,0.0201476,0.00911974,0.0138067,0.0369953,0.0419246,0.0156168,0.0120011,0.0309706,0.0258951,0.0157294
104.954195011,0.0830501,0.0761346,0.0215207,0.040575,0.0430275,0.0265625,0.0464379,0.0371504,0.0203748,0.0381877,0.0306687,0.0204852
105.000634921,0.158576,0.169738,0.145033,0.134579,0.140862,0.140384,0.136532,0.143023,0.127701,0.0972166,0.0903112,0.0818336
105.047074830,0.119445,0.100319,0.074913,0.0641389,0.0487354,0.0310101,0.0324183,0.0461477,0.0361694,0.0277515,0.0179525,0.0126792
105.093514739,0.050906,0.0402967,0.0495894,0.0390743,0.0122436,0.0150876,0.0160898,0.00884711,0.015168,0.0092426,0.00856134,0.0124339
105.139954649,0.030213,0.0431854,0.0401761,0.0100396,0.00684021,0.0216554,0.0293486,0.0192424,0.0074585,0.0073629,0.0115571,0.00787501
105.186394558,0.0463106,0.0720217,0.0415885,0.0141626,0.0161153,0.0414927,0.0623429,0.041172,0.024263,0.0303626,0.030037,0.0200657
105.232834467,0.04994,0.0681171,0.0282261,0.0104495,0.0117097,0.0349054,0.0467627,0.0208937,0.00864379,0.0268512,0.0262684,0.0146338
105.279274376,0.0580486,0.067316,0.0211141,0.00949621,0.0137449,0.0392793,0.0441428,0.0137206,0.00825533,0.0260367,0.0268492,0.0133632
105.325714286,0.0655599,0.0957199,0.0624763,0.0532403,0.0536451,0.0545375,0.053575,0.0485429,0.0450541,0.0387275,0.0407264,0.0326117
105.372154195,0.129378,0.143418,0.137564,0.11751,0.121052,0.11366,0.0959634,0.10936,0.10594,0.0671187,0.0591032,0.0514103
105.418594104,0.107496,0.0913282,0.0635776,0.0642284,0.0380523,0.0249251,0.0305023,0.0360525,0.0344474,0.019248,0.0186142,0.018686
105.465034014,0.0484872,0.0363198,0.0264886,0.0303019,0.01676,0.00796565,0.00718631,0.00994645,0.0123545,0.00950218,0.0132815,0.0204644
105.511473923,0.0255609,0.00660725,0.0131691,0.0265011,0.0340745,0.0162581,0.00719229,0.0112852,0.0127669,0.0084917,0.0331316,0.0452869
105.557913832,0.0232984,0.0105746,0.0117383,0.0395338,0.0489228,0.020054,0.0113334,0.0244788,0.0237641,0.0157708,0.0481164,0.0620521
105.604353741,0.0207494,0.00785695,0.0142663,0.0436755,0.0491537,0.0170566,0.00815565,0.0272585,0.0267386,0.0125598,0.0490721,0.0612345
105.650793651,0.0228444,0.0147275,0.0149814,0.0406186,0.0509424,0.0143759,0.00773315,0.0272162,0.0249655,0.0150339,0.0541017,0.0640568
105.697233560,0.0951234,0.0810416,0.086854,0.102582,0.0839947,0.0611496,0.0590451,0.0603681,0.0321899,0.053057,0.0271779,0.0671558
105.743673469,0.134324,0.139378,0.124352,0.116349,0.111164,0.0901731,0.0712116,0.0779146,0.082183,0.0526679,0.0469243,0.0491035
105.790113379,0.0869662,0.07867,0.0607998,0.059848,0.0321333,0.0213173,0.0245324,0.0275896,0.0235415,0.0114929,0.0188581,0.0142848
105.836553288,0.0441676,0.0302026,0.0208984,0.0257356,0.0160199,0.0121327,0.0092546,0.0121192,0.0102757,0.00860372,0.017094,0.0230695
105.882993197,0.0230474,0.00846306,0.014179,0.029721,0.0368316,0.0182738,0.00673021,0.0120035,0.0142714,0.00946369,0.0342924,0.0465522
105.929433107,0.0258491,0.0131446,0.0158835,0.044228,0.0509477,0.0216793,0.00994659,0.0245936,0.0245337,0.0155404,0.0470954,0.0610957
105.975873016,0.018649,0.0111249,0.0132348,0.0409459,0.0484153,0.014543,0.00824611,0.0244342,0.0244206,0.0127303,0.0498625,0.060592
106.022312925,0.0202753,0.0172686,0.0180098,0.0376849,0.0552332,0.0170773,0.0086542,0.0258512,0.0256814,0.0171761,0.0519605,0.0584903
106.068752834,0.123249,0.131873,0.125402,0.140333,0.135744,0.0996775,0.0872752,0.0924557,0.076349,0.0775958,0.0630451,0.0587379
106.115192744,0.128574,0.127849,0.110601,0.0913168,0.0958164,0.0737352,0.0581954,0.0664843,0.0658286,0.054115,0.0387852,0.0280772
106.161632653,0.0822962,0.0764129,0.0648076,0.0419177,0.0354449,0.0159066,0.0183992,0.0207239,0.0109873,0.0127332,0.0112437,0.0173801
106.208072562,0.0341986,0.0408225,0.0200153,0.0285133,0.0119445,0.0085497,0.00544899,0.0127132,0.0143177,0.0135423,0.0112382,0.0147775
106.254512472,0.106195,0.101189,0.0866644,0.0973856,0.0796969,0.0600198,0.0578865,0.0604523,0.0707915,0.0730722,0.0617537,0.0407573
106.300952381,0.120349,0.0643892,0.0561391,0.0762219,0.0413982,0.0368444,0.0348047,0.0526178,0.0343379,0.06316,0.0285427,0.0543895
106.347392290,0.137551,0.109524,0.0925164,0.118056,0.0906214,0.0695206,0.0593316,0.0712068,0.0852755,0.0961792,0.0739997,0.0544624
106.393832200,0.105112,0.0701658,0.0574947,0.0643352,0.0567415,0.0265556,0.0502963,0.0454435,0.0440901,0.058514,0.02917,0.0485168
106.440272109,0.12429,0.188757,0.209553,0.205768,0.216111,0.189278,0.157946,0.1278,0.137623,0.13887,0.129395,0.0975978
106.486712018,0.122026,0.114422,0.0956078,0.0735217,0.0767977,0.0569083,0.0454587,0.0520992,0.0544366,0.0463653,0.0309915,0.0174545
106.533151927,0.0690418,0.0588679,0.0458959,0.0450875,0.0218792,0.0130926,0.0113607,0.0156198,0.0164713,0.00867062,0.0182426,0.0141957
106.579591837,0.0330622,0.0175027,0.015944,0.0226525,0.0207664,0.013936,0.00867665,0.0108514,0.011441,0.00965048,0.0201204,0.0313616
106.626031746,0.0309487,0.0137866,0.0225259,0.0386488,0.0481557,0.0254024,0.0201883,0.0379544,0.0375173,0.0180744,0.0434319,0.0595719
106.672471655,0.0238227,0.0110898,0.0120948,0.039319,0.0476933,0.0216662,0.0122623,0.0267786,0.0253732,0.0172042,0.0503625,0.0607613
106.718911565,0.0236637,0.0119654,0.0124928,0.0416779,0.0485876,0.0201834,0.0124121,0.0324285,0.0303866,0.0165409,0.0542095,0.0663813
106.765351474,0.0274673,0.0186787,0.0186455,0.0469895,0.0471939,0.0182271,0.0110464,0.0281875,0.0256481,0.016584,0.0529623,0.0596315
106.811791383,0.0529503,0.0578749,0.0721228,0.0646395,0.0440117,0.0321269,0.0321704,0.0370562,0.0502618,0.0502764,0.0513986,0.0499817
106.858231293,0.013065,0.0169766,0.0333274,0.025151,0.0121278,0.0116738,0.015029,0.0100611,0.00995324,0.0181256,0.0160467,0.00752319
106.904671202,0.0155728,0.0193593,0.0133198,0.00672433,0.0199492,0.0197819,0.00492597,0.00818346,0.00936287,0.00536069,0.0048589,0.00675562
106.951111111,0.0128926,0.0288176,0.0175458,0.00437818,0.0181993,0.024612,0.0110206,0.00562129,0.00827011,0.00633328,0.00824468,0.00771903
106.997551020,0.0038863,0.00482032,0.00508982,0.00370911,0.00586335,0.00858263,0.00748126,0.00440939,0.00529543,0.00362208,0.00365329,0.00493174
107.043990930,0.0040574,0.00541048,0.00539517,0.00478935,0.00559045,0.00491528,0.00423647,0.00505642,0.00479031,0.00331697,0.00509883,0.00606674
107.090430839,0.00267505,0.00274574,0.00481526,0.0065243,0.00672188,0.00633294,0.00518464,0.00800168,0.0118347,0.00993615,0.00600975,0.00490976
107.136870748,0.00632935,0.00744008,0.00608982,0.00871905,0.00737734,0.00364454,0.00517673,0.00914546,0.02534,0.0220126,0.00939369,0.00528476
107.183310658,0.00904,0.00740084,0.0113204,0.0116805,0.00864791,0.0090906,0.0128482,0.0180477,0.0329427,0.018982,0.00630862,0.0136023
107.229750567,0.00295416,0.0161219,0.0209513,0.00598333,0.0103901,0.0225469,0.0182825,0.00627351,0.0216917,0.0255471,0.00950634,0.00380288
107.276190476,0.00985145,0.0137715,0.00639053,0.00621442,0.0115378,0.00798019,0.0163545,0.0547618,0.0606133,0.0215418,0.00498878,0.0111558
107.322630385,0.00257477,0.00207039,0.00450921,0.00463204,0.00356745,0.0152166,0.0290355,0.0174341,0.00456749,0.00430491,0.00519241,0.00394541
107.369070295,0.00365134,0.00518259,0.00496304,0.0040915,0.00472442,0.00467236,0.012007,0.0180595,0.0109813,0.00320039,0.00333489,0.00320643
107.415510204,0.00717181,0.00757889,0.00841444,0.00792882,0.00751555,0.00954832,0.0116113,0.00824138,0.0112261,0.0113444,0.00891562,0.00754059
107.461950113,0.00392149,0.00366425,0.0113921,0.0136143,0.00881503,0.00514045,0.0132795,0.0182612,0.0207249,0.0130519,0.00358638,0.00322834
107.508390023,0.00460285,0.00360596,0.00655411,0.0106593,0.00705749,0.00730092,0.00585039,0.00398676,0.01195,0.0105135,0.0152523,0.0094852
107.554829932,0.0172557,0.0399903,0.0363692,0.065088,0.0581421,0.0352307,0.0182038,0.0504685,0.0453159,0.0194566,0.0182696,0.0147422
107.601269841,0.0110866,0.0160558,0.0143671,0.00678387,0.00848215,0.00866381,0.00895505,0.0104611,0.0203307,0.0154807,0.00694372,0.0113388
107.647709751,0.0116965,0.00855544,0.00603332,0.00840744,0.00769909,0.0081087,0.0109959,0.0103091,0.00549579,0.00861184,0.0155326,0.0169579
107.694149660,0.00291682,0.00384574,0.00515606,0.00535293,0.00354884,0.0022813,0.00716693,0.0122454,0.00599394,0.00440783,0.00600802,0.00402652
107.740589569,0.0575133,0.0302113,0.0123995,0.00921997,0.0118326,0.0167047,0.024447,0.026567,0.0425236,0.0855574,0.0577832,0.0506327
107.787029478,0.00561394,0.00558576,0.00893209,0.0164589,0.0266659,0.0168191,0.0149339,0.00898636,0.0293845,0.0274045,0.0109884,0.00877257
107.833469388,0.00434093,0.00449621,0.00378685,0.00533283,0.0101537,0.00677754,0.0075286,0.0168628,0.0159952,0.0178611,0.00980793,0.00982785
107.879909297,0.00268694,0.00230154,0.00225595,0.00511816,0.00772637,0.00794437,0.00621304,0.019542,0.0298527,0.0217921,0.00949778,0.00763878
107.926349206,0.00303667,0.00371232,0.00354938,0.00352703,0.00455748,0.00489595,0.00662077,0.00730566,0.00430815,0.00540289,0.00632273,0.00529851
107.972789116,0.00469939,0.00586085,0.00585817,0.00556062,0.00282783,0.00949771,0.013487,0.0059317,0.00748988,0.00551692,0.0060815,0.0142029
108.019229025,0.00442221,0.00558719,0.00669812,0.00521593,0.0076493,0.00603263,0.00807506,0.00784725,0.00514979,0.00501202,0.00609643,0.00889655
108.065668934,0.00271849,0.0045506,0.00471392,0.0103222,0.00758708,0.00420044,0.00564554,0.00562529,0.00707024,0.0135055,0.017415,0.0168643
108.112108844,0.00468666,0.00494852,0.00468578,0.0064825,0.00518579,0.00442787,0.00562136,0.00696409,0.00454172,0.00596596,0.00746687,0.00875093
108.158548753,0.00446192,0.00483681,0.00519603,0.00792777,0.00748438,0.00544088,0.00240737,0.00529181,0.00445413,0.00654211,0.00591163,0.0083722
108.204988662,0.00124696,0.00196255,0.00199407,0.00216867,0.00203194,0.00226604,0.00219833,0.000914782,0.000722402,0.00131146,0.00185879,0.00105734
108.251428571,0.000892176,0.00224976,0.00214131,0.00170807,0.00162703,0.00130783,0.00161268,0.00170541,0.00175622,0.000974424,0.00129273,0.00167182
108.297868481,0.000974298,0.00212231,0.00220173,0.00143199,0.00118482,0.00171348,0.00181724,0.00184394,0.000859505,0.00146049,0.00088751,0.000895148
108.344308390,0.0021153,0.000939824,0.0024861,0.00218569,0.00200225,0.000902381,0.00173989,0.00141537,0.00314723,0.00420633,0.00253832,0.00149632
108.390748299,0.00182796,0.00209631,0.00260646,0.00278014,0.00290799,0.00266727,0.00217917,0.00286317,0.00446257,0.00362206,0.00234022,0.00220578
108.437188209,0.00315888,0.00355816,0.00263896,0.00222372,0.00490678,0.00582553,0.00397137,0.00359124,0.00428567,0.00822841,0.0212023,0.013735
108.483628118,0.00497424,0.00230562,0.00242828,0.00199742,0.00233393,0.00241383,0.00248505,0.00245897,0.00268353,0.00503362,0.0133528,0.012316
108.530068027,0.00284841,0.00188279,0.00180584,0.00225915,0.00345674,0.00360362,0.00217956,0.00152563,0.0022385,0.00424859,0.00544236,0.00285119
108.576507937,0.00840865,0.0269452,0.0224557,0.0060115,0.00219726,0.00311435,0.00331825,0.00215725,0.00410587,0.0049696,0.00490733,0.0030274
108.622947846,0.00494728,0.0128991,0.0130064,0.00515424,0.00200516,0.00266796,0.00261799,0.00140961,0.00285672,0.00333634,0.00480071,0.00457183
108.669387755,0.00202067,0.00599286,0.0205529,0.0290677,0.0171872,0.00677435,0.00628331,0.00643819,0.00403463,0.00756418,0.00917761,0.00335413
108.715827664,0.00433551,0.00695445,0.00772606,0.0111349,0.00579425,0.00362061,0.00718235,0.00657412,0.00247337,0.00300712,0.00444676,0.00408218
108.762267574,0.00171948,0.0047559,0.00922038,0.0100274,0.00275143,0.0027336,0.00668939,0.00622835,0.00300601,0.00331452,0.00314058,0.00220602
108.808707483,0.00251279,0.00801051,0.0117791,0.00777031,0.0037383,0.00397274,0.00499394,0.00631028,0.00419901,0.00631618,0.00589723,0.0037361
108.855147392,0.01548,0.0587796,0.0560357,0.0153178,0.00586389,0.00769996,0.00708749,0.00532769,0.0140014,0.0151706,0.00843002,0.0056302
108.901587302,0.0108238,0.0164842,0.00972184,0.00626218,0.0028245,0.00349793,0.00243585,0.00446905,0.0106177,0.00795482,0.00567703,0.00440246
108.948027211,0.00726482,0.0150348,0.0150421,0.00616778,0.00241675,0.00414784,0.00490087,0.00436409,0.00509635,0.00477577,0.00355525,0.00295519
108.994467120,0.00819769,0.0164266,0.0101154,0.00294207,0.00332577,0.00233872,0.0024903,0.00225254,0.00332524,0.00298098,0.00135045,0.00232299
109.040907029,0.00595016,0.00134073,0.00623875,0.0038118,0.00273925,0.00347472,0.00204976,0.00226835,0.00361973,0.00294784,0.00251458,0.00236921
109.087346939,0.00787371,0.00362541,0.00848911,0.00652806,0.00140425,0.00670393,0.0096547,0.00519239,0.00260995,0.00361135,0.016295,0.0222093
109.133786848,0.00438823,0.00671534,0.0074817,0.0039661,0.00226658,0.00472966,0.00656871,0.00307226,0.00705231,0.00635142,0.00518877,0.0032903
109.180226757,0.00310231,0.00594699,0.0065277,0.00240965,0.00161611,0.00264592,0.00464015,0.00357982,0.00376029,0.00465055,0.00414681,0.00349162
109.226666667,0.00442933,0.00671025,0.00582898,0.00336933,0.00138904,0.00359246,0.00511955,0.0032677,0.00270634,0.00309605,0.00404757,0.00403201
109.273106576,0.00240324,0.00254761,0.00407406,0.00379809,0.00225792,0.0036081,0.00345769,0.00295125,0.00364249,0.00695482,0.0181017,0.0118909
109.319546485,0.00218171,0.00266763,0.00325284,0.00270274,0.0029515,0.0028264,0.00171342,0.00242952,0.00335418,0.00404217,0.00692279,0.00547679
109.365986395,0.00207804,0.00227535,0.00124996,0.00228171,0.00309738,0.00235068,0.00196742,0.00192331,0.00215538,0.00307993,0.00557889,0.00340491
109.412426304,0.0031509,0.00235157,0.00250206,0.00273321,0.00571571,0.00449573,0.00208497,0.00322854,0.00344953,0.00586703,0.00500457,0.00377911
109.458866213,0.00182143,0.00155923,0.00261748,0.00593841,0.00604523,0.00276595,0.00288511,0.0036341,0.00410573,0.00299325,0.0039085,0.0037074
109.505306122,0.00278738,0.00345826,0.00424398,0.00776659,0.00784467,0.0036177,0.00213811,0.00296842,0.0114886,0.0103811,0.00368269,0.00300809
109.551746032,0.00272309,0.00291367,0.00410601,0.00463744,0.00347606,0.00467235,0.00398563,0.00670545,0.00687439,0.00217159,0.00422277,0.0016741
109.598185941,0.00254931,0.00213925,0.003934,0.00319962,0.00341011,0.00463495,0.00453369,0.0056956,0.00382857,0.00348183,0.00268131,0.00227435
109.644625850,0.0018631,0.00257291,0.00301429,0.00165243,0.0027975,0.00223861,0.00216115,0.00375797,0.00204221,0.00274867,0.00299162,0.00170993
109.691065760,0.00232026,0.00232334,0.00343785,0.00396617,0.00302648,0.00354876,0.00309067,0.00243539,0.00309066,0.00290651,0.00322697,0.00352106
109.737505669,0.00167573,0.00228294,0.00294957,0.00284891,0.00211704,0.00284645,0.0029308,0.0035573,0.00330341,0.00294493,0.00419835,0.00356532
109.783945578,0.00299983,0.00281803,0.00323114,0.00306638,0.00228616,0.00223472,0.00315494,0.00223252,0.00316861,0.0050152,0.00909326,0.00682317
109.830385488,0.00165482,0.00144901,0.00243243,0.00189162,0.00157225,0.00275094,0.0028017,0.00269589,0.00370928,0.00344561,0.00398448,0.00317464
109.876825397,0.00192761,0.00467144,0.00459179,0.0028395,0.00459152,0.00377159,0.0035786,0.00293039,0.00387788,0.00661897,0.0057716,0.00316682
109.923265306,0.00343497,0.00330303,0.0023765,0.00396208,0.00431795,0.00361248,0.00298481,0.0039227,0.00603293,0.00756032,0.00469136,0.00137936
109.969705215,0.00270927,0.00335823,0.00341597,0.00647958,0.00394482,0.00307094,0.00278743,0.00364499,0.0108608,0.0104179,0.0038595,0.00243239
110.016145125,0.00265181,0.00323607,0.00341971,0.00277938,0.00362534,0.00412263,0.00384551,0.00772245,0.00822166,0.00472917,0.0037738,0.00223478
110.062585034,0.00215992,0.00360483,0.00359293,0.00294768,0.0020112,0.00258063,0.00338208,0.0045885,0.00350388,0.00313651,0.0029705,0.00279696
110.109024943,0.00282407,0.00318462,0.00408775,0.00313808,0.00380959,0.00309498,0.00248775,0.0037146,0.00366119,0.0031786,0.00283094,0.00393589
110.155464853,0.00378031,0.00367032,0.00359849,0.00281836,0.00334742,0.00259354,0.0042769,0.00393772,0.003714,0.00332237,0.00339128,0.0036662
110.201904762,0.00449447,0.00525229,0.00484126,0.00371529,0.0036799,0.00393097,0.0037438,0.00151063,0.00206016,0.00343098,0.00339386,0.00317949
110.248344671,0.00193051,0.00181535,0.00209212,0.00232909,0.00218919,0.00275388,0.00360918,0.00397533,0.00296887,0.0041893,0.00630165,0.00385002
110.294784580,0.00251844,0.00296636,0.0029742,0.00285292,0.00247947,0.00410444,0.00391806,0.00350538,0.00296162,0.00466785,0.00454882,0.0034367
110.341224490,0.00414644,0.00426874,0.00313518,0.00422286,0.00720747,0.00577963,0.0031903,0.00201739,0.00321453,0.00722258,0.00581835,0.00346248
110.387664399,0.00234319,0.00334408,0.00234197,0.00418371,0.00476007,0.00336223,0.0032415,0.00205117,0.00865962,0.0109268,0.00496951,0.00254462
110.434104308,0.00408424,0.00335582,0.00203472,0.00401788,0.00500819,0.00297749,0.00304354,0.00434995,0.0108223,0.00960762,0.00314163,0.00288325
110.480544218,0.00334816,0.00330236,0.00217969,0.00278299,0.00324815,0.00331945,0.0027194,0.00564656,0.00599118,0.00431756,0.00310142,0.00250518
110.526984127,0.00219833,0.00288068,0.00244099,0.0039488,0.00309767,0.00258259,0.00253494,0.00397596,0.0044281,0.0037447,0.00379263,0.00255566
110.573424036,0.00112113,0.00210264,0.00157066,0.00116675,0.00341806,0.00355145,0.00237226,0.00454821,0.0051553,0.00284308,0.00213079,0.00111232
110.619863946,0.002129,0.00251627,0.00178482,0.00270175,0.00394842,0.00315772,0.00221057,0.00241769,0.00419908,0.00305409,0.00474622,0.00393546
110.666303855,0.00368565,0.00230481,0.00281653,0.00222092,0.00133939,0.00255307,0.00269781,0.00245243,0.00273503,0.00313251,0.00453718,0.00437356
110.712743764,0.00206856,0.00205264,0.00182425,0.00247272,0.00186676,0.00158998,0.00228025,0.00355438,0.00422121,0.00325356,0.00412598,0.00373183
110.759183673,0.00231766,0.00271751,0.0023845,0.00233695,0.00280442,0.00242728,0.00224917,0.00247643,0.00290763,0.0044646,0.00454126,0.00286505
110.805623583,0.00213908,0.00135069,0.00329227,0.00484016,0.00414014,0.00240975,0.00227554,0.00257194,0.00346891,0.00276916,0.00311754,0.00310733
110.852063492,0.00267554,0.00225223,0.00394167,0.00442287,0.00426058,0.00353347,0.00383668,0.00304482,0.00787832,0.00765887,0.00312839,0.00362309
110.898503401,0.00185068,0.00274618,0.00384235,0.00246469,0.00234715,0.00212948,0.00185504,0.0028287,0.00504533,0.00215581,0.00203863,0.00238756
110.944943311,0.00288075,0.00384971,0.0047028,0.0034116,0.00201482,0.00322056,0.00371801,0.00394708,0.00234393,0.00248241,0.00439666,0.00389994
110.991383220,0.00202786,0.00183408,0.00218164,0.00262973,0.00275448,0.00247569,0.00307412,0.00407659,0.0022255,0.00236868,0.00367714,0.00279136
111.037823129,0.00108887,0.00182183,0.00289804,0.00234129,0.0016716,0.00266952,0.00312249,0.00271249,0.00296347,0.00221908,0.00270012,0.00285042
111.084263039,0.00299834,0.00206698,0.00338523,0.00324356,0.00328961,0.00291375,0.00195199,0.00285103,0.00362967,0.00258566,0.00125187,0.00348926
111.130702948,0.00401131,0.00417258,0.00589981,0.00456218,0.00478098,0.00482374,0.0043425,0.0045424,0.00392887,0.00566903,0.00754531,0.00443384
111.177142857,0.00280812,0.00370899,0.0022111,0.0022735,0.00212735,0.00335219,0.00276691,0.00240995,0.00201926,0.00257437,0.00253718,0.00222776
111.223582766,0.00564085,0.00693412,0.00605986,0.00727356,0.00673573,0.00358342,0.00380492,0.00416516,0.00342706,0.00515173,0.00361869,0.00374124
111.270022676,0.00255461,0.00296651,0.00258015,0.00400219,0.00366829,0.002143,0.00207995,0.00245241,0.00466439,0.00495149,0.00321331,0.00218183
111.316462585,0.00221122,0.00155534,0.00265333,0.0048587,0.00456569,0.00209116,0.00213111,0.0027019,0.00851584,0.00712135,0.000997707,0.00237423
111.362902494,0.00235247,0.0020365,0.00152952,0.00248786,0.00361412,0.0033534,0.00189484,0.00506002,0.00631508,0.00380782,0.00288283,0.00257586
111.409342404,0.00208253,0.00275239,0.00290072,0.00265347,0.00226129,0.00194622,0.00359074,0.00312796,0.0041605,0.00323459,0.00269948,0.00231565
111.455782313,0.00251483,0.00256339,0.0027902,0.00233999,0.00273143,0.00437284,0.00496171,0.0047007,0.00549456,0.00315435,0.00218768,0.00147024
111.502222222,0.00214985,0.00313079,0.00384725,0.00344864,0.00280993,0.00340061,0.00262511,0.00340797,0.00330939,0.00379329,0.00454334,0.0026484
111.548662132,0.00292922,0.00367845,0.00259544,0.00274383,0.00216432,0.00320593,0.00455815,0.00453612,0.00253483,0.00239111,0.00330768,0.00574547
111.595102041,0.00469389,0.00477054,0.0026206,0.00200666,0.00237327,0.00374706,0.00336506,0.00261853,0.00350286,0.0040724,0.00408004,0.00403786
111.641541950,0.00410858,0.00391241,0.00332052,0.00333179,0.00313358,0.005865,0.00415676,0.00440452,0.00550714,0.00333284,0.00437018,0.00550804
111.687981859,0.0027629,0.00311939,0.00553198,0.0057533,0.00479328,0.00421598,0.00448292,0.0049552,0.0049209,0.00609617,0.00578516,0.00523884
111.734421769,0.00287879,0.00340514,0.00416039,0.00457916,0.00379933,0.00374903,0.00472019,0.00447959,0.00532645,0.00579438,0.00493256,0.00355853
111.780861678,0.00287357,0.00339425,0.00445019,0.00353451,0.00372879,0.0021025,0.0027398,0.00432254,0.00654326,0.00691776,0.00397834,0.00223497
111.827301587,0.00409105,0.00350035,0.00431969,0.00386458,0.00214265,0.00241886,0.00491783,0.00564368,0.00383878,0.00301961,0.00376313,0.00476521
111.873741497,0.00441729,0.00348134,0.00414893,0.00465044,0.0042761,0.00445834,0.0037397,0.00307812,0.00289177,0.00374944,0.00324891,0.00345444
111.920181406,0.00328509,0.00305444,0.00304194,0.0035893,0.0040952,0.00196404,0.00550375,0.00537384,0.00291573,0.00436252,0.00423574,0.00331481
111.966621315,0.00354486,0.00458455,0.00411844,0.00262421,0.0027158,0.00277691,0.00508768,0.00617388,0.00278964,0.00473808,0.00483493,0.00359971
112.013061224,0.00182992,0.00345085,0.00596747,0.00360734,0.00230929,0.00286447,0.0037153,0.00395503,0.00386199,0.00352995,0.00362406,0.00422987
112.059501134,0.00288954,0.00496665,0.00604628,0.00420224,0.00407311,0.00453689,0.00215015,0.00463821,0.00478264,0.00438329,0.00511525,0.00431036
112.105941043,0.0029268,0.0044829,0.00388027,0.00265667,0.00300585,0.00445829,0.00311196,0.00374781,0.00289526,0.00396396,0.00416224,0.00429504
112.152380952,0.00422009,0.00260352,0.00248396,0.00485186,0.00622711,0.00573074,0.00464551,0.00560164,0.0061458,0.00454532,0.0045558,0.00468052
112.198820862,0.00489636,0.00409432,0.00337211,0.00375707,0.00450096,0.00587949,0.00439142,0.00193352,0.00576732,0.00477485,0.00476415,0.00599672
112.245260771,0.00438152,0.00405016,0.00408592,0.0036582,0.00387307,0.00277692,0.00342718,0.00467693,0.00541346,0.00409496,0.00374765,0.00438694
112.291700680,0.0026194,0.00174936,0.00277276,0.0031808,0.00405453,0.00307437,0.00260351,0.00379786,0.00256615,0.00180547,0.00320085,0.00351696
112.338140590,0.00433342,0.00466412,0.00272235,0.00239665,0.00350968,0.00372545,0.00166044,0.00211327,0.00214069,0.00229267,0.00258088,0.0041771
112.384580499,0.00230964,0.0028278,0.0021105,0.00186888,0.00387044,0.00281402,0.00255426,0.00366972,0.00700234,0.00740647,0.004944,0.00472979
112.431020408,0.00277951,0.00310656,0.0036975,0.00408921,0.00484754,0.00260339,0.00242089,0.00404785,0.0048781,0.0045947,0.0040985,0.00384838
112.477460317,0.00262527,0.002149,0.00332709,0.00479764,0.00449525,0.00212299,0.00236592,0.00379095,0.00298644,0.00299103,0.00483015,0.00522278
112.523900227,0.00306756,0.00339379,0.00272748,0.00193557,0.00273308,0.00459786,0.00401935,0.00320398,0.00292049,0.00318455,0.00372372,0.00292453
112.570340136,0.00302185,0.00193453,0.00268486,0.00231801,0.00306661,0.00374196,0.00396948,0.00426704,0.00415025,0.00351016,0.0036367,0.00326623
112.616780045,0.0032382,0.00278849,0.00306977,0.00295821,0.00182668,0.00258211,0.00295301,0.00320933,0.00314785,0.00435348,0.00410075,0.0025154
112.663219955,0.00246351,0.00199634,0.00203078,0.00271236,0.00275915,0.00290061,0.00269701,0.00210159,0.00509722,0.00408429,0.00340016,0.00411907
112.709659864,0.00322495,0.00331414,0.0025728,0.00359793,0.0044388,0.00404626,0.00351944,0.00423885,0.0030995,0.00293629,0.00241749,0.00186057
112.756099773,0.00260947,0.00183825,0.00356436,0.00391423,0.00329687,0.00353058,0.00384414,0.00316262,0.00203369,0.00376579,0.00390729,0.00257566
112.802539683,0.00290845,0.00250458,0.00277199,0.00349684,0.00305989,0.0030472,0.00308542,0.00287485,0.00344955,0.00237267,0.00371676,0.00438157
112.848979592,0.00196752,0.00262231,0.00305602,0.00373299,0.00281452,0.00383035,0.00348176,0.00367802,0.00296233,0.00216852,0.00279222,0.00299331
112.895419501,0.00444134,0.00387516,0.00423613,0.00324746,0.00402074,0.00323787,0.00208831,0.00236817,0.00367972,0.00296531,0.00245047,0.00393396
112.941859410,0.00443608,0.00418833,0.00422516,0.0018508,0.00344894,0.00405906,0.00332078,0.00355324,0.00225695,0.00270523,0.00323474,0.00293875
112.988299320,0.00299756,0.00482543,0.00355839,0.00393506,0.00378672,0.00235787,0.00322702,0.00271775,0.0026818,0.00228093,0.00208965,0.00223654
113.034739229,0.00419974,0.00619948,0.00530801,0.00546348,0.00621554,0.00539904,0.00403349,0.00376422,0.00258737,0.00399315,0.00366561,0.00308464
113.081179138,0.00189903,0.002544,0.00328521,0.00206818,0.00176358,0.00192314,0.00290086,0.00352583,0.00481511,0.0028756,0.00220035,0.0013262
113.127619048,0.00334923,0.00215936,0.00254997,0.00270034,0.00321577,0.00230524,0.00277636,0.00226938,0.00485296,0.00398295,0.00284528,0.00389051
113.174058957,0.00234565,0.00208623,0.00113818,0.00262054,0.00330655,0.002918,0.00275775,0.00310435,0.00320449,0.00344722,0.0030194,0.00281451
113.220498866,0.00194157,0.00245796,0.00272291,0.00245364,0.00226337,0.00132262,0.0034926,0.00357418,0.0040378,0.00274703,0.00338914,0.00247205
113.266938776,0.00281111,0.0024021,0.00353136,0.00210539,0.00232117,0.00368779,0.00443051,0.00403676,0.00406635,0.00391298,0.00301851,0.00160098
113.313378685,0.00160765,0.00298182,0.00231861,0.00228079,0.00275726,0.00315976,0.00350836,0.00215867,0.00260859,0.00291757,0.00269407,0.00209165
113.359818594,0.00353806,0.00283669,0.00388643,0.00293444,0.00232772,0.00392824,0.00344419,0.00214712,0.00203575,0.00269424,0.00307217,0.00435444
113.406258503,0.00338784,0.00187597,0.00253316,0.00183686,0.00195629,0.0026576,0.00286287,0.00194299,0.00290446,0.00352455,0.00240723,0.00272566
113.452698413,0.00340492,0.00428054,0.00384008,0.00201484,0.00230135,0.00355032,0.00434832,0.00414385,0.00382632,0.00269145,0.00330354,0.00412381
113.499138322,0.00208113,0.00188043,0.00347135,0.00282226,0.00214437,0.00333122,0.00281456,0.00227989,0.00170826,0.00166175,0.00211455,0.00235327
113.545578231,0.0032359,0.00282491,0.00214432,0.0044557,0.00476621,0.00319552,0.00259841,0.00176713,0.00307001,0.0030694,0.00274562,0.00301257
113.592018141,0.00228743,0.00272706,0.00189464,0.00197918,0.00266644,0.00164918,0.00172247,0.00281234,0.00350324,0.00231327,0.00176171,0.00168191
113.638458050,0.00277552,0.00170772,0.00169359,0.00253952,0.00147566,0.00158097,0.00198148,0.00156151,0.00113829,0.00165084,0.00281237,0.00345049
113.684897959,0.00278047,0.00267468,0.00220096,0.00239377,0.0022559,0.00312714,0.00229036,0.0020238,0.00186004,0.00230036,0.00192358,0.00147407
113.731337868,0.00195932,0.00227833,0.00140983,0.00226419,0.00344965,0.00312799,0.00331453,0.00280094,0.00113575,0.00267426,0.00315499,0.00192602
113.777777778,0.00160582,0.00274462,0.00340758,0.0016098,0.00167222,0.00217025,0.00299427,0.00295908,0.00228857,0.00250895,0.00321368,0.00263451
113.824217687,0.000793448,0.00232388,0.00352095,0.00154543,0.00146375,0.00183264,0.00262682,0.00218692,0.00176198,0.00178571,0.0018226,0.00223502
113.870657596,0.00170646,0.00229438,0.00269645,0.00151608,0.0023635,0.00290651,0.00174983,0.00188672,0.00298148,0.00238733,0.00264281,0.00237616
113.917097506,0.00201008,0.00212439,0.00217841,0.00164925,0.00270071,0.00279277,0.00114266,0.00224087,0.00145805,0.00180343,0.00258317,0.00176444
113.963537415,0.0026995,0.00284631,0.00245187,0.0024618,0.00258526,0.00318985,0.00272227,0.00408889,0.00426101,0.00259142,0.00213323,0.00222117
114.009977324,0.00294974,0.00327703,0.0028328,0.00232274,0.00209767,0.00358048,0.00335747,0.00160182,0.00255734,0.0021204,0.00221192,0.00277771
114.056417234,0.000977253,0.00110278,0.00116017,0.00106588,0.000984979,0.0010264,0.00101452,0.00100081,0.000902429,0.000834223,0.000970344,0.000989893
114.102857143,8.81131e-05,8.14061e-05,6.94651e-05,6.08613e-05,6.73857e-05,7.26955e-05,7.27526e-05,6.7088e-05,6.25242e-05,5.85619e-05,4.75378e-05,3.95982e-05
114.149297052,9.28054e-06,7.7411e-06,5.63301e-06,4.65034e-06,3.0035e-06,1.57234e-06,6.18585e-07,1.03436e-06,1.33279e-06,1.20397e-06,6.5062e-07,5.13729e-07
114.195736961,9.47241e-08,1.36057e-07,1.39955e-07,1.47379e-07,9.75119e-08,9.78405e-08,1.23398e-07,9.56689e-08,8.39119e-08,1.32796e-07,8.36522e-08,1.16438e-07
114.242176871,6.19821e-11,3.58704e-11,4.1043e-11,3.83591e-11,3.11259e-11,3.49016e-11,2.96682e-11,2.24206e-11,4.23061e-11,1.90481e-11,2.61175e-11,2.71551e-11
114.288616780,0,0,0,0,0,0,0,0,0,0,0,0