TIME,C,C#,D,D#,E,F,F#,G,G#,A,A#,B
0.000000000,3.21009e-06,3.35248e-06,2.8685e-06,2.25082e-06,2.17134e-06,1.73492e-06,1.05208e-06,8.82146e-07,1.0066e-06,6.44713e-07,5.05713e-07,8.14812e-07
0.046439909,3.96256e-05,4.07763e-05,4.07195e-05,5.0857e-05,6.01407e-05,4.26321e-05,3.35682e-05,3.11469e-05,2.69007e-05,2.2518e-05,1.61783e-05,1.73624e-05
0.092879819,0.00109775,0.00187878,0.00214325,0.00161382,0.00126127,0.00266706,0.00383688,0.00267787,0.0013974,0.00121651,0.00107149,0.00113524
0.139319728,0.00100196,0.00234473,0.00118818,0.00100668,0.00192345,0.00519031,0.00982693,0.00564057,0.00136314,0.00083587,0.000993377,0.000787124
0.185759637,0.00191522,0.00394207,0.00209758,0.00115592,0.00203511,0.00598647,0.013015,0.00695508,0.000974955,0.00127904,0.00168797,0.00157011
0.232199546,0.00216848,0.00481276,0.00258166,0.00153314,0.00205704,0.00675878,0.0162913,0.00845749,0.00113105,0.00134226,0.00261988,0.00113956
0.278639456,0.00221448,0.00409957,0.00202477,0.00250104,0.0037493,0.0112597,0.0235892,0.0128636,0.00224905,0.0027488,0.00485481,0.00268372
0.325079365,0.00153245,0.00310024,0.00205263,0.00165804,0.00217384,0.0115251,0.0279219,0.0155889,0.00292623,0.00297671,0.00431188,0.00262956
0.371519274,0.00117389,0.00267002,0.0015947,0.00203342,0.00328886,0.0143385,0.0317449,0.016532,0.0024625,0.00294559,0.00538528,0.00411968
0.417959184,0.00196022,0.00305611,0.00142162,0.00207682,0.00300461,0.0154702,0.0323909,0.0163948,0.00226564,0.00348969,0.00433057,0.00232379
0.464399093,0.00276725,0.00532315,0.00262941,0.00134721,0.00233627,0.0154981,0.0338589,0.0164739,0.00208071,0.00228066,0.0034692,0.00343747
0.510839002,0.00372908,0.0069169,0.00557068,0.00480064,0.00606185,0.019585,0.0323593,0.0153189,0.00392321,0.00369219,0.0033222,0.00289413
0.557278912,0.00947755,0.018655,0.0165765,0.0211543,0.0181945,0.0132724,0.0175498,0.015241,0.0191412,0.0202366,0.00987311,0.00897369
0.603718821,0.0130835,0.0295387,0.0331573,0.0137347,0.0110965,0.00736692,0.0144397,0.00915817,0.0145245,0.0192062,0.00991179,0.0151078
0.650158730,0.015765,0.0237023,0.0268528,0.0167881,0.00472779,0.00965748,0.0154101,0.0107381,0.0109166,0.0189457,0.0144798,0.0126219
0.696598639,0.0146404,0.0345583,0.0429536,0.0175889,0.00671252,0.0100707,0.0167537,0.00697154,0.00857746,0.0162283,0.0120688,0.0117992
0.743038549,0.0187053,0.0362873,0.0329288,0.0140867,0.00560257,0.00853429,0.0131537,0.00879944,0.0133001,0.0179033,0.0112694,0.0100643
0.789478458,0.0181458,0.0430095,0.0440243,0.0186722,0.00530786,0.00715305,0.00972991,0.00713396,0.0121427,0.0137964,0.0108732,0.00946384
0.835918367,0.0158433,0.0356647,0.0331509,0.01952,0.00486624,0.00615042,0.00941844,0.00841357,0.0127124,0.014458,0.0146282,0.0188465
0.882358277,0.0192605,0.0346143,0.0525115,0.0253178,0.00454603,0.00597964,0.00701527,0.00381931,0.00988943,0.020853,0.0144302,0.0130959
0.928798186,0.00689996,0.0249524,0.0558854,0.0279511,0.00459338,0.0056212,0.0107007,0.014087,0.0163905,0.0215144,0.0112938,0.00799391
0.975238095,0.0149723,0.0325877,0.0629338,0.0369347,0.0167098,0.0146698,0.018642,0.0208955,0.0196094,0.0149111,0.0102105,0.0137519
1.021678005,0.0251441,0.027466,0.0419569,0.0449684,0.022262,0.0153889,0.016714,0.0211652,0.0294939,0.0256581,0.0227284,0.0244196
1.068117914,0.0176302,0.0510563,0.0628112,0.0275072,0.0108013,0.0206158,0.012962,0.0170046,0.0340537,0.032416,0.0178684,0.0134951
1.114557823,0.0217493,0.0475461,0.0508598,0.0196898,0.00854856,0.0144337,0.0138212,0.015701,0.0390198,0.0390138,0.0191004,0.0213253
1.160997732,0.0183716,0.0382267,0.0518726,0.0263651,0.00751343,0.0158642,0.0126119,0.0110479,0.0278297,0.0287261,0.0209119,0.0226643
1.207437642,0.0188977,0.0622467,0.0664007,0.0245954,0.00677593,0.0121081,0.0127529,0.0122656,0.029157,0.0218625,0.0122489,0.0158829
1.253877551,0.0283208,0.044609,0.0521152,0.0333076,0.00710583,0.0100202,0.0140132,0.0160591,0.0171625,0.0100855,0.0125484,0.018744
1.300317460,0.0267932,0.0588578,0.0373707,0.0108169,0.00287217,0.0045522,0.00928568,0.0144409,0.0131578,0.00573209,0.0097516,0.0192594
1.346757370,0.0310093,0.0616851,0.0278326,0.00475352,0.00558998,0.00787801,0.00890762,0.0130118,0.0155993,0.0105859,0.0108413,0.0152531
1.393197279,0.0330094,0.0725199,0.0378834,0.010318,0.0119444,0.0134971,0.009821,0.0116034,0.0129572,0.00983279,0.0136898,0.0141851
1.439637188,0.0322191,0.0565686,0.0590458,0.0268144,0.0328207,0.0363003,0.0608835,0.0865487,0.0603178,0.0515309,0.0542383,0.0256572
1.486077098,0.0176578,0.0262201,0.0321326,0.0383494,0.0608146,0.0595035,0.0375552,0.0138885,0.0459051,0.0828414,0.0959485,0.0515838
1.532517007,0.0133131,0.024942,0.0298432,0.0226975,0.0680896,0.0834344,0.0327422,0.0188976,0.0301891,0.0963789,0.118316,0.0504872
1.578956916,0.0117279,0.0114132,0.0201524,0.0221836,0.0665547,0.0753802,0.0344317,0.0159522,0.0348367,0.0927935,0.108607,0.0429778
1.625396825,0.00836546,0.0168826,0.0225193,0.0330508,0.0648658,0.0697132,0.0355733,0.0110051,0.0347273,0.0671994,0.0730008,0.0396046
1.671836735,0.0212832,0.0415724,0.0278454,0.016466,0.0288458,0.0746892,0.0745273,0.0458386,0.0248583,0.0405538,0.0805981,0.0420281
1.718276644,0.0168608,0.0333427,0.0306945,0.0150091,0.0306009,0.0505215,0.0358822,0.00904083,0.0109099,0.0334544,0.075236,0.038735
1.764716553,0.0107243,0.0122757,0.0147597,0.00778705,0.0301197,0.0557868,0.0307944,0.014211,0.0153521,0.0396762,0.0757935,0.0343888
1.811156463,0.0203805,0.0256947,0.0305912,0.0209961,0.0393796,0.0581056,0.0349693,0.0210468,0.0263492,0.0385767,0.0808448,0.0340801
1.857596372,0.10973,0.115059,0.102336,0.103067,0.113331,0.142603,0.124427,0.100929,0.101461,0.130077,0.140239,0.0921462
1.904036281,0.0874882,0.133372,0.127999,0.0861598,0.103834,0.0986146,0.0851767,0.0929612,0.091116,0.0675709,0.0742047,0.0804985
1.950476190,0.066094,0.0650203,0.0676003,0.0505493,0.0416788,0.0807483,0.102028,0.0851615,0.0489662,0.0327515,0.0414178,0.0368397
1.996916100,0.033548,0.0423044,0.0596446,0.032627,0.0139288,0.0250975,0.124676,0.141945,0.046014,0.0268674,0.0305072,0.0505667
2.043356009,0.027107,0.0405536,0.0626217,0.0280626,0.0138895,0.0612321,0.136126,0.117072,0.053734,0.0237521,0.028599,0.0504173
2.089795918,0.0328169,0.0436765,0.0511068,0.0320853,0.0133923,0.0624237,0.0972281,0.0806921,0.0399968,0.0190736,0.0307046,0.0459469
2.136235828,0.0374382,0.0201807,0.0220355,0.0367747,0.096089,0.0680265,0.0218592,0.0391479,0.0176575,0.00771489,0.0157583,0.0513303
2.182675737,0.0210143,0.00819786,0.0190824,0.0647113,0.0925069,0.0372524,0.02333,0.0215925,0.015972,0.0141469,0.0357294,0.0521632
2.229115646,0.0448882,0.0348683,0.0606214,0.0731262,0.0563025,0.0416629,0.0519966,0.0845065,0.051544,0.0397206,0.0670936,0.0772726
2.275555556,0.0660488,0.0613422,0.0770029,0.0602033,0.0419864,0.0393049,0.0665095,0.0957003,0.0669626,0.04185,0.0479186,0.0674438
2.321995465,0.14049,0.150019,0.169049,0.157478,0.157534,0.124579,0.105571,0.114916,0.124661,0.0861891,0.11331,0.136812
2.368435374,0.0865765,0.108027,0.0943936,0.0751086,0.0724113,0.058574,0.0586165,0.038077,0.0469177,0.0383323,0.0381524,0.0605881
2.414875283,0.0460995,0.046651,0.0528627,0.0277708,0.0164464,0.0163772,0.0543546,0.0825171,0.0469415,0.0204281,0.0290939,0.0536803
2.461315193,0.0215267,0.0181307,0.0190243,0.0120638,0.00880477,0.00736849,0.0344372,0.0642727,0.0318205,0.0100288,0.0193146,0.0327398
2.507755102,0.0313614,0.0527232,0.0531595,0.0501051,0.0258557,0.0165549,0.0379658,0.0895437,0.101137,0.0575689,0.0249613,0.0399181
2.554195011,0.022732,0.0396098,0.103817,0.0659154,0.028586,0.0323909,0.0879507,0.111931,0.0586081,0.0707782,0.0593297,0.046237
2.600634921,0.0350702,0.0212738,0.0502463,0.0272827,0.0144119,0.00957697,0.0475926,0.0990165,0.0505329,0.016002,0.0256761,0.0516441
2.647074830,0.0213853,0.0196841,0.0435927,0.0246348,0.00816804,0.00551269,0.0393191,0.0866045,0.0475985,0.0161161,0.0216117,0.0406309
2.693514739,0.0299196,0.0306527,0.0582215,0.03295,0.0103935,0.0124235,0.0419044,0.0847097,0.0461331,0.0225541,0.0312445,0.0478301
2.739954649,0.104854,0.104183,0.128575,0.112829,0.0876598,0.0823653,0.101226,0.104169,0.0668101,0.0703576,0.0865302,0.093605
2.786394558,0.0979172,0.14511,0.119293,0.0968219,0.129763,0.104048,0.0986095,0.0975098,0.0989779,0.0867882,0.0789031,0.0992709
2.832834467,0.0807353,0.0837277,0.0738631,0.0545251,0.031871,0.0398522,0.04669,0.0372481,0.0195216,0.0299726,0.0359169,0.0383789
2.879274376,0.0432299,0.0301171,0.0213002,0.0314495,0.0603307,0.0511636,0.0503489,0.0400912,0.0423654,0.0247748,0.0359217,0.0916715
2.925714286,0.037388,0.0184499,0.0104858,0.0311053,0.0705521,0.0503344,0.0551991,0.0636234,0.0608309,0.0284101,0.030403,0.0723552
2.972154195,0.0439136,0.0283525,0.0238657,0.0489197,0.084132,0.0568919,0.0605074,0.0556124,0.0421578,0.0357282,0.0672854,0.0906352
3.018594104,0.0322902,0.037536,0.0283057,0.0731039,0.122166,0.0663984,0.0786253,0.0483783,0.0196613,0.0295705,0.0722122,0.060584
3.065034014,0.0219752,0.0452984,0.0263609,0.0328143,0.112012,0.0985446,0.0890007,0.0483277,0.0176906,0.0311493,0.0562737,0.0426601
3.111473923,0.0317269,0.0454332,0.0261171,0.050524,0.090701,0.0651129,0.0820383,0.0483127,0.0153546,0.022628,0.0684046,0.0647828
3.157913832,0.071668,0.0681729,0.0470585,0.0570119,0.104744,0.0903011,0.0987628,0.0606103,0.0315464,0.0370682,0.0752756,0.0923492
3.204353741,0.160672,0.163756,0.191199,0.180891,0.155582,0.131547,0.12847,0.144844,0.135959,0.118641,0.145888,0.139244
3.250793651,0.0848053,0.113459,0.0976991,0.080765,0.0790547,0.0721146,0.0672559,0.0539157,0.0523736,0.0524597,0.0420679,0.0591929
3.297233560,0.0445527,0.0612473,0.0455739,0.0265664,0.0153702,0.0466797,0.0652278,0.0485835,0.0276207,0.0299385,0.0461495,0.0341572
3.343673469,0.0209204,0.0446553,0.0257486,0.0116669,0.0157275,0.043375,0.0859349,0.0459466,0.0142748,0.0262322,0.0496864,0.0299899
3.390113379,0.0218526,0.0251647,0.0416459,0.0377054,0.0274911,0.0440465,0.0940228,0.0516973,0.0271829,0.0747641,0.08252,0.0281493
3.436553288,0.0233952,0.0401785,0.0920029,0.0588101,0.0124495,0.0363669,0.0696956,0.0337033,0.0149315,0.032426,0.0459041,0.0246321
3.482993197,0.00712414,0.0152382,0.0232313,0.00641657,0.0112739,0.0235795,0.0347341,0.0204165,0.0133321,0.0122424,0.0103373,0.00779304
3.529433107,0.00483901,0.00734958,0.0051517,0.00305099,0.00365636,0.00915492,0.0183378,0.00997645,0.0040182,0.0050128,0.00739846,0.00356881
3.575873016,0.00802495,0.00974573,0.00939972,0.00727952,0.00619538,0.00868349,0.00585873,0.00939777,0.00557175,0.00358821,0.00573924,0.0049734
3.622312925,0.0874994,0.0948342,0.089126,0.0738267,0.0699411,0.0730492,0.0689545,0.0656625,0.0604151,0.0527009,0.0518855,0.0393188
3.668752834,0.122215,0.129567,0.143986,0.102905,0.137348,0.113571,0.102621,0.12006,0.104463,0.0860461,0.103429,0.108732
3.715192744,0.0914074,0.0822629,0.0979826,0.0564096,0.0624335,0.0609686,0.0490408,0.0377662,0.0369034,0.040147,0.0360428,0.0534049
3.761632653,0.0344581,0.0351187,0.0523548,0.0409165,0.0845492,0.0714644,0.0559881,0.028076,0.0261556,0.0218775,0.0396057,0.0811816
3.808072562,0.0375417,0.0202661,0.0371255,0.03456,0.0823188,0.0544089,0.0644726,0.0322559,0.0147543,0.018182,0.045853,0.119919
3.854512472,0.0341616,0.0303167,0.0590069,0.0482707,0.0747954,0.0598133,0.0639606,0.0329574,0.0193989,0.0159491,0.0357344,0.0832967
3.900952381,0.0242294,0.0191838,0.0395855,0.0454758,0.0535636,0.0219771,0.026471,0.0216113,0.0090343,0.00869664,0.0172267,0.0385998
3.947392290,0.0102779,0.0126071,0.0187905,0.0106299,0.00873662,0.0055408,0.0163373,0.0139705,0.00771187,0.0047453,0.00807288,0.0108696
3.993832200,0.0280032,0.00820944,0.0261625,0.0156179,0.0191854,0.0388515,0.0702995,0.0396374,0.0134729,0.0186452,0.0285751,0.042889
4.040272109,0.0405699,0.0359188,0.0528475,0.0464037,0.0260256,0.049009,0.101708,0.0568589,0.0195014,0.0269227,0.0325687,0.0558117
4.086712018,0.149237,0.155208,0.181089,0.172349,0.147765,0.124203,0.143593,0.131525,0.121511,0.11958,0.129009,0.140349
4.133151927,0.085743,0.12094,0.129497,0.0918805,0.0953136,0.0907318,0.0904981,0.0860386,0.0758861,0.0524953,0.0485709,0.0671494
4.179591837,0.076675,0.0810516,0.0720687,0.0478633,0.0396506,0.0748516,0.0951536,0.0397345,0.0243151,0.0503341,0.0529748,0.0402069
4.226031746,0.0325666,0.065879,0.0544977,0.0179765,0.0149055,0.0565039,0.121816,0.060894,0.0129056,0.0171372,0.0354431,0.0360468
4.272471655,0.0313926,0.0513086,0.035626,0.0206685,0.0137031,0.0484666,0.100699,0.0432218,0.0124527,0.0177618,0.0291999,0.0231512
4.318911565,0.0643934,0.0747581,0.0426948,0.0208925,0.0300468,0.0799195,0.104924,0.0481946,0.016139,0.0255105,0.0318781,0.0558233
4.365351474,0.059842,0.0182377,0.0368794,0.0385108,0.073476,0.0656323,0.0895082,0.0571977,0.0247284,0.017644,0.0556519,0.127996
4.411791383,0.0490807,0.0145678,0.0401749,0.0406207,0.0689047,0.0579474,0.0813588,0.0539696,0.03152,0.0200056,0.0577586,0.11632
4.458231293,0.029245,0.0381243,0.0474746,0.0218947,0.0119517,0.0460224,0.0834085,0.0475157,0.0226496,0.0264463,0.0286203,0.0504027
4.504671202,0.0759727,0.0744359,0.100032,0.071151,0.0498449,0.0548222,0.109986,0.0770046,0.0475624,0.0517973,0.0595164,0.0714682
4.551111111,0.125976,0.14319,0.142582,0.125894,0.14641,0.116375,0.0988406,0.136577,0.112914,0.0813896,0.109658,0.112655
4.597551020,0.0869046,0.0964293,0.0825161,0.0517318,0.0565962,0.0552207,0.0416274,0.0235023,0.0351969,0.0340447,0.0247906,0.0388604
4.643990930,0.0265751,0.0297948,0.02217,0.0293627,0.0416997,0.0274877,0.0166438,0.0149945,0.0213396,0.023538,0.0216281,0.0297752
4.690430839,0.0119348,0.0153782,0.00968799,0.0162136,0.0394959,0.0246273,0.0176999,0.0160653,0.0197421,0.024382,0.0195815,0.0157902
4.736870748,0.0126386,0.0130525,0.0137929,0.0384019,0.0805234,0.0539532,0.0284276,0.0205179,0.0175753,0.0248631,0.0241232,0.0222214
4.783310658,0.0187601,0.0243471,0.0278579,0.0334223,0.080069,0.0512505,0.0720257,0.0459488,0.0290334,0.0511694,0.0373304,0.049366
4.829750567,0.0112141,0.0125639,0.0213459,0.0324589,0.0331357,0.0344931,0.0821957,0.0427156,0.0285799,0.0611948,0.030248,0.0140307
4.876190476,0.00825128,0.0197824,0.0353616,0.0223334,0.0166285,0.0403251,0.0832566,0.0442862,0.0263452,0.058034,0.0340649,0.00830828
4.922630385,0.0182188,0.0353566,0.0600027,0.0354096,0.0164647,0.0434619,0.0895921,0.0513174,0.029254,0.0634683,0.036116,0.0114351
4.969070295,0.147622,0.125864,0.123752,0.165141,0.170389,0.129488,0.127364,0.124879,0.100978,0.0976044,0.0995619,0.111038
5.015510204,0.0888479,0.12219,0.109307,0.091958,0.118629,0.101171,0.0970811,0.0963377,0.0942269,0.0877053,0.0561229,0.0834028
5.061950113,0.0669995,0.0706485,0.0617053,0.0496618,0.0399952,0.0528491,0.0858868,0.0792798,0.0674947,0.0695368,0.0515663,0.0461635
5.108390023,0.0198006,0.0221079,0.04159,0.0391664,0.0484618,0.0547447,0.0700187,0.0406027,0.0306044,0.0683815,0.0366287,0.0391318
5.154829932,0.0189201,0.0248922,0.0452854,0.0232753,0.0335156,0.0448599,0.0675803,0.0389318,0.0380447,0.0703506,0.0349082,0.0217263
5.201269841,0.0145389,0.0176231,0.0445213,0.0370549,0.048525,0.0502679,0.0558477,0.0323534,0.0239781,0.0549119,0.0274324,0.0274398
5.247709751,0.0087067,0.0112414,0.0271876,0.0165174,0.0162363,0.0209726,0.0454588,0.0697517,0.0483362,0.0409302,0.0594283,0.101494
5.294149660,0.00273771,0.00671289,0.0123174,0.0188823,0.0203217,0.0081102,0.0168876,0.0207059,0.0973136,0.128454,0.041584,0.00873998
5.340589569,0.00499436,0.00581204,0.00593211,0.0121768,0.0284875,0.0176646,0.00797799,0.0075726,0.0437338,0.126501,0.0785115,0.0149398
5.387029478,0.0437996,0.0415016,0.040579,0.0486547,0.0560011,0.042427,0.0340154,0.0313618,0.0861721,0.139734,0.0747277,0.0237236
5.433469388,0.139104,0.142016,0.165327,0.155136,0.153926,0.125611,0.116548,0.135289,0.127757,0.100415,0.120627,0.129921
5.479909297,0.0724474,0.0954486,0.0811345,0.0692643,0.0622184,0.0733123,0.0658815,0.066425,0.0566586,0.0401592,0.0296946,0.0441102
5.526349206,0.0634265,0.0831031,0.0818293,0.0344653,0.0135466,0.0327007,0.0893265,0.0929599,0.0395562,0.0218943,0.0482545,0.0609163
5.572789116,0.0393551,0.0721279,0.0781027,0.0328234,0.00988076,0.0365004,0.105923,0.111071,0.0385208,0.0242117,0.0357356,0.0560172
5.619229025,0.0401834,0.0750636,0.0828785,0.0342822,0.0161437,0.0265076,0.0915326,0.0986439,0.0491437,0.0180141,0.0336103,0.0469686
5.665668934,0.029182,0.0612094,0.0610901,0.0198987,0.00655919,0.0367545,0.0939257,0.0700581,0.0275722,0.0147882,0.0258757,0.035241
5.712108844,0.0492199,0.0570017,0.0274314,0.0129772,0.0155847,0.0803485,0.0861008,0.0367385,0.0135447,0.00681011,0.00889621,0.0213457
5.758548753,0.0344429,0.026312,0.0361422,0.103151,0.116483,0.042675,0.0482155,0.0505922,0.0308767,0.0206972,0.0317366,0.0561076
5.804988662,0.0459054,0.0252737,0.0467622,0.0522058,0.0698696,0.0510401,0.0475036,0.0864394,0.0522058,0.0307427,0.0356808,0.0686209
5.851428571,0.109749,0.105211,0.109774,0.126087,0.130114,0.0929426,0.0972266,0.093335,0.100448,0.075747,0.0762761,0.1095
5.897868481,0.0936003,0.138342,0.122396,0.0806722,0.112479,0.098798,0.0987209,0.0881529,0.0988939,0.069439,0.0731521,0.0970898
5.944308390,0.0769864,0.0774055,0.0678705,0.0403167,0.0305997,0.0373033,0.0529939,0.0432755,0.0408191,0.0275763,0.0284197,0.0496642
5.990748299,0.0236867,0.0229909,0.0332949,0.0187239,0.00866568,0.00992785,0.0412629,0.0777651,0.0360219,0.011804,0.025344,0.0423418
6.037188209,0.0143714,0.0164302,0.0145414,0.00782878,0.0143732,0.0125592,0.0325288,0.0617498,0.030146,0.0137537,0.0133395,0.0264168
6.083628118,0.0278394,0.0307717,0.0147728,0.0233405,0.0323396,0.0230983,0.0586941,0.0805034,0.0431208,0.0207612,0.0403036,0.0364372
6.130068027,0.0254227,0.0525458,0.12116,0.0714062,0.0120319,0.017145,0.0488733,0.0941963,0.062921,0.0358848,0.034548,0.0645189
6.176507937,0.0208671,0.0675017,0.112159,0.0496709,0.0122391,0.0119596,0.051469,0.0937276,0.0516882,0.0246869,0.0294753,0.0634195
6.222947846,0.0157341,0.0349496,0.0477379,0.0365528,0.0211878,0.0092406,0.0461798,0.0914704,0.0651504,0.0439641,0.0375381,0.0446491
6.269387755,0.0509982,0.0576912,0.0830653,0.0584252,0.0330394,0.0283693,0.052753,0.0971279,0.0534075,0.0425853,0.0338946,0.0570981
6.315827664,0.146724,0.161309,0.176232,0.193582,0.19408,0.13677,0.129407,0.143219,0.120551,0.115434,0.151055,0.140724
6.362267574,0.0925225,0.122748,0.110168,0.0804558,0.0896131,0.0839514,0.071905,0.05461,0.0597423,0.0623705,0.0495411,0.0799453
6.408707483,0.039179,0.0449595,0.0524075,0.0907451,0.0502754,0.0322779,0.0424238,0.0341688,0.0188826,0.0226947,0.042156,0.0358129
6.455147392,0.0142528,0.0247919,0.0120816,0.0280665,0.0884643,0.0707098,0.050168,0.0262226,0.0109463,0.011827,0.0214141,0.0254093
6.501587302,0.00773206,0.0144782,0.0122313,0.0437931,0.0843072,0.0520085,0.0569866,0.0376875,0.0182833,0.0135765,0.0448836,0.0593833
6.548027211,0.0152782,0.0336337,0.0311589,0.0585888,0.0566604,0.0813491,0.100411,0.0643387,0.0248729,0.0367594,0.0643719,0.038045
6.594467120,0.0135946,0.0394424,0.0377427,0.0143915,0.0101728,0.0612184,0.120735,0.0572686,0.0342185,0.102042,0.0926676,0.0441511
6.640907029,0.0185247,0.0437758,0.0397867,0.0179868,0.00740067,0.0557488,0.106253,0.051128,0.027673,0.0565637,0.0719843,0.0306301
6.687346939,0.0229959,0.0456828,0.0278298,0.00951563,0.00795185,0.0378984,0.0766415,0.0476468,0.013465,0.0251481,0.0533811,0.028854
6.733786848,0.0827308,0.112508,0.0855109,0.0654838,0.059269,0.0607995,0.116453,0.0962935,0.0649673,0.071958,0.0896067,0.0582276
6.780226757,0.107592,0.154894,0.14278,0.0960551,0.136896,0.136486,0.0945953,0.111978,0.118808,0.0958912,0.0942644,0.11097
6.826666667,0.080554,0.0935891,0.0869274,0.0706888,0.07236,0.0678364,0.0551516,0.0421851,0.0292404,0.0382054,0.049044,0.0532255
6.873106576,0.0473714,0.0447814,0.0410816,0.048087,0.0700388,0.0590688,0.082583,0.0468191,0.0207588,0.0305238,0.0669438,0.0705647
6.919546485,0.0161675,0.0398158,0.0290273,0.0100333,0.0149995,0.042747,0.0849798,0.0460276,0.0118856,0.0301285,0.0611424,0.035509
6.965986395,0.0242335,0.0428451,0.0224496,0.00821167,0.00888449,0.0419249,0.0869802,0.0496539,0.0164953,0.0274579,0.0477786,0.0235067
7.012426304,0.0183611,0.0369774,0.0340091,0.0318751,0.0218223,0.0257055,0.0519479,0.0282518,0.0139474,0.0205084,0.0292994,0.0213191
7.058866213,0.00510081,0.0262353,0.0619318,0.0281658,0.00855093,0.0143683,0.0271293,0.0140596,0.00604142,0.0135044,0.0123878,0.0194134
7.105306122,0.00327125,0.0330163,0.0658356,0.0293711,0.00770999,0.00892705,0.0140796,0.00788908,0.00477777,0.00958594,0.00690711,0.010373
7.151746032,0.0238477,0.0488101,0.0786213,0.0443126,0.018143,0.0179577,0.0128127,0.0156472,0.0140945,0.0167146,0.0127886,0.0111405
7.198185941,0.152964,0.16736,0.159474,0.139373,0.155767,0.128658,0.122397,0.135372,0.13717,0.130422,0.13457,0.129341
7.244625850,0.0718663,0.113002,0.116073,0.0859397,0.0884833,0.0906675,0.0733922,0.0805656,0.0719313,0.0500958,0.0525347,0.0616474
7.291065760,0.0575106,0.0609655,0.0652369,0.0719943,0.0553819,0.0331062,0.0551366,0.0396514,0.028644,0.0314229,0.0545357,0.0664139
7.337505669,0.0451384,0.0255282,0.0499108,0.0544605,0.0821984,0.0481419,0.0602418,0.0318909,0.0158552,0.0194792,0.0462458,0.110128
7.383945578,0.0371725,0.0282246,0.0465913,0.0505,0.100063,0.045829,0.0686752,0.0349786,0.0168821,0.0221216,0.0428069,0.0919112
7.430385488,0.0382371,0.0203197,0.045346,0.0429783,0.0764829,0.045522,0.0389929,0.0246949,0.0200628,0.0216203,0.0304238,0.0755818
7.476825397,0.0141933,0.0169221,0.0324664,0.0485261,0.0536341,0.0352652,0.0291442,0.0129706,0.00623245,0.00506992,0.019506,0.0347873
7.523265306,0.0158386,0.0139935,0.016137,0.0186753,0.0216259,0.0228703,0.0198419,0.0210564,0.0131093,0.0166267,0.0163279,0.0240853
7.569705215,0.0280544,0.0244883,0.0384462,0.0342805,0.0140912,0.0341999,0.0853746,0.0502598,0.0148112,0.0145037,0.0228144,0.0517999
7.616145125,0.0754615,0.0710109,0.0901557,0.0751454,0.0603365,0.0792736,0.122717,0.0740375,0.0467477,0.0479774,0.0534815,0.0783056
7.662585034,0.145028,0.148137,0.150338,0.120076,0.154894,0.119866,0.112769,0.137207,0.123347,0.0861197,0.109266,0.125021
7.709024943,0.0875163,0.0906163,0.0937225,0.081489,0.061153,0.0564149,0.0678798,0.0448693,0.0482461,0.0446086,0.0377538,0.0579967
7.755464853,0.0309639,0.0408492,0.0572256,0.0349544,0.0150261,0.0442923,0.0819511,0.0429449,0.0280053,0.0857771,0.0738037,0.0470226
7.801904762,0.0118924,0.02505,0.0358853,0.0181612,0.0113271,0.0415259,0.0723376,0.034188,0.0410467,0.0821908,0.0425402,0.0331578
7.848344671,0.0395182,0.0524283,0.0398071,0.0236223,0.047747,0.0549594,0.0437764,0.0691325,0.0752823,0.0352458,0.027159,0.0270607
7.894784580,0.0423044,0.0207674,0.0525707,0.0667259,0.0251095,0.0487755,0.126505,0.071587,0.0179159,0.0191548,0.0382795,0.0907155
7.941224490,0.0453981,0.0189612,0.0546221,0.0561347,0.0213431,0.0573018,0.126785,0.060032,0.0145631,0.0132099,0.0479194,0.0927409
7.987664399,0.0236749,0.0200102,0.0419,0.0345887,0.032054,0.0499279,0.0813949,0.0372354,0.0271843,0.0388168,0.039423,0.0442129
8.034104308,0.0334731,0.0315256,0.0561373,0.0359154,0.0157607,0.0429664,0.0893716,0.0522309,0.0138745,0.018208,0.0304352,0.0464213
8.080544218,0.116428,0.103709,0.127338,0.135828,0.11204,0.0923897,0.122956,0.119722,0.0993489,0.0992276,0.112128,0.109245
8.126984127,0.0767147,0.128379,0.111289,0.0877409,0.101559,0.0845809,0.0773228,0.072199,0.0722519,0.0619758,0.0533317,0.0765285
8.173424036,0.0637817,0.0634503,0.0378412,0.0250611,0.0242408,0.030562,0.0320869,0.0200767,0.0263242,0.0266724,0.0281925,0.0356303
8.219863946,0.0171346,0.0255097,0.0310827,0.0173629,0.0132124,0.0159907,0.0230708,0.0178874,0.0236275,0.0257075,0.0167481,0.0142203
8.266303855,0.0139738,0.0248657,0.0371472,0.0195662,0.00905737,0.0177287,0.0250511,0.0130613,0.0182458,0.026219,0.0198058,0.0128504
8.312743764,0.031409,0.0346255,0.0389683,0.0394754,0.0424069,0.049455,0.0499208,0.0432397,0.0512627,0.0361701,0.0176978,0.0212425
8.359183673,0.0635117,0.0386982,0.0499367,0.0224794,0.0153814,0.0564706,0.139808,0.0858197,0.0172151,0.0618933,0.0320067,0.0863521
8.405623583,0.02266,0.0208568,0.0441918,0.0255229,0.0168675,0.0827901,0.147293,0.0645177,0.0260438,0.055144,0.0575083,0.0811804
8.452063492,0.0103041,0.026913,0.0467663,0.0255938,0.0117759,0.036664,0.0936003,0.0582319,0.0608232,0.0780129,0.0276631,0.00982383
8.498503401,0.0456035,0.0600846,0.0801878,0.0586728,0.0409313,0.0690967,0.138118,0.082262,0.0534031,0.0859956,0.0521221,0.029868
8.544943311,0.134601,0.140919,0.147,0.148367,0.157307,0.139388,0.121223,0.155693,0.127165,0.125841,0.125572,0.123345
8.591383220,0.089968,0.0942343,0.0847851,0.0741788,0.0749051,0.0789401,0.0697061,0.0632023,0.0569515,0.0577352,0.0351508,0.0609425
8.637823129,0.0645557,0.0468035,0.057009,0.0538736,0.0257463,0.0508013,0.108245,0.0666975,0.0168471,0.0497038,0.058259,0.0984926
8.684263039,0.0391785,0.0324889,0.0795203,0.0460401,0.0330103,0.0835388,0.0994191,0.0509904,0.0218876,0.0448623,0.027771,0.0432497
8.730702948,0.0710415,0.0735571,0.117018,0.0931903,0.06951,0.0579605,0.0860761,0.0732842,0.0827995,0.0786417,0.0550303,0.0498497
8.777142857,0.115064,0.135454,0.135435,0.112639,0.135356,0.110681,0.0914223,0.118294,0.104215,0.0801122,0.0921417,0.101538
8.823582766,0.0812372,0.0837889,0.0806402,0.0551174,0.0432442,0.0416758,0.0314581,0.0298295,0.0312114,0.0537322,0.0362993,0.0430784
8.870022676,0.016996,0.0152611,0.0203,0.016551,0.00917384,0.00987398,0.0126657,0.0177961,0.0221321,0.0688838,0.0673436,0.0340659
8.916462585,0.0135189,0.010768,0.0129341,0.0103075,0.0124213,0.0173651,0.0235523,0.0230719,0.0176297,0.0110098,0.00675514,0.00591772
8.962902494,0.101125,0.0969842,0.090615,0.0850966,0.0764863,0.0666767,0.0621025,0.065929,0.0661398,0.0671754,0.066078,0.0652748
9.009342404,0.112016,0.164643,0.135326,0.0818066,0.116321,0.109118,0.0904527,0.101391,0.103088,0.0871263,0.0838445,0.0930952
9.055782313,0.070485,0.0808303,0.0844204,0.0537758,0.0371175,0.0363676,0.0426086,0.0431464,0.05709,0.0296237,0.0440056,0.0497188
9.102222222,0.0328068,0.0391339,0.0971336,0.0525687,0.0138689,0.0107069,0.0343033,0.0670953,0.0583447,0.0925499,0.0694138,0.0567328
9.148662132,0.022858,0.0443043,0.0937924,0.0426079,0.00898359,0.0162615,0.0386828,0.069999,0.0711751,0.0839877,0.0532761,0.0645077
9.195102041,0.0282717,0.0349935,0.0384717,0.0349651,0.00913521,0.0170441,0.0251382,0.0734104,0.11202,0.0586424,0.0356277,0.0688702
9.241541950,0.0417599,0.0624123,0.0393939,0.0142155,0.00757474,0.0147385,0.0253547,0.0772684,0.0954782,0.0364379,0.0501825,0.0658403
9.287981859,0.0557291,0.0543642,0.0277542,0.0130805,0.0114625,0.0135717,0.0223901,0.027154,0.0289815,0.0156585,0.0343755,0.0334699
9.334421769,0.0228951,0.0246201,0.0392029,0.0284923,0.0217985,0.0198968,0.0641878,0.11276,0.0517425,0.0155835,0.0298505,0.0444824
9.380861678,0.0515938,0.0438735,0.0570293,0.0415155,0.0259407,0.0302532,0.0773195,0.147471,0.0902968,0.0287206,0.0304821,0.0657788
9.427301587,0.155854,0.155035,0.178089,0.174973,0.158087,0.122809,0.120884,0.0983178,0.130355,0.11956,0.127687,0.143134
9.473741497,0.0880179,0.105885,0.0955968,0.0747274,0.0731676,0.0718761,0.0709669,0.0488081,0.0549899,0.0451403,0.0425433,0.0617629
9.520181406,0.0548625,0.0503131,0.0525184,0.0292153,0.011726,0.0195921,0.0517932,0.0696749,0.053969,0.0318579,0.0508727,0.0857483
9.566621315,0.0425197,0.0136803,0.0134642,0.0103909,0.00711871,0.00795079,0.0404434,0.0654977,0.0365004,0.0229237,0.0527819,0.0882675
9.613061224,0.033917,0.0134414,0.018043,0.00607624,0.00982167,0.0117544,0.0342468,0.0592707,0.0304698,0.0201608,0.0547389,0.085252
9.659501134,0.0261407,0.0164869,0.038408,0.0371481,0.0271167,0.0198547,0.0688099,0.0989786,0.0582257,0.0351084,0.0256082,0.0461099
9.705941043,0.0237003,0.0220252,0.0559786,0.0344535,0.00963859,0.00576134,0.0446198,0.10123,0.0567979,0.0248883,0.0317203,0.0535035
9.752380952,0.0210659,0.0199138,0.0446048,0.0273729,0.00668764,0.00709933,0.0397523,0.0900771,0.0465691,0.0199096,0.0218315,0.0435875
9.798820862,0.0263771,0.0260221,0.055185,0.0332329,0.00860944,0.0085238,0.0365606,0.0844029,0.0403905,0.0113791,0.020616,0.0487569
9.845260771,0.0867324,0.0934266,0.110684,0.0921894,0.0691621,0.0682398,0.0926199,0.100283,0.0744556,0.0719892,0.0771579,0.0840817
9.891700680,0.121738,0.163168,0.142422,0.101592,0.151823,0.124556,0.108009,0.116665,0.117065,0.0910855,0.0907302,0.113402
9.938140590,0.0923189,0.110134,0.0838349,0.0569093,0.0609454,0.0577121,0.062246,0.0505476,0.0387985,0.0392224,0.0381025,0.0481178
9.984580499,0.0389436,0.0746596,0.0412429,0.0121592,0.0135111,0.028533,0.0494205,0.029672,0.0251767,0.0242056,0.02561,0.0266786
10.031020408,0.0412829,0.0797054,0.0382351,0.00962738,0.013506,0.0241757,0.0503092,0.0378479,0.0281201,0.0187648,0.029703,0.0281979
10.077460317,0.0350707,0.0920177,0.0688003,0.0218498,0.0262455,0.0352209,0.0598155,0.0407467,0.0310649,0.027558,0.0742866,0.0882519
10.123900227,0.0360165,0.0969376,0.0519315,0.0132036,0.0181413,0.0470787,0.0898167,0.0402667,0.0290832,0.0409667,0.0584085,0.0322295
10.170340136,0.0378136,0.052769,0.0482727,0.0236726,0.0127396,0.0445919,0.0889815,0.044768,0.0204118,0.035471,0.0547847,0.0288942
10.216780045,0.0140944,0.0356836,0.0235848,0.00986138,0.00744857,0.0392149,0.0854036,0.0380871,0.0187364,0.021605,0.0542596,0.0354736
10.263219955,0.0395284,0.0625623,0.043676,0.0248661,0.021002,0.0421986,0.0815085,0.0521615,0.0196917,0.0329972,0.0525146,0.0312476
10.309659864,0.157547,0.167741,0.167006,0.157382,0.139393,0.107358,0.13224,0.134655,0.126638,0.122129,0.130025,0.112866
10.356099773,0.0779532,0.11062,0.102786,0.0827881,0.0923884,0.0850668,0.067293,0.0632857,0.0557468,0.0550057,0.0422347,0.0648617
10.402539683,0.0762346,0.0989307,0.0655381,0.0244465,0.020274,0.0512428,0.0501125,0.0289975,0.0288075,0.0321274,0.044055,0.046805
10.448979592,0.0453319,0.0745309,0.0510395,0.0148085,0.0111858,0.0466484,0.0883928,0.0485375,0.0206913,0.0334548,0.063796,0.0428031
10.495419501,0.0218458,0.0495399,0.0279032,0.00956574,0.0164911,0.0444794,0.0867826,0.0558065,0.0300472,0.0213536,0.047172,0.023874
10.541859410,0.0245689,0.0487082,0.0399042,0.0224118,0.0177165,0.0400508,0.0704682,0.0382406,0.0180257,0.0286978,0.0440127,0.0288289
10.588299320,0.00717977,0.0143955,0.0238582,0.0140406,0.00811334,0.0211285,0.0374767,0.0178593,0.0121055,0.0225372,0.0285944,0.018703
10.634739229,0.00727225,0.012807,0.024872,0.0139252,0.00392239,0.0110054,0.0199607,0.0116283,0.00608789,0.0126024,0.0143532,0.00605077
10.681179138,0.00725635,0.0116806,0.0158018,0.00838814,0.0051223,0.00851148,0.0101609,0.00686544,0.00613416,0.00681515,0.0105204,0.00644497
10.727619048,0.0590333,0.0536719,0.0559401,0.0559193,0.0528148,0.0501648,0.0474949,0.0457078,0.0415255,0.0397964,0.040596,0.0319323
10.774058957,0.14013,0.146066,0.143257,0.131406,0.157412,0.130895,0.0972945,0.136732,0.124136,0.0762992,0.107843,0.123566
10.820498866,0.0932013,0.0938453,0.0866568,0.0706563,0.0557985,0.05794,0.0382448,0.042755,0.0487565,0.0428604,0.0453407,0.0516836
10.866938776,0.09427,0.0443863,0.0532362,0.0318977,0.0405883,0.0440678,0.0550986,0.038906,0.0225099,0.0215556,0.0650091,0.142358
10.913378685,0.0734713,0.0191343,0.0509438,0.0314959,0.0399299,0.0378319,0.0632886,0.0462049,0.0280208,0.028331,0.0540349,0.13907
10.959818594,0.0862619,0.0314055,0.0705051,0.0454608,0.0608334,0.0648483,0.0608008,0.0399635,0.0309369,0.0280852,0.0522087,0.137457
11.006258503,0.0588212,0.0602383,0.0404105,0.0137683,0.0124939,0.0618033,0.0820091,0.0335708,0.0138658,0.0180935,0.0255853,0.0388349
11.052698413,0.0990505,0.0329621,0.0154019,0.0131469,0.0427135,0.0556492,0.0262507,0.0104922,0.0238229,0.0220201,0.030334,0.0983482
11.099138322,0.0705102,0.0146849,0.0223056,0.0305406,0.0663916,0.0690928,0.0798023,0.0516832,0.0255471,0.0250379,0.0742494,0.140191
11.145578231,0.0665065,0.0289432,0.0416632,0.0445089,0.0603,0.0816666,0.152288,0.09932,0.0570972,0.0406295,0.0520114,0.121397
11.192018141,0.126733,0.133086,0.157942,0.174249,0.152007,0.152166,0.168091,0.11684,0.0885094,0.0950183,0.111892,0.126157
11.238458050,0.0990199,0.143358,0.140012,0.0996802,0.115766,0.0991707,0.0941984,0.0999884,0.091409,0.0736123,0.0688716,0.0888577
11.284897959,0.0764798,0.0755776,0.0747065,0.0427831,0.0361848,0.06453,0.083288,0.0460944,0.0529616,0.0740721,0.062243,0.0640866
11.331337868,0.0213007,0.029175,0.0530988,0.0347521,0.00931062,0.0471136,0.100469,0.0490823,0.0388667,0.0886538,0.0617465,0.0382029
11.377777778,0.0209681,0.0235516,0.0452748,0.0310848,0.00952387,0.0401785,0.0785507,0.0374075,0.0362919,0.0921622,0.0534559,0.0294545
11.424217687,0.0826106,0.040589,0.0263683,0.0419369,0.0545029,0.0618929,0.0786674,0.0912815,0.0358312,0.0281161,0.0417196,0.0870993
11.470657596,0.059117,0.016001,0.0414346,0.0404968,0.0164127,0.0550232,0.145659,0.0825237,0.0195909,0.0147069,0.0540061,0.115665
11.517097506,0.0350571,0.0147982,0.031965,0.0193093,0.0242037,0.05345,0.0800678,0.0545267,0.0230375,0.0371742,0.075223,0.0831754
11.563537415,0.0255276,0.0245752,0.048698,0.0305777,0.0118268,0.035781,0.0783798,0.0373526,0.0153168,0.0211389,0.0331993,0.0536732
11.609977324,0.0630112,0.0649452,0.0963748,0.0678884,0.0423142,0.0548731,0.10729,0.0670938,0.0289244,0.031054,0.0465932,0.06836
11.656417234,0.125227,0.152161,0.16401,0.159509,0.165254,0.135455,0.121043,0.150416,0.132123,0.0997386,0.131595,0.122412
11.702857143,0.0919713,0.104196,0.0905627,0.0645956,0.0666327,0.0642001,0.0513328,0.0307396,0.0410047,0.0408869,0.0272804,0.0487259
11.749297052,0.0366116,0.0357487,0.0278258,0.0329919,0.0564498,0.0398159,0.0242425,0.0208145,0.0259523,0.0320402,0.0269831,0.039787
11.795736961,0.0124604,0.0110368,0.00824919,0.0208307,0.0421296,0.0186819,0.017944,0.0117327,0.016701,0.0317557,0.0260763,0.0236199
11.842176871,0.0129703,0.016435,0.00963931,0.0206536,0.0434917,0.0276447,0.0118117,0.017073,0.0177559,0.0302642,0.0185925,0.0158937
11.888616780,0.0313429,0.0193825,0.0780019,0.0689812,0.0374812,0.0570132,0.11509,0.059233,0.0312267,0.070167,0.0919349,0.0877411
11.935056689,0.0411267,0.022526,0.0766721,0.0829541,0.0355548,0.0605755,0.127861,0.0629147,0.038881,0.0762957,0.0570776,0.0775202
11.981496599,0.0103027,0.0296462,0.050679,0.0216707,0.0112457,0.0380983,0.0799592,0.0400662,0.0240063,0.0616468,0.0350519,0.0103635
12.027936508,0.0119209,0.0328631,0.0572921,0.0359881,0.017576,0.0450676,0.0873411,0.0493766,0.0296813,0.0605567,0.0353339,0.0168083
12.074376417,0.100386,0.103967,0.126868,0.111982,0.086669,0.0846421,0.128968,0.116201,0.0959458,0.0976327,0.071513,0.0700844
12.120816327,0.114629,0.121095,0.122297,0.0812728,0.117417,0.100756,0.0932353,0.110744,0.0954349,0.0898656,0.0699625,0.0999573
12.167256236,0.0631452,0.0666815,0.0613921,0.0354798,0.0425295,0.045856,0.057743,0.0362066,0.0390747,0.0486009,0.027982,0.0350131
12.213696145,0.0142091,0.0310901,0.0487011,0.0290411,0.0391763,0.0455296,0.0769529,0.0467663,0.0366376,0.0636709,0.0323668,0.0151632
12.260136054,0.0105514,0.0201648,0.0413321,0.0323502,0.0376453,0.0351142,0.0687445,0.0350583,0.0309785,0.0719097,0.0350666,0.0155857
12.306575964,0.0179421,0.0301459,0.0462614,0.0305957,0.0341425,0.0365831,0.0678633,0.0388459,0.0353112,0.0592473,0.0300938,0.0158948
12.353015873,0.0172787,0.021113,0.0454433,0.0303523,0.0188627,0.0552362,0.119592,0.0717799,0.0292603,0.0438566,0.0365559,0.0424829
12.399455782,0.00474638,0.0104054,0.0284164,0.0230961,0.0121392,0.0098636,0.0182958,0.00654134,0.0140318,0.0186806,0.0131108,0.0144404
12.445895692,0.00680692,0.00717386,0.014344,0.0103475,0.00747153,0.00645952,0.010131,0.00677028,0.003293,0.007337,0.00508515,0.0046892
12.492335601,0.0347144,0.0378153,0.0445047,0.0353621,0.023876,0.0257019,0.0260857,0.0220185,0.020197,0.0166615,0.0162642,0.016957
12.538775510,0.148979,0.155057,0.187929,0.175163,0.16468,0.126933,0.123288,0.12564,0.135828,0.128112,0.132484,0.125207
12.585215420,0.0811081,0.10483,0.092276,0.0688255,0.0662289,0.0743304,0.0646129,0.0527996,0.0650167,0.0531581,0.053764,0.0723574
12.631655329,0.0573448,0.0655594,0.0889229,0.0400632,0.0160623,0.0212613,0.046976,0.0677304,0.077516,0.0890087,0.0832965,0.113863
12.678095238,0.0195611,0.0401505,0.0857575,0.0465378,0.0148709,0.0123667,0.0455003,0.0763035,0.069718,0.0887657,0.06665,0.0647303
12.724535147,0.0214355,0.045659,0.0914849,0.0380745,0.00847085,0.0137634,0.0406956,0.0729655,0.070009,0.085008,0.0527349,0.0608499
12.770975057,0.0252517,0.0176264,0.0490359,0.0277142,0.00778489,0.0158538,0.0677502,0.144234,0.0769099,0.0181578,0.039787,0.0469131
12.817414966,0.0204832,0.00966681,0.0217192,0.0173812,0.00994435,0.0370475,0.081223,0.0602784,0.0225904,0.0235605,0.0503148,0.0766368
12.863854875,0.0509915,0.0246382,0.0323367,0.0343143,0.0296556,0.0324221,0.0461478,0.0529017,0.0533217,0.041315,0.0849916,0.128959
12.910294785,0.0342016,0.0176712,0.0364234,0.0321013,0.0147303,0.0205919,0.0553616,0.117303,0.0638399,0.0428796,0.0222955,0.0525741
12.956734694,0.0926255,0.0863219,0.105855,0.0854753,0.0695945,0.0837533,0.111332,0.144642,0.10561,0.0673625,0.0466502,0.0832196
13.003174603,0.105568,0.144571,0.129168,0.0948416,0.127217,0.107642,0.0969671,0.0997109,0.0908893,0.0724509,0.085179,0.0975669
13.049614512,0.0921422,0.085187,0.077164,0.0656868,0.0579503,0.0437597,0.0525395,0.0443519,0.041335,0.0248255,0.0468196,0.0890378
13.096054422,0.0617619,0.0223233,0.0342109,0.0221544,0.0103569,0.0101546,0.0370081,0.0649989,0.0361168,0.0218403,0.0524126,0.10626
13.142494331,0.0501869,0.010774,0.0171786,0.0100598,0.00794814,0.00897795,0.0223473,0.0522697,0.0308472,0.0175018,0.0423816,0.100615
13.188934240,0.0272248,0.016166,0.0148836,0.0160875,0.0191872,0.0191124,0.0422448,0.0728151,0.0409842,0.0393004,0.0984499,0.0977168
13.235374150,0.0306534,0.0151859,0.0486915,0.0462784,0.0226323,0.0234294,0.0431462,0.0918853,0.054553,0.117122,0.064302,0.0642998
13.281814059,0.0234762,0.0221699,0.0548535,0.0361141,0.0192422,0.0133284,0.0375694,0.0944116,0.0694884,0.119129,0.084412,0.064971
13.328253968,0.0177245,0.0169687,0.0383585,0.0232408,0.010327,0.0173814,0.0384128,0.077693,0.0387518,0.0305697,0.0293148,0.0463291
13.374693878,0.0389443,0.0425012,0.0719949,0.0482756,0.0220083,0.0182882,0.0473021,0.0879274,0.0509172,0.0264968,0.0342737,0.0546633
13.421133787,0.164924,0.158249,0.152032,0.167221,0.183261,0.18628,0.173239,0.140379,0.130182,0.126737,0.117166,0.118464
13.467573696,0.0938851,0.122212,0.0981234,0.108104,0.0867027,0.0854331,0.0885739,0.0810291,0.0684531,0.0528529,0.0509045,0.0526875
13.514013605,0.0565988,0.0638149,0.0488093,0.0296248,0.0230857,0.0300631,0.0313136,0.032454,0.0164373,0.0205565,0.0240608,0.0229888
13.560453515,0.0135595,0.0255179,0.013734,0.00597943,0.0125975,0.0254067,0.0492585,0.0257591,0.0157867,0.0120484,0.0149864,0.0103917
13.606893424,0.00861279,0.0134275,0.00950615,0.00823805,0.015507,0.0244199,0.0489361,0.0301529,0.0131818,0.0158565,0.0196253,0.0113551
13.653333333,0.0473691,0.0553856,0.0738343,0.0570253,0.0303225,0.0966998,0.104535,0.0546885,0.0314655,0.0607163,0.101894,0.102051
13.699773243,0.0190162,0.0465833,0.0456644,0.0173843,0.0206724,0.0738772,0.119762,0.0799785,0.0493871,0.0749348,0.134522,0.0577296
13.746213152,0.0109624,0.0480222,0.0390621,0.0149234,0.0274788,0.062647,0.10889,0.0612676,0.0268595,0.0352121,0.0633664,0.0491709
13.792653061,0.0445015,0.0513689,0.0332793,0.0114949,0.00674829,0.0470514,0.096062,0.0462037,0.0141965,0.0243746,0.0783416,0.0819989
13.839092971,0.0725637,0.102939,0.0798991,0.0533292,0.0524027,0.0605029,0.112228,0.0800836,0.0430765,0.0784111,0.137184,0.105049
13.885532880,0.152473,0.150059,0.130037,0.150204,0.118242,0.1181,0.146528,0.0921143,0.128843,0.115211,0.0817927,0.100811
13.931972789,0.0927814,0.108123,0.0945541,0.0795902,0.0742486,0.0600407,0.0777584,0.062466,0.0499284,0.0517087,0.0657499,0.0543546
13.978412698,0.0329927,0.0466039,0.0284538,0.012325,0.0127269,0.0316162,0.0644899,0.0345272,0.0329806,0.0233595,0.0510815,0.0352341
14.024852608,0.0151655,0.0402316,0.0266713,0.0117642,0.0110584,0.0385007,0.0833603,0.0470173,0.023426,0.0266363,0.0486436,0.0260161
14.071292517,0.0180627,0.0402643,0.022878,0.00917023,0.0138511,0.0395017,0.0791128,0.0489601,0.0114309,0.0210704,0.0501448,0.0312959
14.117732426,0.0619261,0.0401073,0.0217596,0.00913263,0.0185169,0.0465015,0.0695084,0.0843636,0.0482495,0.0381915,0.0812867,0.100905
14.164172336,0.00869203,0.00904243,0.0126274,0.0107819,0.0266319,0.0944075,0.0933695,0.0956062,0.0545206,0.0327757,0.0585689,0.0191462
14.210612245,0.0114935,0.0259138,0.034092,0.0209088,0.0372516,0.0540502,0.0425183,0.0926573,0.0683909,0.0470535,0.0857994,0.0339466
14.257052154,0.021616,0.0373468,0.0274293,0.016041,0.010842,0.0280353,0.0478198,0.0488777,0.0373415,0.0484608,0.0412892,0.0365136
14.303492063,0.0379231,0.0371491,0.0342822,0.0344148,0.0229244,0.0389925,0.0350269,0.0642881,0.0534356,0.0399892,0.0367684,0.0311899
14.349931973,0.0170551,0.0351492,0.0315232,0.0169728,0.0260308,0.107556,0.150994,0.0626519,0.0272208,0.0696427,0.136304,0.0729861
14.396371882,0.0483902,0.0230284,0.0247234,0.0358435,0.0253016,0.0578296,0.140623,0.0733571,0.011458,0.0187052,0.0704355,0.105769
14.442811791,0.06418,0.0799529,0.0264916,0.0108904,0.0167665,0.0711061,0.149482,0.0949752,0.0646819,0.028269,0.0169182,0.0121755
14.489251701,0.033368,0.0600502,0.0260975,0.0101212,0.0487412,0.110112,0.148798,0.0968312,0.0660521,0.0303079,0.0203152,0.00963044
14.535691610,0.00693064,0.0252064,0.0437436,0.0209402,0.0117328,0.0882826,0.171308,0.0807863,0.0422259,0.085982,0.0515476,0.0134184
14.582131519,0.00503131,0.0126658,0.0277415,0.0196959,0.0118701,0.0651897,0.14962,0.0762698,0.0285632,0.101381,0.0782995,0.0193545
14.628571429,0.0370563,0.0607606,0.0231561,0.00998525,0.024757,0.0946039,0.145213,0.100454,0.0608986,0.0182865,0.019795,0.0159337
14.675011338,0.0212545,0.0630448,0.0364312,0.00917128,0.0260148,0.0998422,0.154422,0.0860179,0.0683349,0.0364328,0.00935143,0.0105432
14.721451247,0.025881,0.0546503,0.0254564,0.00951931,0.0254563,0.0957269,0.153558,0.107745,0.0984559,0.0447512,0.014181,0.0145918
14.767891156,0.04263,0.0658792,0.0900332,0.110393,0.119351,0.105769,0.105732,0.0738725,0.0807512,0.0534675,0.0633264,0.0711547
14.814331066,0.0593814,0.0490575,0.0704935,0.0597941,0.0815471,0.0690209,0.113659,0.111657,0.0627484,0.0607761,0.0258791,0.0905236
14.860770975,0.0438617,0.0588498,0.0904983,0.0567103,0.0207665,0.0701679,0.0677007,0.0273335,0.0519338,0.100622,0.0805636,0.0686823
14.907210884,0.02521,0.0572937,0.100727,0.0621342,0.0183755,0.0473559,0.104767,0.0624474,0.0298482,0.0589479,0.0878328,0.072156
14.953650794,0.0388241,0.063773,0.0837912,0.0470206,0.0180733,0.0637254,0.125382,0.0606594,0.030246,0.0660872,0.0816633,0.0594663
15.000090703,0.0222846,0.0570601,0.0787338,0.0387576,0.0116161,0.0358531,0.081541,0.0368931,0.0329513,0.0486437,0.0688925,0.0448007
15.046530612,0.0468509,0.0520473,0.0877192,0.0460513,0.0675533,0.0836702,0.0401489,0.0283483,0.066818,0.0744426,0.0303336,0.0502267
15.092970522,0.0133879,0.0618729,0.130375,0.0930658,0.0229235,0.0265042,0.0531287,0.0288508,0.0365483,0.0935282,0.0585014,0.0114028
15.139410431,0.0207547,0.119511,0.201838,0.0815825,0.0126964,0.0236283,0.031027,0.0312546,0.035044,0.0669293,0.0355899,0.0330077
15.185850340,0.0339009,0.116216,0.187709,0.099466,0.0346271,0.0274077,0.0227798,0.0242925,0.0211863,0.0230957,0.0125027,0.0213325
15.232290249,0.0428919,0.0572912,0.137125,0.112329,0.0520522,0.0392861,0.0506223,0.0578068,0.0611195,0.0459777,0.0402878,0.0408389
15.278730159,0.0480762,0.0793951,0.122751,0.0594485,0.0303376,0.0395461,0.0396398,0.0374345,0.101312,0.105128,0.0491556,0.0433978
15.325170068,0.0276186,0.065519,0.0608743,0.0351867,0.0355644,0.0456714,0.0394626,0.0362179,0.0842642,0.103992,0.0478963,0.0223951
15.371609977,0.0306318,0.0488468,0.0815803,0.065027,0.0191398,0.0391419,0.040881,0.0407279,0.0470095,0.0713467,0.0532435,0.0351244
15.418049887,0.0376924,0.0919178,0.0892644,0.0324327,0.0210311,0.0475984,0.0489977,0.0333679,0.077601,0.0952492,0.0360198,0.0257274
15.464489796,0.0492918,0.0809961,0.0795698,0.0588319,0.0271709,0.0355847,0.0512847,0.0403731,0.0504082,0.104739,0.0736052,0.0326546
15.510929705,0.0690418,0.103142,0.0954836,0.0719622,0.0455603,0.0618193,0.0725157,0.0399426,0.0708116,0.0795459,0.0477563,0.0461826
15.557369615,0.0532712,0.0958874,0.114761,0.100731,0.0787643,0.0664746,0.0731418,0.0515818,0.0716536,0.0808457,0.0607674,0.0501222
15.603809524,0.050733,0.0937294,0.0705172,0.0571335,0.0352601,0.0597501,0.0983877,0.0754288,0.0837902,0.0565249,0.0476355,0.0600659
15.650249433,0.193233,0.181871,0.0878915,0.0847528,0.105691,0.0784791,0.100099,0.12349,0.119645,0.173441,0.160013,0.167011
15.696689342,0.079008,0.097178,0.0731671,0.0305587,0.0599203,0.0688427,0.0778877,0.0971752,0.146928,0.170367,0.0758133,0.0956161
15.743129252,0.0273094,0.0560784,0.112166,0.0708584,0.0276117,0.0540415,0.125408,0.187259,0.157964,0.0965334,0.053124,0.0501493
15.789569161,0.0202184,0.0313328,0.0248417,0.100267,0.140949,0.145145,0.208442,0.126949,0.0586978,0.0236461,0.0317417,0.0367996
15.836009070,0.0330285,0.0314722,0.031724,0.0899256,0.251153,0.217613,0.0909554,0.0392015,0.0219294,0.0191961,0.0224819,0.0465369
15.882448980,0.0158831,0.0229089,0.0598763,0.183421,0.253963,0.109313,0.0493219,0.0227309,0.019974,0.0219862,0.0455903,0.0510388
15.928888889,0.0235114,0.0973223,0.234619,0.199163,0.0729514,0.0368428,0.0321951,0.0223732,0.0232845,0.0491034,0.0453388,0.0227542
15.975328798,0.0373468,0.147599,0.270635,0.14364,0.0352531,0.0200624,0.0223553,0.0194035,0.0429611,0.0678412,0.0336443,0.0249272
16.021768707,0.126537,0.222283,0.172804,0.0510232,0.0349202,0.0272008,0.0320702,0.0413391,0.0568523,0.0334707,0.0136982,0.0272727
16.068208617,0.193178,0.117136,0.0828427,0.0733543,0.0712847,0.0609925,0.0544423,0.0881669,0.0910333,0.063064,0.0835976,0.0992939
16.114648526,0.117936,0.11652,0.111842,0.0977842,0.124443,0.0980071,0.0984505,0.105087,0.0931672,0.0993357,0.0920831,0.097067
16.161088435,0.0820523,0.0777993,0.0806591,0.0686125,0.065421,0.0665715,0.0712998,0.07642,0.0784496,0.0643879,0.0521961,0.0524189
16.207528345,0.0364085,0.0567697,0.087527,0.0554295,0.0170488,0.0502508,0.0984531,0.105765,0.0706134,0.0687867,0.0556511,0.0616407
16.253968254,0.0469976,0.0642912,0.101897,0.0459862,0.0123352,0.0417214,0.114222,0.105878,0.0483306,0.0402527,0.0549123,0.0724485
16.300408163,0.042733,0.0554597,0.0806684,0.04455,0.0154945,0.0546417,0.123027,0.0940571,0.0449025,0.033028,0.025407,0.0544323
16.346848073,0.038932,0.0431894,0.0426227,0.0221143,0.0155338,0.0448835,0.116698,0.073291,0.0139716,0.00778541,0.0313901,0.0586674
16.393287982,0.0258062,0.0308849,0.0285132,0.0165169,0.0091546,0.0468325,0.112574,0.0627022,0.0206135,0.011692,0.0225588,0.0355381
16.439727891,0.0466099,0.090198,0.12878,0.0813053,0.0549499,0.0501404,0.0990493,0.156167,0.133524,0.0735525,0.060719,0.0717126
16.486167800,0.0580812,0.0748437,0.13671,0.0628681,0.0486066,0.0637557,0.151595,0.14137,0.0738565,0.0391503,0.0649557,0.111758
16.532607710,0.185,0.176331,0.191879,0.178152,0.149257,0.128774,0.168664,0.148143,0.141659,0.12405,0.144039,0.174205
16.579047619,0.076634,0.114123,0.0944464,0.0771419,0.0841638,0.0833169,0.0772735,0.0605593,0.0736492,0.0494476,0.0473166,0.061132
16.625487528,0.0669219,0.0782455,0.0666139,0.033797,0.0254544,0.0534772,0.0967275,0.0591209,0.0751279,0.0265852,0.0443922,0.0668659
16.671927438,0.0308481,0.0467249,0.0386555,0.0270168,0.0153639,0.0505643,0.107356,0.0971021,0.0468446,0.0249256,0.0205612,0.03979
16.718367347,0.0286636,0.0422525,0.0356653,0.010393,0.0144667,0.0325598,0.0936674,0.0852712,0.0499103,0.0269675,0.0217097,0.0266228
16.764807256,0.0577695,0.101837,0.162162,0.112459,0.041842,0.063619,0.115527,0.0714588,0.0449264,0.0868016,0.0733268,0.0690287
16.811247166,0.0354374,0.0711042,0.111188,0.0573227,0.0196871,0.0572255,0.133768,0.122755,0.0726076,0.0878151,0.0710401,0.0611837
16.857687075,0.0303302,0.057768,0.095394,0.0601965,0.0144122,0.0468244,0.127279,0.128883,0.0706524,0.0568327,0.0347454,0.0548592
16.904126984,0.0294165,0.0597528,0.0847597,0.0444215,0.00959915,0.0567942,0.143423,0.127515,0.0541108,0.0458831,0.0366105,0.0401012
16.950566893,0.0791787,0.0951426,0.0943688,0.0793558,0.0536374,0.0754708,0.1326,0.092714,0.0557378,0.0621768,0.0610075,0.0671515
16.997006803,0.129154,0.146613,0.131259,0.112141,0.14003,0.128748,0.12307,0.117513,0.122426,0.100234,0.0951971,0.122687
17.043446712,0.0660777,0.0848921,0.0740462,0.055629,0.0508588,0.0491286,0.0497217,0.0494325,0.0432097,0.0429644,0.0240244,0.0442435
17.089886621,0.0376821,0.0570851,0.0340275,0.0288328,0.03881,0.0371182,0.0534276,0.0414222,0.0922547,0.133658,0.0648546,0.023872
17.136326531,0.0216406,0.0464406,0.0236551,0.0218006,0.0426901,0.0324256,0.0487872,0.03719,0.0750102,0.124952,0.0559891,0.0148579
17.182766440,0.0321623,0.0326358,0.0145904,0.0210408,0.0259782,0.0363368,0.041291,0.0249523,0.0217979,0.0347065,0.0233826,0.015145
17.229206349,0.0581874,0.14664,0.140824,0.0460799,0.0343823,0.044751,0.0662716,0.116217,0.101664,0.0867135,0.0865117,0.0488575
17.275646259,0.0344732,0.1001,0.105328,0.0526948,0.0170804,0.053764,0.134613,0.145117,0.0501717,0.0656292,0.0657316,0.029299
17.322086168,0.0306428,0.0780362,0.0891386,0.0397754,0.0148719,0.0463841,0.11193,0.138405,0.0641576,0.0550985,0.0623357,0.0311452
17.368526077,0.0493974,0.115527,0.110442,0.0420956,0.0124805,0.0478126,0.139695,0.151652,0.06585,0.0427352,0.0506317,0.0298637
17.414965986,0.130333,0.153831,0.150461,0.121238,0.105606,0.0997958,0.141915,0.11932,0.0947782,0.097843,0.114134,0.0917022
17.461405896,0.0767308,0.119218,0.104675,0.0897105,0.0893839,0.102851,0.110739,0.0999152,0.0963104,0.0729533,0.0796411,0.0898881
17.507845805,0.0586369,0.0843799,0.0613658,0.0384553,0.0266282,0.0723875,0.0985521,0.0606366,0.0514311,0.0489521,0.0541452,0.0544345
17.554285714,0.0433242,0.0914,0.0453824,0.0183048,0.0170451,0.0662426,0.16646,0.096531,0.0619056,0.0326155,0.035519,0.0286804
17.600725624,0.0447533,0.0894071,0.0442424,0.0111308,0.0231554,0.0658023,0.160347,0.0851861,0.0384297,0.0322335,0.0452091,0.0277531
17.647165533,0.100308,0.166661,0.101047,0.0909017,0.153426,0.118808,0.0849565,0.0557058,0.0791355,0.0905751,0.0720778,0.0653664
17.693605442,0.0227701,0.0316227,0.0703343,0.0686843,0.125065,0.0753828,0.0753867,0.0391978,0.0492416,0.0959116,0.051871,0.0447344
17.740045351,0.019548,0.0269819,0.0649976,0.0599768,0.139125,0.0744749,0.0432721,0.0159094,0.0250249,0.0558637,0.0492943,0.0463898
17.786485261,0.0211255,0.0258051,0.0437472,0.0470555,0.123703,0.0659795,0.0272984,0.0152364,0.0227449,0.043929,0.0344618,0.0397385
17.832925170,0.0593645,0.0497552,0.0542085,0.0854794,0.127079,0.0735757,0.0342747,0.0318868,0.0370213,0.0458467,0.0450445,0.053994
17.879365079,0.1438,0.130804,0.139047,0.136747,0.145166,0.120456,0.0996228,0.128338,0.128372,0.0833907,0.117763,0.151252
17.925804989,0.0979628,0.0951936,0.0998389,0.079058,0.072507,0.0720365,0.0841873,0.0745936,0.0673631,0.0558853,0.0467775,0.0550929
17.972244898,0.116912,0.0590823,0.0691454,0.0528664,0.0203202,0.0891367,0.18381,0.102961,0.0426877,0.0359345,0.0716994,0.137701
18.018684807,0.119701,0.0501163,0.0525707,0.0478538,0.0238559,0.0763132,0.183744,0.0996626,0.0182001,0.0255508,0.0687271,0.132642
18.065124717,0.116378,0.0596666,0.0658646,0.0481907,0.0227919,0.0884433,0.178581,0.0853396,0.0168847,0.0207132,0.0684912,0.135632
18.111564626,0.0682632,0.0591618,0.0553198,0.0248492,0.0130267,0.0656799,0.12384,0.0586522,0.0128428,0.0178539,0.033865,0.0711436
18.158004535,0.0280603,0.0288345,0.0264593,0.0154421,0.00536701,0.0473067,0.10026,0.0441723,0.00829918,0.0109317,0.0270449,0.0491749
18.204444444,0.0604624,0.0650723,0.0520925,0.0383722,0.0453083,0.0938131,0.191339,0.137709,0.0575687,0.0553487,0.0809456,0.0900197
18.250884354,0.0762686,0.109051,0.08294,0.0482853,0.0347329,0.0901461,0.202648,0.105923,0.0306943,0.0396528,0.0980134,0.108902
18.297324263,0.136738,0.168862,0.1509,0.092709,0.0997181,0.155019,0.215589,0.151013,0.0933191,0.0989538,0.0826315,0.0777605
18.343764172,0.11007,0.135717,0.138055,0.117062,0.131484,0.120599,0.154154,0.131476,0.124576,0.0965951,0.0947748,0.118666
18.390204082,0.0984832,0.0896149,0.0621328,0.0582708,0.0482467,0.0398193,0.0926096,0.0517155,0.0407194,0.0295944,0.0413178,0.063976
18.436643991,0.107749,0.0613596,0.0463706,0.0464021,0.0152199,0.0723101,0.158695,0.075014,0.0230061,0.0259653,0.0290693,0.0716402
18.483083900,0.0860036,0.0593244,0.039542,0.0316159,0.012892,0.0496135,0.129237,0.0782723,0.0266679,0.0189253,0.02161,0.0496892
18.529523810,0.0799473,0.0695213,0.0669447,0.0655484,0.0412966,0.0637463,0.133404,0.0787409,0.0409562,0.0483486,0.0389023,0.0616946
18.575963719,0.100763,0.0409575,0.0700325,0.0418453,0.0329873,0.0894557,0.151825,0.0774384,0.0312915,0.0454802,0.0627309,0.112295
18.622403628,0.0631624,0.0623489,0.0568029,0.0304346,0.0149014,0.0874782,0.193087,0.0973747,0.0126339,0.014216,0.06004,0.104371
18.668843537,0.0520983,0.0438048,0.0633604,0.0328537,0.0101405,0.0754627,0.180795,0.0913171,0.00809568,0.013322,0.0493588,0.0917298
18.715283447,0.0674415,0.0755777,0.0765821,0.0411537,0.0335165,0.0829826,0.171721,0.0932396,0.0233699,0.0267557,0.060409,0.0889684
18.761723356,0.145767,0.14228,0.166593,0.16407,0.172546,0.14662,0.125867,0.127713,0.134201,0.125187,0.139652,0.151487
18.808163265,0.0910844,0.107136,0.0913789,0.0736546,0.0846056,0.075942,0.0621465,0.0514255,0.074061,0.080423,0.0448649,0.0710452
18.854603175,0.057425,0.0329673,0.0276561,0.0509575,0.0750691,0.0478349,0.0207558,0.0292284,0.0869423,0.135348,0.0553711,0.066443
18.901043084,0.0275768,0.0168408,0.00948003,0.0305262,0.0669979,0.0368558,0.0205941,0.0243003,0.0606633,0.133084,0.059969,0.037394
18.947482993,0.0184247,0.0209337,0.0167933,0.0268595,0.0508315,0.0312396,0.0185775,0.0193994,0.0483879,0.0868172,0.0374111,0.0169425
18.993922902,0.0441908,0.055629,0.112581,0.0965072,0.0766522,0.0767939,0.0834924,0.130301,0.0959869,0.128683,0.0891108,0.0496645
19.040362812,0.0243129,0.0564429,0.10335,0.0726075,0.0741093,0.0808963,0.120003,0.146051,0.0828944,0.152558,0.0887217,0.043836
19.086802721,0.0167731,0.0509257,0.0932876,0.0607957,0.0494924,0.0600057,0.134099,0.152347,0.0896762,0.128023,0.0653757,0.0165153
19.133242630,0.0159368,0.0486935,0.0925454,0.0628524,0.059411,0.0537926,0.129711,0.162563,0.0944944,0.108132,0.0534326,0.00980035
19.179682540,0.0787427,0.0879331,0.105611,0.0845875,0.0672082,0.078021,0.126727,0.133582,0.105575,0.121664,0.0575957,0.0403059
19.226122449,0.113315,0.12323,0.118787,0.1018,0.124808,0.107726,0.102513,0.127614,0.115066,0.10577,0.108276,0.103009
19.272562358,0.0957517,0.0911867,0.0761288,0.0434668,0.0544452,0.0650655,0.0830412,0.0577461,0.0510382,0.0679675,0.0562769,0.0780458
19.319002268,0.0334732,0.051757,0.0432605,0.0456291,0.05846,0.0803386,0.149798,0.0727197,0.0432721,0.0862273,0.0574937,0.0516745
19.365442177,0.0389355,0.0605738,0.0489271,0.0401388,0.0569621,0.0861884,0.155574,0.0792742,0.0473052,0.0822938,0.0505505,0.032266
19.411882086,0.0462806,0.0490839,0.0597093,0.060653,0.0628396,0.0509009,0.0764851,0.054313,0.0570912,0.0826917,0.0422443,0.0287729
19.458321995,0.021534,0.039848,0.0711742,0.0395683,0.0203313,0.0313893,0.0938204,0.136537,0.0919519,0.118508,0.0567212,0.0153221
19.504761905,0.00657131,0.0405505,0.0895107,0.0484491,0.0155412,0.019547,0.0504383,0.114959,0.0508743,0.0659868,0.0361182,0.010396
19.551201814,0.00422868,0.0360424,0.0807384,0.0414554,0.0111279,0.00737107,0.05867,0.131904,0.0662623,0.0388636,0.0216081,0.0119811
19.597641723,0.0262334,0.0469204,0.0741252,0.0449167,0.0203977,0.0233641,0.0671232,0.140259,0.0760661,0.0350102,0.022103,0.0158329
19.644081633,0.174783,0.159537,0.161355,0.143015,0.128936,0.100185,0.107865,0.133491,0.129391,0.123462,0.142927,0.16015
19.690521542,0.0767226,0.106815,0.0999627,0.0852014,0.0910823,0.0839922,0.0794299,0.0558014,0.0674372,0.0535467,0.0461315,0.0665385
19.736961451,0.0594228,0.0723509,0.0934323,0.0795804,0.0327609,0.0569909,0.118173,0.103682,0.049785,0.0234518,0.0547368,0.0942428
19.783401361,0.0354939,0.0415988,0.0733443,0.0446394,0.0211851,0.0470946,0.13544,0.109671,0.0446446,0.0273576,0.0383021,0.0677767
19.829841270,0.0386471,0.0540327,0.0792498,0.0545795,0.0181705,0.0687851,0.160405,0.133489,0.0520142,0.0236648,0.0457491,0.0830199
19.876281179,0.0459384,0.0548278,0.0697793,0.0417979,0.0172417,0.0685708,0.147975,0.095206,0.030853,0.0219975,0.0345806,0.0668073
19.922721088,0.0325803,0.0327378,0.0293982,0.013901,0.00566922,0.0497259,0.112058,0.0651435,0.0134148,0.00846134,0.0265502,0.0479622
19.969160998,0.0319371,0.046212,0.0492577,0.0276453,0.0292776,0.0631681,0.110234,0.0733052,0.0463363,0.0361232,0.0515816,0.0704911
20.015600907,0.0455804,0.0907235,0.146555,0.0835241,0.0270705,0.0447568,0.103123,0.143963,0.0889167,0.0245645,0.0518053,0.109328
20.062040816,0.0805818,0.119057,0.153149,0.0863843,0.0585429,0.0973302,0.160871,0.131513,0.0909861,0.0521809,0.0598783,0.0953839
20.108480726,0.159762,0.151184,0.136005,0.109662,0.146185,0.131157,0.117503,0.115922,0.115579,0.0926045,0.0985058,0.14613
20.154920635,0.0842069,0.0804464,0.0736361,0.0665699,0.071696,0.0541899,0.0884328,0.037795,0.0583623,0.0426652,0.0236875,0.0591747
20.201360544,0.0519337,0.0540394,0.0575605,0.0367873,0.0258338,0.0651025,0.16392,0.13035,0.0496367,0.0312963,0.0510878,0.0879407
20.247800454,0.0369097,0.0395188,0.0387957,0.0246546,0.0145039,0.0391524,0.11685,0.100927,0.0284074,0.0170294,0.0321862,0.0508111
20.294240363,0.0227965,0.0350072,0.0350804,0.021707,0.0173092,0.053421,0.122137,0.0989418,0.040578,0.0142033,0.00845893,0.0218354
20.340680272,0.0819877,0.111002,0.103114,0.0555221,0.0322815,0.0617493,0.120348,0.116797,0.120619,0.0590572,0.0362424,0.052179
20.387120181,0.0293115,0.0573198,0.0964777,0.0647339,0.0160109,0.0487317,0.149664,0.13124,0.0603059,0.0566714,0.0510801,0.0714044
20.433560091,0.0360749,0.0555147,0.0712896,0.0471162,0.00842365,0.0492285,0.149119,0.132807,0.0603139,0.0513194,0.034256,0.0535496
20.480000000,0.0415014,0.0749324,0.0838721,0.0477279,0.0149661,0.0500895,0.136638,0.112946,0.0488042,0.036112,0.0302026,0.0415729
20.526439909,0.140697,0.119297,0.118714,0.157605,0.132162,0.114821,0.127039,0.102087,0.0847483,0.111464,0.117215,0.120639
20.572879819,0.0761102,0.12577,0.105405,0.082496,0.102352,0.0969709,0.102926,0.0996905,0.0970822,0.0893665,0.0761205,0.0833039
20.619319728,0.066639,0.0819552,0.0594793,0.0424699,0.0361155,0.0329507,0.0435346,0.0440609,0.0701841,0.120485,0.0841265,0.0395254
20.665759637,0.0264241,0.0529771,0.027639,0.0265251,0.0491739,0.0449419,0.0470604,0.038688,0.0909557,0.147214,0.0757361,0.0194678
20.712199546,0.0215041,0.0386353,0.0195345,0.0260109,0.0469359,0.0442729,0.0492271,0.0333808,0.0856674,0.137171,0.0661516,0.0155421
20.758639456,0.0839412,0.142717,0.115226,0.0418706,0.0515509,0.0646263,0.0927866,0.12649,0.0744038,0.0535653,0.0328059,0.0623418
20.805079365,0.0509947,0.111378,0.121413,0.047015,0.021928,0.0665096,0.109754,0.138681,0.100342,0.103418,0.09014,0.0516316
20.851519274,0.0329652,0.0962887,0.116148,0.048721,0.013809,0.045668,0.122949,0.140885,0.0451674,0.0534382,0.0533466,0.0277237
20.897959184,0.0366442,0.0942857,0.0879427,0.0391992,0.00889567,0.0468343,0.115577,0.143966,0.057477,0.041955,0.0549464,0.0300493
20.944399093,0.0547356,0.101486,0.0974286,0.0532005,0.0393058,0.0560604,0.140661,0.136304,0.0577654,0.0544917,0.0650079,0.0464131
20.990839002,0.126387,0.152187,0.164847,0.138491,0.149131,0.15071,0.139318,0.154539,0.135589,0.0950797,0.116197,0.116615
21.037278912,0.0728703,0.089193,0.0802109,0.0802617,0.0827595,0.0923904,0.089199,0.0819279,0.067703,0.0735028,0.0640021,0.0571816
21.083718821,0.0473516,0.0974816,0.0590316,0.0224088,0.0198891,0.0867522,0.157315,0.0918121,0.0743791,0.0363254,0.0463291,0.0384566
21.130158730,0.0409859,0.0903349,0.0468629,0.0104965,0.0196801,0.0782116,0.175174,0.0948183,0.0434975,0.0456404,0.0504184,0.0275601
21.176598639,0.0358864,0.0720744,0.038079,0.0163345,0.018995,0.056503,0.121007,0.0656951,0.0365459,0.0326298,0.050139,0.0321035
21.223038549,0.0473301,0.0613032,0.111932,0.0698332,0.116909,0.0766158,0.0867587,0.148004,0.102121,0.0334846,0.0438388,0.0621649
21.269478458,0.0426081,0.0430952,0.0981921,0.0690987,0.123865,0.055466,0.0710798,0.110699,0.0502126,0.0111811,0.0440808,0.0783953
21.315918367,0.0208577,0.0283841,0.0713682,0.0903322,0.139856,0.0707775,0.0406888,0.0792714,0.0439846,0.0093407,0.0194534,0.0406287
21.362358277,0.0266336,0.0285152,0.0597792,0.0698152,0.134866,0.0709082,0.0340603,0.0651607,0.0380808,0.0128405,0.0335509,0.0513037
21.408798186,0.102605,0.10751,0.119357,0.105594,0.0971132,0.0894531,0.08822,0.102198,0.0833503,0.0727975,0.0753916,0.0787851
21.455238095,0.109596,0.138112,0.137394,0.105614,0.13046,0.133955,0.115595,0.109164,0.107375,0.100778,0.100032,0.090122
21.501678005,0.101707,0.100732,0.0762325,0.0501565,0.0518131,0.0558276,0.0835139,0.0481781,0.0395359,0.052682,0.0508287,0.058153
21.548117914,0.1084,0.0978728,0.0856299,0.0520202,0.0395187,0.0920124,0.18748,0.0923089,0.0204784,0.0496217,0.0877579,0.0943906
21.594557823,0.144727,0.160683,0.0846705,0.032274,0.0393232,0.0708749,0.17199,0.0854917,0.0216037,0.0269285,0.048708,0.0922095
21.640997732,0.107303,0.161461,0.119474,0.053674,0.0327159,0.0883658,0.157713,0.0885053,0.0497802,0.0480529,0.0550033,0.0786163
21.687437642,0.0665104,0.118029,0.0709928,0.0172847,0.0124305,0.0521879,0.112557,0.0503061,0.0268089,0.0242541,0.0268159,0.037022
21.733877551,0.0600611,0.108148,0.0549573,0.0133802,0.00859351,0.0439652,0.0976992,0.052605,0.0197962,0.0181231,0.022242,0.0286694
21.780317460,0.0808486,0.13522,0.0684215,0.0381037,0.0325533,0.0521461,0.107272,0.0575232,0.0911988,0.0658848,0.0848925,0.102233
21.826757370,0.104647,0.114898,0.0882534,0.0664535,0.0510807,0.101173,0.165958,0.105634,0.104765,0.0759564,0.0702374,0.106388
21.873197279,0.149008,0.189232,0.199493,0.187435,0.172437,0.110569,0.124261,0.135535,0.148855,0.121844,0.104405,0.114337
21.919637188,0.09751,0.127148,0.115804,0.0934985,0.0930123,0.0830043,0.0948337,0.073209,0.0665681,0.0512828,0.0585816,0.0776911
21.966077098,0.142288,0.146132,0.0850708,0.0378148,0.0284372,0.0959966,0.0855315,0.0322085,0.0306571,0.0483736,0.0579868,0.0579556
22.012517007,0.104075,0.120433,0.0702539,0.0191358,0.0148941,0.029407,0.0914694,0.0513178,0.0198535,0.0466438,0.0723464,0.0430911
22.058956916,0.0845586,0.0987738,0.0543594,0.0226876,0.0144139,0.0431398,0.0835148,0.0444253,0.0365885,0.0472328,0.0544361,0.031727
22.105396825,0.120982,0.151135,0.0854691,0.0218767,0.0412238,0.0835398,0.146341,0.116848,0.0720784,0.0690963,0.128862,0.122483
22.151836735,0.0929726,0.131649,0.0856761,0.048356,0.0342012,0.113188,0.176509,0.0845354,0.0478379,0.0714318,0.0975464,0.128416
22.198276644,0.072175,0.087812,0.0525029,0.0797697,0.0240993,0.0604869,0.144269,0.0928389,0.0387611,0.0652319,0.109162,0.116135
22.244716553,0.048886,0.111302,0.139978,0.0667401,0.0184816,0.0537257,0.110603,0.0565865,0.0193349,0.0347454,0.0512078,0.0917781
22.291156463,0.0947951,0.18618,0.185583,0.103195,0.068659,0.0961862,0.157943,0.104755,0.0713784,0.0497483,0.093963,0.113568
22.337596372,0.140356,0.165703,0.12943,0.145971,0.117543,0.13229,0.141456,0.0960733,0.115637,0.118142,0.0948058,0.0870662
22.384036281,0.0742275,0.0878343,0.0808952,0.0478856,0.0696209,0.0424133,0.0628991,0.0289822,0.0235195,0.0506333,0.0197283,0.0632163
22.430476190,0.0514884,0.0875137,0.127057,0.0929222,0.0350947,0.0298673,0.0730004,0.041397,0.0524504,0.101431,0.0535784,0.0590306
22.476916100,0.0467827,0.0993553,0.167474,0.111784,0.0287818,0.0370066,0.0709768,0.0497649,0.0380691,0.075976,0.0525879,0.0451127
22.523356009,0.0492944,0.121769,0.177761,0.104109,0.0407251,0.0419896,0.0683861,0.0482311,0.0734749,0.0883756,0.0589634,0.0403591
22.569795918,0.0469916,0.160789,0.237554,0.131436,0.0520857,0.0578796,0.0794777,0.0563586,0.0779771,0.10736,0.0788793,0.0363281
22.616235828,0.0216716,0.0832965,0.21156,0.121501,0.0206604,0.0471279,0.094811,0.0447142,0.0628839,0.1458,0.0877499,0.0461372
22.662675737,0.0468754,0.096561,0.206314,0.155999,0.0341164,0.0308757,0.0795786,0.0501036,0.0448457,0.0695141,0.0377465,0.0226345
22.709115646,0.0706887,0.13422,0.225683,0.118978,0.0329392,0.0204134,0.0628385,0.0491122,0.0383857,0.0564858,0.0438363,0.0329594
22.755555556,0.151236,0.175011,0.176636,0.0849325,0.078313,0.059747,0.058614,0.0822374,0.0670542,0.0943703,0.109083,0.125944
22.801995465,0.110186,0.114003,0.0915328,0.0395228,0.0507235,0.0734639,0.0665385,0.0743106,0.113221,0.0708375,0.0197879,0.0931631
22.848435374,0.0220147,0.0794667,0.129587,0.058477,0.0175544,0.0315991,0.0296347,0.0314575,0.0563303,0.0225658,0.0373922,0.0291849
22.894875283,0.0161469,0.0354722,0.0292933,0.0961776,0.08757,0.0197633,0.0131586,0.017614,0.0409488,0.025564,0.0305899,0.0340466
22.941315193,0.0300134,0.0450846,0.0298574,0.0616196,0.141043,0.0752194,0.00837123,0.0142743,0.031303,0.0194556,0.0191473,0.0342169
22.987755102,0.0941416,0.0336321,0.0382853,0.0811643,0.122787,0.0895777,0.0869799,0.0653508,0.0475563,0.0380322,0.0739672,0.142831
23.034195011,0.0427007,0.0452202,0.120553,0.0874687,0.023057,0.0347724,0.0794461,0.0501759,0.028373,0.0307168,0.0262062,0.0751381
23.080634921,0.0737533,0.0696421,0.143967,0.0837719,0.0140107,0.0258706,0.0549112,0.0308409,0.0115605,0.0294801,0.0341962,0.0697913
23.127074830,0.14065,0.130404,0.119172,0.0507759,0.0260404,0.0186514,0.0358592,0.046453,0.0391736,0.0117696,0.019149,0.0296737
23.173514739,0.229027,0.172493,0.0956975,0.0531052,0.0408407,0.0437184,0.0516053,0.0550236,0.0576702,0.061417,0.0769882,0.119291
23.219954649,0.15188,0.164138,0.149329,0.115147,0.131163,0.0974428,0.101469,0.113313,0.101133,0.11172,0.101545,0.110442
23.266394558,0.0807711,0.0861476,0.0949879,0.0678962,0.0588693,0.0456077,0.0486356,0.0394527,0.0460822,0.0472853,0.0333492,0.0600204
23.312834467,0.0348309,0.0449218,0.0855788,0.0453188,0.0113696,0.0476496,0.0964916,0.10063,0.065081,0.0692161,0.056896,0.0628602
23.359274376,0.042296,0.0541071,0.0821733,0.0391789,0.0176919,0.0380036,0.113311,0.103911,0.0544044,0.0454686,0.0299372,0.0618543
23.405714286,0.0520193,0.0517437,0.0892232,0.0462042,0.0175062,0.0688057,0.141562,0.109259,0.0487528,0.0341878,0.0343294,0.0603972
23.452154195,0.0370275,0.0453933,0.0485668,0.0234109,0.0142552,0.0570142,0.117171,0.0727237,0.0173977,0.0151803,0.0299088,0.0553736
23.498594104,0.0218441,0.0298574,0.0284766,0.0111286,0.00892968,0.0535787,0.106115,0.0563019,0.0195771,0.00531276,0.0230178,0.0369432
23.545034014,0.0565574,0.0702117,0.108804,0.0882453,0.0388118,0.0342071,0.120242,0.173904,0.126104,0.0770015,0.0599316,0.0710039
23.591473923,0.0475247,0.0811162,0.137352,0.0763982,0.0384796,0.0454279,0.143142,0.130053,0.0807002,0.0383435,0.0475417,0.090759
23.637913832,0.168992,0.175849,0.182995,0.14154,0.104607,0.120796,0.1793,0.147744,0.135107,0.103104,0.119667,0.157464
23.684353741,0.0813369,0.12306,0.0962081,0.0823594,0.0939497,0.0913412,0.0951087,0.0700264,0.0803963,0.0685959,0.0562237,0.0819608
23.730793651,0.0625705,0.0817701,0.0697865,0.0404919,0.0268898,0.0372876,0.0825919,0.0813193,0.072542,0.036874,0.0501012,0.0598766
23.777233560,0.0253143,0.0579379,0.0531956,0.0236924,0.0216905,0.0456533,0.121642,0.0968676,0.0583545,0.0204586,0.0330293,0.0452888
23.823673469,0.0238109,0.0421324,0.0346185,0.00979562,0.0189315,0.0387787,0.100375,0.0837218,0.0480965,0.020264,0.0240752,0.0298167
23.870113379,0.0538555,0.0871409,0.12637,0.0743551,0.0279184,0.0759615,0.107961,0.0576065,0.0556478,0.0848329,0.0666949,0.0396762
23.916553288,0.0400299,0.0808429,0.134741,0.0736218,0.0196457,0.063148,0.128422,0.110526,0.0635232,0.0897087,0.0606589,0.0507382
23.962993197,0.034979,0.0701492,0.11053,0.0571985,0.0129194,0.0481873,0.12736,0.128284,0.0568167,0.0569642,0.0431724,0.0459363
24.009433107,0.0275099,0.0643729,0.086209,0.0388517,0.00837192,0.0565006,0.145212,0.143664,0.0672194,0.0496042,0.0303718,0.0393401
24.055873016,0.0744014,0.0853358,0.0895069,0.0742799,0.0452177,0.0753111,0.151991,0.116049,0.063357,0.0596271,0.0571333,0.0689932
24.102312925,0.134001,0.149481,0.143741,0.142003,0.160739,0.13374,0.130427,0.140931,0.126606,0.102806,0.122147,0.137617
24.148752834,0.0660027,0.0958331,0.0852646,0.0693811,0.0706218,0.0691124,0.0630364,0.0551116,0.0742802,0.0749703,0.0596634,0.0603335
24.195192744,0.0449989,0.0629167,0.0368546,0.0284156,0.0563512,0.0602047,0.0496458,0.0480051,0.0674131,0.114249,0.0659659,0.029461
24.241632653,0.0246057,0.0471425,0.0247964,0.0245368,0.0488493,0.0404077,0.053625,0.0437946,0.0815176,0.143823,0.0701763,0.0221319
24.288072562,0.0284515,0.0329604,0.0179235,0.0134954,0.0244196,0.0295935,0.0420414,0.0309953,0.0387397,0.0501853,0.0258509,0.0152224
24.334512472,0.0623676,0.134434,0.126321,0.0395217,0.0412564,0.0668254,0.0814127,0.117399,0.100306,0.121537,0.0912958,0.0520815
24.380952381,0.0357947,0.101059,0.112198,0.0514463,0.0209069,0.0621127,0.0954395,0.114621,0.0806077,0.0658703,0.0700606,0.0337749
24.427392290,0.0367185,0.0973286,0.108502,0.0461892,0.00919882,0.0498313,0.133994,0.154827,0.0669787,0.0570547,0.0500069,0.0398539
24.473832200,0.0402354,0.0971439,0.101184,0.0414808,0.00973073,0.0416195,0.123176,0.142725,0.0577424,0.0429601,0.047632,0.0234463
24.520272109,0.0874416,0.127539,0.123802,0.0930629,0.0860394,0.0882554,0.13222,0.11265,0.0823791,0.0849542,0.087605,0.0622834
24.566712018,0.0843738,0.125863,0.114224,0.0853793,0.105537,0.110075,0.102489,0.0947979,0.102117,0.0815315,0.0933538,0.0904361
24.613151927,0.0585098,0.0758251,0.0498488,0.0389917,0.0325512,0.0599775,0.0619861,0.0394313,0.0457741,0.0364765,0.0462226,0.0431764
24.659591837,0.0355675,0.0953894,0.057726,0.0201593,0.0194367,0.075766,0.160868,0.076932,0.0594471,0.0356622,0.0447353,0.0280669
24.706031746,0.0439778,0.0921341,0.0451146,0.0104599,0.0231155,0.0911883,0.177821,0.083995,0.0353058,0.038934,0.0500912,0.0274015
24.752471655,0.070146,0.112215,0.0897152,0.0780201,0.081625,0.075567,0.0849766,0.0569569,0.0490351,0.0633534,0.0669311,0.0361155
24.798911565,0.0277297,0.037938,0.0700794,0.0525968,0.124082,0.0947739,0.0759789,0.0432504,0.0632453,0.093091,0.0322069,0.0519142
24.845351474,0.0192091,0.0313474,0.0692623,0.0784852,0.124742,0.0568236,0.0387194,0.0203468,0.0201305,0.0513375,0.0263217,0.0435446
24.891791383,0.0224134,0.0205517,0.0434484,0.0552193,0.128153,0.0607103,0.0216601,0.0105434,0.0190016,0.0369322,0.0315984,0.0475747
24.938231293,0.0439577,0.0405825,0.0524303,0.0802825,0.136957,0.076667,0.0259307,0.0257234,0.0324046,0.0395092,0.036742,0.0455928
24.984671202,0.15516,0.14548,0.16129,0.161596,0.163963,0.12745,0.106396,0.13837,0.13755,0.102241,0.140748,0.167203
25.031111111,0.0880796,0.0967485,0.0940312,0.0865693,0.0841597,0.0760983,0.0779166,0.0514873,0.0595442,0.0445538,0.038956,0.0537967
25.077551020,0.0937673,0.0561906,0.0652621,0.0554617,0.0216862,0.080627,0.166632,0.116588,0.0529244,0.040368,0.0737021,0.117131
25.123990930,0.124107,0.0518124,0.0605323,0.0459854,0.0180309,0.0794903,0.189672,0.102509,0.0237552,0.0197641,0.0539741,0.124518
25.170430839,0.117877,0.0716487,0.0705619,0.0500979,0.0202214,0.0764678,0.17665,0.0811792,0.0210991,0.0166897,0.0687919,0.143656
25.216870748,0.0866251,0.0748997,0.0667399,0.034359,0.0186522,0.0672391,0.12755,0.054856,0.0137645,0.0201636,0.0431284,0.0831796
25.263310658,0.030273,0.0351285,0.0339729,0.0170868,0.0076184,0.0560677,0.110587,0.0468137,0.00974691,0.011414,0.0254935,0.0511458
25.309750567,0.0536562,0.0506448,0.0489006,0.0362992,0.0442557,0.101467,0.156724,0.0915298,0.0566851,0.063296,0.0933689,0.107273
25.356190476,0.0807517,0.105455,0.0744077,0.0363524,0.0223145,0.0835278,0.209572,0.120921,0.0362044,0.0376919,0.0763786,0.102128
25.402630385,0.118311,0.150842,0.137211,0.0840748,0.0797683,0.157892,0.240094,0.159684,0.0714225,0.0748557,0.0763086,0.0799428
25.449070295,0.135022,0.140745,0.136715,0.113015,0.139705,0.109906,0.146711,0.136521,0.106571,0.086311,0.0789301,0.11264
25.495510204,0.102593,0.0819966,0.0687623,0.0611535,0.0662537,0.0706081,0.112643,0.085674,0.0540907,0.0473331,0.0443228,0.0582031
25.541950113,0.103547,0.0638163,0.0546512,0.0478021,0.0167971,0.0790404,0.163896,0.0835746,0.0234704,0.0353709,0.0456842,0.0738608
25.588390023,0.0881741,0.053908,0.0318063,0.0278701,0.0177225,0.0571072,0.130955,0.0661867,0.0200779,0.0170999,0.0252383,0.0534866
25.634829932,0.0742562,0.0679061,0.0407625,0.0374119,0.0185027,0.0504852,0.124345,0.0600907,0.038203,0.0315343,0.0328448,0.0441585
25.681269841,0.137139,0.0892785,0.0579581,0.041191,0.0543496,0.0847804,0.135613,0.0582899,0.0329469,0.0509213,0.0832474,0.130597
25.727709751,0.0604952,0.0670754,0.0603729,0.0340378,0.0143244,0.0867429,0.186733,0.0835276,0.008567,0.0293014,0.0773441,0.103246
25.774149660,0.0540294,0.0436422,0.0536686,0.0268727,0.00906563,0.0752868,0.177975,0.0898148,0.0114422,0.0175772,0.0515499,0.0961924
25.820589569,0.0614899,0.0702366,0.0750724,0.0342341,0.0225443,0.0805516,0.173051,0.089554,0.0159947,0.0256657,0.0576904,0.0935187
25.867029478,0.158138,0.137302,0.146382,0.161783,0.159502,0.140267,0.138678,0.125152,0.121282,0.142365,0.169065,0.170398
25.913469388,0.0918894,0.120947,0.101597,0.0829688,0.0883647,0.0827636,0.0737957,0.0710117,0.0768693,0.0777279,0.0494829,0.0840998
25.959909297,0.0535226,0.0477249,0.0354182,0.0424624,0.0691872,0.0506562,0.0287146,0.0241133,0.0459312,0.112181,0.0690871,0.0602811
26.006349206,0.0332611,0.0248016,0.0134588,0.0307516,0.0683523,0.0395176,0.0203211,0.0198659,0.0470646,0.125445,0.0739605,0.0406856
26.052789116,0.0171749,0.0202948,0.0160762,0.0225859,0.0498208,0.0306299,0.0215308,0.0182498,0.0511227,0.111672,0.0495027,0.0220732
26.099229025,0.0448671,0.0687709,0.120549,0.0961402,0.0701581,0.0721582,0.112684,0.142011,0.083943,0.1108,0.0725246,0.0531414
26.145668934,0.0285177,0.0433595,0.0912577,0.0622306,0.0764291,0.0679125,0.150008,0.174227,0.12224,0.157988,0.0849085,0.0218488
26.192108844,0.013291,0.0526705,0.0919124,0.0562291,0.0557604,0.0580479,0.110219,0.144006,0.0906949,0.126308,0.0661008,0.024544
26.238548753,0.0134187,0.0447417,0.081895,0.0542925,0.0636672,0.0442212,0.123993,0.154552,0.0826283,0.122513,0.0637261,0.0190102
26.284988662,0.0645964,0.0795679,0.108709,0.0793499,0.0653839,0.0631925,0.132423,0.132684,0.0920684,0.109485,0.0456759,0.0352661
26.331428571,0.11684,0.128142,0.122574,0.11033,0.139782,0.134848,0.120105,0.126022,0.124208,0.0928193,0.119013,0.10946
26.377868481,0.0749426,0.0917232,0.0744837,0.0446229,0.0658233,0.0701567,0.0626049,0.0327405,0.0409555,0.0547982,0.0399258,0.0620426
26.424308390,0.0646426,0.0719215,0.0468769,0.0434615,0.0664499,0.0771215,0.142894,0.0643644,0.0439758,0.0756475,0.0427861,0.0567487
26.470748299,0.0341307,0.0662965,0.05524,0.0440787,0.0596502,0.0831885,0.153618,0.0655396,0.0558803,0.0871335,0.0566386,0.0406426
26.517188209,0.0363458,0.0409561,0.0548806,0.0391597,0.0551929,0.0558782,0.0846521,0.0595637,0.0481009,0.0839515,0.0408617,0.0257347
26.563628118,0.025911,0.0368602,0.0733523,0.0433488,0.0222501,0.0304646,0.07776,0.122944,0.0708861,0.125281,0.0720071,0.0185708
26.610068027,0.00881756,0.0351117,0.084275,0.0474925,0.0198292,0.0171947,0.0824627,0.130938,0.0792096,0.0798433,0.045093,0.0216154
26.656507937,0.00535572,0.0300275,0.0742259,0.0403279,0.0105463,0.0131692,0.0561286,0.130062,0.0635098,0.0445063,0.0259395,0.00726316
26.702947846,0.0193906,0.0393195,0.0730406,0.0426612,0.0196628,0.0182175,0.0750963,0.143096,0.0698618,0.0280533,0.0207865,0.013333
26.749387755,0.141895,0.130663,0.132225,0.121417,0.109391,0.0906592,0.0892491,0.0990993,0.0991194,0.100861,0.108059,0.107711
26.795827664,0.0841598,0.111614,0.103899,0.0749665,0.0963839,0.0799622,0.0872926,0.0804369,0.0894608,0.0761362,0.0643874,0.0779601
26.842267574,0.0705127,0.0727128,0.0897378,0.0650829,0.0293795,0.0575924,0.110035,0.0930079,0.0618293,0.0438063,0.0461634,0.0671669
26.888707483,0.0358969,0.0510299,0.0668758,0.0437845,0.0250585,0.0674259,0.151416,0.131157,0.04703,0.041193,0.04063,0.080873
26.935147392,0.0416249,0.0466516,0.0803252,0.047574,0.0312862,0.038196,0.147034,0.125482,0.0512092,0.0269553,0.0322311,0.0773993
26.981587302,0.0415856,0.0535105,0.0724136,0.0463054,0.0230579,0.0697268,0.141028,0.0973901,0.0339539,0.0250352,0.04001,0.0694297
27.028027211,0.0405283,0.0368744,0.0309618,0.0152318,0.00771585,0.0492532,0.115208,0.0715176,0.0179229,0.00792129,0.0318715,0.0585749
27.074467120,0.0285615,0.0389253,0.036844,0.0193115,0.0161635,0.0525865,0.115259,0.0643082,0.0275848,0.026059,0.0313379,0.0534882
27.120907029,0.047843,0.0854364,0.154283,0.105648,0.027968,0.0448122,0.114795,0.147235,0.0951333,0.028205,0.0451104,0.091003
27.167346939,0.0800988,0.110779,0.163598,0.0992115,0.0461324,0.0809269,0.154058,0.10952,0.0783926,0.0448794,0.060678,0.102387
27.213786848,0.155722,0.143473,0.131727,0.130041,0.15483,0.131163,0.100902,0.12283,0.117348,0.0914843,0.11428,0.161056
27.260226757,0.0926631,0.102966,0.0974771,0.0694743,0.0713179,0.0762417,0.107977,0.0742603,0.0683975,0.0459056,0.036821,0.0689335
27.306666667,0.0511201,0.0553796,0.0650926,0.0408225,0.023098,0.0542314,0.147441,0.120077,0.0529936,0.0285267,0.0479839,0.0887826
27.353106576,0.0448862,0.0468063,0.0505328,0.0288026,0.0134011,0.0486215,0.115538,0.0967117,0.0363854,0.0248065,0.0353708,0.0602777
27.399546485,0.0226553,0.0368058,0.0376164,0.0166877,0.0186768,0.042611,0.118893,0.0896942,0.0309721,0.0191429,0.0202782,0.0249922
27.445986395,0.104371,0.112014,0.0878208,0.0616893,0.0477228,0.027406,0.0967684,0.134754,0.107194,0.0437053,0.0341633,0.0653483
27.492426304,0.0343268,0.0702795,0.108467,0.0465194,0.0193638,0.0715653,0.1554,0.121982,0.058529,0.0611114,0.0624349,0.0512952
27.538866213,0.0288804,0.0694245,0.0993499,0.04141,0.00789534,0.0506679,0.158024,0.147691,0.0518799,0.0499031,0.0391536,0.0421143
27.585306122,0.0357124,0.0759297,0.0979271,0.0430634,0.0172489,0.0587634,0.155345,0.131949,0.0539196,0.0410635,0.0355969,0.0455753
27.631746032,0.100409,0.0944963,0.11137,0.12635,0.101722,0.0954636,0.125587,0.0945027,0.0802659,0.101922,0.0940322,0.0964256
27.678185941,0.0918632,0.136328,0.119371,0.0804741,0.108789,0.110913,0.104757,0.101675,0.100582,0.081366,0.0820831,0.085163
27.724625850,0.0593528,0.0772312,0.0610872,0.0384141,0.0417139,0.0453266,0.0450311,0.0374863,0.0431702,0.058915,0.0345449,0.0399526
27.771065760,0.0253264,0.0555024,0.0283504,0.0260564,0.045964,0.0318322,0.048906,0.0377689,0.0515268,0.101485,0.064165,0.0149181
27.817505669,0.0189656,0.0383275,0.0201577,0.0280095,0.0483503,0.0357525,0.0469656,0.0366872,0.0556839,0.108514,0.0682195,0.0234964
27.863945578,0.0706855,0.0851981,0.0656005,0.0451597,0.0377386,0.0462322,0.0749077,0.0699682,0.0591849,0.0498956,0.0404984,0.0352794
27.910385488,0.0538361,0.142264,0.135264,0.040003,0.0252306,0.0604921,0.0970516,0.125024,0.0545626,0.104081,0.0878116,0.0507171
27.956825397,0.0379689,0.0848509,0.106476,0.0471384,0.0131543,0.0455968,0.109029,0.137998,0.069848,0.0712769,0.0755883,0.0509817
28.003265306,0.0341002,0.0980313,0.0900701,0.0327643,0.0165054,0.0444828,0.121267,0.149879,0.0601987,0.0473697,0.0482549,0.0375575
28.049705215,0.059074,0.113364,0.104218,0.051804,0.0254238,0.0480456,0.128248,0.128851,0.0709585,0.0538516,0.0638159,0.03613
28.096145125,0.152362,0.176688,0.189533,0.16533,0.148119,0.141981,0.144618,0.160948,0.144784,0.119075,0.121349,0.132474
28.142585034,0.0759276,0.0925406,0.0778318,0.0701768,0.07878,0.0799711,0.0868276,0.057779,0.0697471,0.0556913,0.0572017,0.0484747
28.189024943,0.0559444,0.0920378,0.0568376,0.0306372,0.0249344,0.0733455,0.131942,0.0977513,0.0698211,0.0535839,0.0534692,0.0413681
28.235464853,0.0289206,0.0872843,0.0535474,0.0126371,0.0235398,0.0851181,0.169598,0.0841102,0.0403732,0.0246999,0.0528823,0.0431073
28.281904762,0.0392586,0.0796108,0.0503223,0.0232963,0.0262037,0.0671784,0.138683,0.0669997,0.0267735,0.0311165,0.0520495,0.0274606
28.328344671,0.0498491,0.0613082,0.101839,0.0958672,0.119076,0.0763252,0.0748906,0.160183,0.119573,0.0419626,0.0505734,0.0760304
28.374784580,0.0334446,0.0430668,0.0947157,0.0505296,0.128194,0.0761271,0.0695018,0.104411,0.0533806,0.0215805,0.0383262,0.0749941
28.421224490,0.0167022,0.0309968,0.0720707,0.0398163,0.13176,0.0755014,0.0529365,0.0878094,0.0486063,0.00841634,0.0319534,0.05604
28.467664399,0.0202454,0.0264525,0.0603746,0.0718343,0.128049,0.0566001,0.0312301,0.0653514,0.0397987,0.00976709,0.0195138,0.039342
28.514104308,0.0907278,0.0912958,0.096484,0.0948662,0.108368,0.0863713,0.0770781,0.0925738,0.0751624,0.0557045,0.0638978,0.0738777
28.560544218,0.118051,0.126816,0.131196,0.105992,0.126968,0.113799,0.116477,0.11815,0.101456,0.10446,0.101039,0.097168
28.606984127,0.0857327,0.0890319,0.0740434,0.0449324,0.0642181,0.0757338,0.0739798,0.0439456,0.0387007,0.0547865,0.0557248,0.0695111
28.653424036,0.0951624,0.0870968,0.0589714,0.0494933,0.0403697,0.0913268,0.180817,0.0901137,0.0229675,0.0345332,0.0671991,0.0879887
28.699863946,0.156302,0.172468,0.10929,0.0391702,0.0418206,0.0650412,0.166268,0.0932388,0.0235068,0.0309588,0.0696052,0.115489
28.746303855,0.12599,0.147095,0.0990827,0.0523007,0.0199031,0.0762015,0.159916,0.0743473,0.0385316,0.0453825,0.0663707,0.0910455
28.792743764,0.0716761,0.127144,0.083584,0.0237107,0.0165132,0.048063,0.116651,0.0659664,0.0321284,0.0237434,0.0262734,0.0376602
28.839183673,0.100497,0.145451,0.0891,0.0553543,0.0507706,0.0899198,0.139301,0.0965345,0.0603898,0.0494086,0.0386405,0.0447648
28.885623583,0.126587,0.163731,0.147796,0.127647,0.147008,0.126349,0.107592,0.129596,0.125321,0.0840841,0.105879,0.1155
28.932063492,0.0776122,0.109738,0.066528,0.0567404,0.0586157,0.0647315,0.0850741,0.0473007,0.0618111,0.0591031,0.0557795,0.0526917
28.978503401,0.0874332,0.125398,0.0724564,0.0343862,0.0373675,0.071249,0.0864224,0.0566762,0.0698894,0.0738608,0.10245,0.114102
29.024943311,0.121104,0.106277,0.0863432,0.0250114,0.0659536,0.0818452,0.0628558,0.0397661,0.0595035,0.0464541,0.073525,0.129623
29.071383220,0.147228,0.086345,0.068165,0.029946,0.0299191,0.0874292,0.0803779,0.0401508,0.0395044,0.0503949,0.0510716,0.101162
29.117823129,0.101514,0.117975,0.0810191,0.0228973,0.0147912,0.0416633,0.0908967,0.0517212,0.0272333,0.0386072,0.0755302,0.0661149
29.164263039,0.0760661,0.109488,0.0817546,0.0573499,0.0433939,0.0811201,0.106831,0.0609734,0.0488837,0.0692623,0.0613088,0.0460116
29.210702948,0.119554,0.12101,0.148989,0.159324,0.15345,0.141617,0.129283,0.140676,0.143017,0.0954274,0.140052,0.139941
29.257142857,0.0812357,0.106085,0.0874156,0.0846723,0.0868086,0.0824581,0.0806802,0.0587916,0.0612687,0.059161,0.0477693,0.0451906
29.303582766,0.0697673,0.114273,0.099856,0.0799684,0.0338215,0.0399133,0.08669,0.0641566,0.0328099,0.0485958,0.091982,0.0784546
29.350022676,0.0648517,0.10645,0.122557,0.0578941,0.0239805,0.056809,0.125012,0.0695377,0.0343128,0.0558651,0.0731625,0.0944356
29.396462585,0.0868491,0.17142,0.168126,0.0655599,0.025031,0.0498885,0.118082,0.0651925,0.0339419,0.0306141,0.0525877,0.0959404
29.442902494,0.0922141,0.137548,0.172566,0.0978919,0.0771196,0.0476304,0.0688826,0.0972155,0.123608,0.0869619,0.0485846,0.0525107
29.489342404,0.0506581,0.11676,0.162872,0.0911692,0.0326275,0.0344035,0.0947456,0.0620788,0.0772095,0.114229,0.0770171,0.0781129
29.535782313,0.0473584,0.101735,0.150609,0.0835158,0.0295018,0.0341995,0.0849139,0.0424459,0.0647415,0.109618,0.0661422,0.0661929
29.582222222,0.0437447,0.0917253,0.153681,0.0836904,0.0166867,0.0256929,0.071476,0.0296708,0.0231585,0.081189,0.0590661,0.0577284
29.628662132,0.0686167,0.157774,0.229287,0.123806,0.0660569,0.107722,0.164115,0.101887,0.111902,0.135949,0.103049,0.0890067
29.675102041,0.113043,0.143803,0.132597,0.122296,0.0834103,0.104128,0.127258,0.0946743,0.114296,0.110745,0.0935547,0.0885015
29.721541950,0.0598469,0.0798755,0.0978963,0.0789621,0.0433789,0.075451,0.120339,0.0598415,0.0390842,0.0669669,0.0424054,0.0379488
29.767981859,0.0292,0.0924357,0.131373,0.0796605,0.0284817,0.0951899,0.144293,0.0766016,0.0463385,0.0678689,0.0458835,0.0212606
29.814421769,0.0655146,0.149598,0.161419,0.0721653,0.0206203,0.0568031,0.175645,0.128435,0.0322655,0.0297903,0.0294389,0.0270115
29.860861678,0.111887,0.154365,0.136804,0.081558,0.0634781,0.0820411,0.135588,0.125108,0.0682473,0.0993333,0.10079,0.115442
29.907301587,0.152732,0.11914,0.0885584,0.0457528,0.0434662,0.0446631,0.0906651,0.0683227,0.0741033,0.0530605,0.0597164,0.152376
29.953741497,0.0439127,0.0635075,0.097603,0.0428217,0.0252845,0.0658053,0.0779749,0.0484665,0.0711256,0.074847,0.0617714,0.0647913
30.000181406,0.0197186,0.0448187,0.0388667,0.103589,0.0805451,0.0181975,0.0206181,0.0339733,0.0518566,0.0356504,0.0369449,0.0381837
30.046621315,0.0269732,0.0440149,0.0277432,0.0564937,0.128799,0.0659433,0.0202324,0.0171804,0.0241366,0.0177573,0.0226537,0.0314786
30.093061224,0.0874939,0.0554932,0.0438851,0.0755296,0.136663,0.0783219,0.0662703,0.0473214,0.0276425,0.0456307,0.0789123,0.117984
30.139501134,0.106311,0.0728338,0.121433,0.096105,0.0298882,0.039182,0.0875733,0.0482747,0.039808,0.051629,0.0594846,0.120302
30.185941043,0.0681309,0.0655067,0.136469,0.0717787,0.0236009,0.0210448,0.0343068,0.0152798,0.0387245,0.0613458,0.0897817,0.139335
30.232380952,0.0682068,0.0976094,0.143174,0.0820065,0.0365738,0.0234836,0.0201597,0.0320729,0.0313156,0.0433978,0.0809559,0.100542
30.278820862,0.116919,0.111469,0.0814155,0.0418519,0.0155898,0.022135,0.0439585,0.0318143,0.0477328,0.0745813,0.0390058,0.0788889
30.325260771,0.0555397,0.0577523,0.121795,0.119377,0.051428,0.0397532,0.101458,0.129054,0.0845677,0.0555567,0.0500625,0.0992608
30.371700680,0.0327292,0.0430299,0.0920035,0.118997,0.120441,0.0605379,0.13139,0.136491,0.0688603,0.0540275,0.0543581,0.0821519
30.418140590,0.0368977,0.0390816,0.0511928,0.0421666,0.0819631,0.0907001,0.145328,0.115338,0.0465073,0.0255323,0.0345841,0.0654368
30.464580499,0.0192296,0.0385295,0.0567892,0.0404352,0.0310458,0.101155,0.150448,0.110129,0.0453572,0.0246565,0.0361375,0.044662
30.511020408,0.031343,0.0452211,0.0495985,0.0246915,0.0120179,0.0783083,0.174208,0.124263,0.0415513,0.026377,0.0351554,0.0397943
30.557460317,0.0288064,0.036042,0.0531918,0.0406282,0.0266646,0.0490315,0.148816,0.118353,0.039022,0.0195656,0.0385904,0.0523819
30.603900227,0.0236881,0.0349235,0.0378092,0.0214415,0.0299364,0.0826973,0.154357,0.116025,0.0478313,0.0268141,0.0482631,0.0511898
30.650340136,0.0208135,0.039083,0.072041,0.0403254,0.0290655,0.0303897,0.0847266,0.0858618,0.0519656,0.044956,0.061947,0.0520077
30.696780045,0.0234471,0.0225269,0.0560233,0.037529,0.0182826,0.0484917,0.0948807,0.0783816,0.047218,0.0222317,0.0340182,0.0560536
30.743219955,0.0345331,0.0261564,0.0528306,0.0344173,0.0197521,0.0322431,0.0725306,0.0849243,0.0476183,0.0174168,0.0358941,0.0596395
30.789659864,0.0181054,0.0340695,0.0563949,0.0342332,0.0173226,0.0290393,0.0726238,0.0842258,0.0412216,0.0179802,0.0289657,0.036141
30.836099773,0.0320899,0.0255434,0.0350386,0.0171264,0.0195517,0.0388945,0.078027,0.0842249,0.0416863,0.0233802,0.0327412,0.0585883
30.882539683,0.0195351,0.0192484,0.0366811,0.0177267,0.014185,0.0306938,0.0782548,0.0880393,0.0456736,0.0209844,0.0247129,0.0354471
30.928979592,0.0139963,0.0184788,0.0325518,0.017681,0.0145763,0.0251323,0.0893387,0.0964137,0.0365894,0.0116933,0.024463,0.0317578
30.975419501,0.0203917,0.0229909,0.0257521,0.0244344,0.0169328,0.0268656,0.0801012,0.0859415,0.0343656,0.0075595,0.0178813,0.0395123
31.021859410,0.0623837,0.0292779,0.034167,0.0204542,0.0235081,0.039554,0.103799,0.109793,0.0383905,0.0174276,0.0293972,0.0546236
31.068299320,0.0581566,0.0130324,0.0320629,0.0420171,0.0233202,0.0436108,0.127857,0.124236,0.0471873,0.0183556,0.0393863,0.0994185
31.114739229,0.0422329,0.014939,0.039929,0.0277322,0.00812407,0.0228064,0.0879509,0.0965362,0.0388657,0.0164253,0.0638903,0.110958
31.161179138,0.041707,0.0189335,0.0397575,0.0245563,0.0106976,0.0284809,0.0700172,0.0772047,0.0313442,0.0188328,0.0584411,0.106357
31.207619048,0.0710236,0.0519797,0.0632718,0.0492921,0.031921,0.0541651,0.0626885,0.0700722,0.0434626,0.0483544,0.0908428,0.129843
31.254058957,0.0334594,0.0547651,0.0435563,0.055101,0.0191628,0.0666265,0.149933,0.0915082,0.0417867,0.0441564,0.0543957,0.0715527
31.300498866,0.0547297,0.0547044,0.0324295,0.0365861,0.0237757,0.0534982,0.122626,0.0564179,0.0162911,0.0367641,0.062221,0.0871438
31.346938776,0.0483805,0.0454804,0.0396358,0.0266402,0.0130088,0.053108,0.122496,0.0651518,0.015792,0.028584,0.0759234,0.115199
31.393378685,0.0544676,0.0415779,0.0309378,0.0245495,0.0146532,0.0555282,0.137384,0.0742282,0.0179105,0.032281,0.0562179,0.103881
31.439818594,0.0299912,0.0392937,0.0203623,0.0107491,0.0128629,0.0497946,0.112882,0.0688014,0.0503841,0.0886935,0.10012,0.0482427
31.486258503,0.0360948,0.0385868,0.128084,0.0848729,0.0222254,0.0801123,0.151356,0.0675121,0.0220793,0.0251221,0.0511009,0.0402527
31.532698413,0.0267846,0.079572,0.153499,0.060968,0.0107827,0.0499253,0.106023,0.0589973,0.0268822,0.0388024,0.041986,0.04188
31.579138322,0.0310406,0.123976,0.160553,0.0535115,0.0132356,0.0508641,0.107549,0.0577141,0.027563,0.0500074,0.0430183,0.027577
31.625578231,0.0185423,0.0451187,0.125978,0.0786156,0.0199461,0.0534034,0.115919,0.0600286,0.0216979,0.0532849,0.0567281,0.0216603
31.672018141,0.025678,0.0503435,0.0998188,0.0555266,0.00843272,0.0618863,0.133718,0.0589408,0.0306049,0.0659348,0.0570474,0.0300097
31.718458050,0.0422431,0.076406,0.0322825,0.0142769,0.0192181,0.0739728,0.116357,0.089802,0.0929667,0.0556437,0.0394166,0.025445
31.764897959,0.0394819,0.0768855,0.0420968,0.0130088,0.0210688,0.0690327,0.11095,0.0971794,0.0981728,0.051749,0.0379908,0.0250822
31.811337868,0.0150597,0.0501986,0.0328503,0.011981,0.00638952,0.0401263,0.098587,0.0527694,0.0160394,0.0228251,0.0356315,0.0229447
31.857777778,0.0172955,0.0407482,0.0321393,0.0193123,0.0134764,0.0442018,0.0969159,0.0489976,0.0189098,0.0174416,0.045546,0.0334223
31.904217687,0.0617695,0.0541371,0.0331342,0.0118834,0.0101719,0.0557778,0.120917,0.0590218,0.00875725,0.0199844,0.059037,0.138435
31.950657596,0.0537835,0.0344117,0.0184247,0.0163717,0.00768604,0.0560099,0.130082,0.0650863,0.0153349,0.0188689,0.0603379,0.120881
31.997097506,0.0247578,0.0325987,0.0115973,0.00813031,0.00641895,0.0377425,0.0905207,0.0592362,0.03674,0.0445409,0.039817,0.0305676
32.043537415,0.0194506,0.034129,0.0179866,0.00489714,0.00859914,0.0391496,0.0753839,0.0373992,0.0135845,0.0125383,0.0204327,0.0143937
32.089977324,0.0483585,0.0461699,0.0425712,0.0339114,0.0285763,0.0478496,0.0630107,0.0419287,0.0267998,0.0310684,0.0489928,0.0578014
32.136417234,0.0713129,0.0249827,0.0478255,0.0289058,0.00988489,0.0452182,0.086193,0.0440605,0.00934102,0.0190961,0.0684093,0.139724
32.182857143,0.0806281,0.0366466,0.0532597,0.0288399,0.0114484,0.0471971,0.131995,0.0738436,0.0139134,0.0154806,0.0631237,0.138977
32.229297052,0.0666855,0.0257944,0.0586462,0.0442749,0.0135767,0.0586846,0.157614,0.0843697,0.00952937,0.00951045,0.0594553,0.136245
32.275736961,0.0629397,0.024651,0.0617825,0.0476829,0.0157917,0.0772729,0.170177,0.0808183,0.00700853,0.0103417,0.0636719,0.132657
32.322176871,0.0490935,0.0221178,0.0721174,0.0524921,0.0102704,0.0811537,0.163548,0.0707781,0.00731659,0.0163232,0.0571839,0.107607
32.368616780,0.0660439,0.0266235,0.0489112,0.0383789,0.0126859,0.0572356,0.161458,0.0966553,0.0149081,0.0134973,0.0443653,0.0987352
32.415056689,0.0738508,0.0151099,0.0489556,0.0304065,0.00952004,0.0680161,0.149468,0.0704343,0.00734905,0.010916,0.0905673,0.173516
32.461496599,0.102177,0.0259452,0.0422072,0.0236563,0.00753101,0.054414,0.14554,0.0802327,0.0107684,0.00840313,0.0762416,0.189703
32.507936508,0.0529187,0.0226622,0.0514469,0.0217521,0.0176662,0.0603141,0.106357,0.0570229,0.0236343,0.0563784,0.0950156,0.109297
32.554376417,0.0307847,0.0261835,0.0443535,0.0306817,0.0190185,0.0424553,0.0958714,0.0524717,0.0116538,0.0293073,0.0432517,0.0633447
32.600816327,0.0323469,0.0257278,0.0409209,0.0211721,0.0109714,0.0468834,0.0974234,0.051944,0.00805717,0.00826985,0.0331816,0.0685441
32.647256236,0.0282581,0.0182171,0.0357106,0.0174702,0.00474508,0.038694,0.0874693,0.0427008,0.00521153,0.00807271,0.0308535,0.0629329
32.693696145,0.0272773,0.018528,0.0366795,0.018819,0.00429257,0.0342035,0.0841834,0.0424633,0.00549586,0.00551206,0.0271202,0.0574145
32.740136054,0.0244993,0.020068,0.0361742,0.0167289,0.0032705,0.0325415,0.0772132,0.0403703,0.00640555,0.00840527,0.0255517,0.049472
32.786575964,0.0198496,0.0184323,0.0328321,0.0162982,0.00537691,0.0305402,0.0699427,0.0337841,0.00282248,0.00566387,0.0240835,0.04433
32.833015873,0.0201404,0.0172961,0.0323094,0.0162212,0.00517127,0.0288482,0.0635943,0.0318199,0.00424847,0.00552238,0.0229747,0.0417091
32.879455782,0.01898,0.0143465,0.0284345,0.0122145,0.00278775,0.0238897,0.0545853,0.0259125,0.00244313,0.00375303,0.0207784,0.0398331
32.925895692,0.0186245,0.0161421,0.0322146,0.0146464,0.00402172,0.0230332,0.0499989,0.0257145,0.0040486,0.00510409,0.0201592,0.0393271
32.972335601,0.049268,0.118285,0.0937037,0.045036,0.0392806,0.0423716,0.0548951,0.0402177,0.038758,0.0533629,0.0546268,0.070653
33.018775510,0.0605257,0.0842512,0.0606169,0.0679355,0.0652693,0.0464168,0.0852532,0.0430636,0.093843,0.144445,0.071792,0.0252803
33.065215420,0.00979779,0.0200359,0.0477506,0.0361874,0.0782338,0.0861894,0.100513,0.0628542,0.0856912,0.180269,0.098536,0.0144841
33.111655329,0.0497434,0.0209019,0.0488719,0.0311551,0.0255171,0.0540278,0.111594,0.0596716,0.0621721,0.14286,0.0887108,0.111073
33.158095238,0.0576153,0.0213716,0.0431878,0.0203532,0.0258193,0.0499013,0.0947261,0.0510171,0.0550202,0.13122,0.105229,0.144094
33.204535147,0.0769669,0.028472,0.0404183,0.0263834,0.0237984,0.0512345,0.103175,0.053845,0.0598699,0.128534,0.102485,0.136529
33.250975057,0.0264918,0.0229503,0.0447479,0.0286043,0.0235734,0.065493,0.193096,0.120641,0.0615344,0.120922,0.0632976,0.0658501
33.297414966,0.0345836,0.0214115,0.0477816,0.0347278,0.0223612,0.0725261,0.160199,0.0781613,0.073753,0.130764,0.0748429,0.0919624
33.343854875,0.0574515,0.0233021,0.0465632,0.0360878,0.0205489,0.0621719,0.162236,0.0852375,0.0675592,0.132799,0.0918319,0.108911
33.390294785,0.0360498,0.026346,0.0463637,0.0331771,0.0201251,0.0715031,0.16977,0.0846573,0.0655172,0.128072,0.0804849,0.0967608
33.436734694,0.0489852,0.0239255,0.0456513,0.0255459,0.0220814,0.0486856,0.10311,0.0511918,0.0496017,0.0994824,0.078984,0.0795364
33.483174603,0.0443095,0.0221281,0.0409662,0.0217424,0.0171184,0.0376894,0.0913391,0.0448856,0.039743,0.0862521,0.0517783,0.093223
33.529614512,0.0567748,0.0195725,0.0373194,0.0279988,0.0221974,0.0448599,0.101225,0.0518574,0.0406275,0.0842311,0.0630648,0.115584
33.576054422,0.0121826,0.023359,0.0430902,0.0234311,0.025763,0.0461123,0.0622698,0.062715,0.0795711,0.115086,0.0894699,0.0423524
33.622494331,0.0177956,0.0219316,0.0365703,0.0143371,0.0189372,0.036039,0.0843492,0.0988656,0.0805922,0.0671163,0.0505103,0.0260829
33.668934240,0.181191,0.0996323,0.0412772,0.0196074,0.0176361,0.0339809,0.0709598,0.0395182,0.0434369,0.0654753,0.0457402,0.111127
33.715374150,0.0854377,0.0407095,0.0420873,0.0212489,0.0179187,0.0338503,0.0815226,0.0432967,0.0343028,0.0609142,0.0667842,0.173202
33.761814059,0.0716561,0.0406045,0.0367227,0.0185078,0.0346135,0.044837,0.0720106,0.0358394,0.0342317,0.0794381,0.103565,0.112652
33.808253968,0.0127131,0.0134685,0.0276428,0.0311851,0.0528517,0.0501876,0.0666214,0.0630119,0.0803347,0.0891949,0.0427935,0.0298669
33.854693878,0.022572,0.0187202,0.0333745,0.0364411,0.0588121,0.0513504,0.0420547,0.0580808,0.0452395,0.0509993,0.0429124,0.0331976
33.901133787,0.0274782,0.0580738,0.105216,0.118773,0.101099,0.0422862,0.0577235,0.0639936,0.0521903,0.0401839,0.0652628,0.0949169
33.947573696,0.0263016,0.0258798,0.0550943,0.0717734,0.120123,0.0690403,0.0710797,0.0571831,0.0495252,0.0188278,0.0331865,0.0777817
33.994013605,0.0324795,0.0251679,0.0539833,0.0297415,0.0641006,0.109408,0.0906401,0.05337,0.0409183,0.0200418,0.0264797,0.0600472
34.040453515,0.022179,0.0392049,0.059788,0.0286684,0.01219,0.0474835,0.106528,0.0956486,0.0389773,0.019143,0.0357059,0.0479538
34.086893424,0.0183377,0.0302413,0.0502359,0.0235281,0.00734375,0.0292705,0.0819934,0.0750426,0.0367247,0.0124925,0.021273,0.0438146
34.133333333,0.0142022,0.0277322,0.0429449,0.030251,0.0303645,0.0527753,0.0808805,0.0657506,0.0336626,0.0155893,0.0285258,0.0424175
34.179773243,0.0408309,0.0262835,0.0438248,0.0334092,0.0188689,0.0334685,0.0780816,0.0813128,0.0351096,0.0192163,0.0268193,0.0513191
34.226213152,0.0179563,0.0221307,0.039806,0.0178144,0.0096124,0.0320375,0.0822013,0.0817125,0.0357382,0.0146383,0.0280607,0.0448906
34.272653061,0.0174526,0.0185877,0.0396514,0.0182118,0.0072811,0.0247721,0.0654835,0.0774945,0.0323213,0.00481362,0.0201323,0.0414075
34.319092971,0.0119312,0.0205817,0.0419977,0.0203377,0.00637431,0.0249578,0.0679451,0.0764647,0.0325907,0.00618763,0.0189465,0.0360454
34.365532880,0.0252065,0.0217843,0.043723,0.0252349,0.0106901,0.0168693,0.0627148,0.0749235,0.0372713,0.0190643,0.0301452,0.0560973
34.411972789,0.0510454,0.0130199,0.0333688,0.0190001,0.00616721,0.0223669,0.0708923,0.0774447,0.0360585,0.00962829,0.0447672,0.105785
34.458412698,0.0432133,0.0190156,0.0320653,0.0147985,0.00491807,0.020219,0.0596411,0.06966,0.0386537,0.011632,0.0482378,0.0989329
34.504852608,0.0989766,0.0318239,0.0315456,0.0181037,0.00447369,0.0156462,0.0557533,0.0712693,0.0334139,0.0099783,0.022052,0.0982459
34.551292517,0.0239036,0.0122862,0.0226789,0.0324475,0.0473392,0.0442405,0.055078,0.0541659,0.033825,0.0255488,0.0709087,0.0667687
34.597732426,0.0442573,0.0117274,0.0278523,0.0263493,0.0384522,0.026648,0.0494126,0.0555156,0.034747,0.0215168,0.0605014,0.108892
34.644172336,0.0948367,0.0337383,0.0251286,0.0204232,0.0327241,0.0326214,0.0561493,0.0557012,0.0248646,0.0306693,0.046857,0.124227
34.690612245,0.0131847,0.0122132,0.0255961,0.0199323,0.0285328,0.0299474,0.0520476,0.060504,0.0366427,0.0160275,0.0144368,0.0252103
34.737052154,0.0321616,0.0328941,0.0566076,0.0715918,0.0662364,0.0537181,0.0638435,0.0668526,0.0440028,0.0198492,0.0311749,0.0273599
34.783492063,0.0319039,0.0614087,0.0459572,0.0403089,0.0295858,0.0463692,0.103417,0.0764579,0.0468143,0.0571276,0.0943233,0.0666642
34.829931973,0.125382,0.0920621,0.0348107,0.00768259,0.0099382,0.0477413,0.108044,0.0630876,0.0258651,0.031031,0.0543926,0.0779912
34.876371882,0.0313306,0.151285,0.120329,0.0191833,0.0137346,0.0489556,0.104629,0.0533814,0.0269743,0.0347258,0.043124,0.0218804
34.922811791,0.0472893,0.0996249,0.0441556,0.0110913,0.0419842,0.107195,0.133488,0.0809587,0.0635464,0.0447978,0.0459744,0.0245301
34.969251701,0.0431309,0.0737197,0.0380386,0.0167526,0.0292988,0.0438187,0.112788,0.0736534,0.0344146,0.0372051,0.0549857,0.034175
35.015691610,0.0239007,0.0329167,0.0458792,0.0333807,0.00852171,0.0570299,0.127096,0.0696838,0.0264152,0.0890841,0.0750636,0.0275576
35.062131519,0.0221714,0.032689,0.0700762,0.0574906,0.0242214,0.0598449,0.14649,0.0863387,0.0183295,0.0570861,0.0651537,0.0154017
35.108571429,0.0153617,0.0403205,0.0260256,0.0199869,0.0396617,0.0685521,0.106409,0.0545117,0.0115784,0.0140041,0.0279409,0.0166242
35.155011338,0.0195769,0.0431156,0.0235867,0.0206477,0.0378539,0.0628152,0.103247,0.0541284,0.0111051,0.021134,0.0374037,0.0224405
35.201451247,0.0177039,0.0416312,0.0190127,0.00910048,0.0228814,0.055522,0.106742,0.050069,0.0139747,0.0230993,0.0366696,0.0211062
35.247891156,0.0241321,0.0719558,0.0950873,0.0577237,0.0357039,0.0588332,0.113298,0.057138,0.0237795,0.0375575,0.04236,0.0269961
35.294331066,0.0367972,0.0796723,0.0382723,0.0111109,0.0382367,0.0775947,0.106694,0.0564352,0.0267753,0.030326,0.0428491,0.0237034
35.340770975,0.0465126,0.107403,0.053811,0.00639405,0.0103982,0.045303,0.0992041,0.0520913,0.0296604,0.027024,0.031951,0.0181625
35.387210884,0.0468754,0.0837168,0.0446639,0.0112242,0.0152309,0.0568823,0.100112,0.058528,0.0314268,0.0241209,0.0394582,0.0254719
35.433650794,0.0962168,0.0577775,0.0342267,0.0442777,0.0244382,0.0639558,0.13459,0.0676203,0.017951,0.0259088,0.0358107,0.112212
35.480090703,0.0428938,0.0518501,0.0421833,0.0353228,0.0174229,0.0635657,0.152078,0.0733949,0.0178289,0.0199959,0.0498861,0.101747
35.526530612,0.0566322,0.0425609,0.0268245,0.0182613,0.0127312,0.0389977,0.106442,0.0631209,0.0214187,0.0366568,0.0897052,0.0993076
35.572970522,0.0552044,0.0438827,0.0212988,0.00328704,0.00586386,0.0490902,0.103291,0.0504393,0.0129762,0.0125951,0.076208,0.151053
35.619410431,0.0720588,0.0394698,0.0224259,0.0127082,0.0132901,0.0374103,0.090002,0.0534442,0.0161888,0.00422491,0.0730487,0.144137
35.665850340,0.0805006,0.0252728,0.0556229,0.0298872,0.0147473,0.0577709,0.108577,0.0553212,0.0235368,0.0371453,0.08556,0.145229
35.712290249,0.07262,0.0164947,0.049862,0.0353623,0.0114692,0.0539169,0.122678,0.0555879,0.0141093,0.0136834,0.0727247,0.156588
35.758730159,0.0637496,0.0265267,0.0586286,0.0382592,0.0118506,0.0614802,0.136897,0.0683612,0.0101649,0.0123961,0.0566328,0.131959
35.805170068,0.0676531,0.0217796,0.057692,0.0496276,0.0175348,0.0505509,0.129453,0.0706847,0.00911827,0.0090377,0.0599937,0.139678
35.851609977,0.096632,0.0286024,0.050647,0.0452856,0.02186,0.0457028,0.122392,0.0720986,0.0105245,0.0126167,0.0713541,0.167689
35.898049887,0.0595038,0.0251467,0.0730878,0.0571473,0.0164323,0.0597312,0.126567,0.0610151,0.0134043,0.0151621,0.0866055,0.150135
35.944489796,0.0766927,0.020357,0.0530242,0.0452961,0.0161579,0.0530292,0.133954,0.0756915,0.0118352,0.0120724,0.046148,0.134274
35.990929705,0.0593097,0.0380265,0.0431118,0.0271885,0.0163054,0.0620101,0.123673,0.0601287,0.0172882,0.0210213,0.107141,0.144809
36.037369615,0.0279989,0.046882,0.0570501,0.0478299,0.0479301,0.0491811,0.0863858,0.0481611,0.0682185,0.113063,0.0680142,0.0526749
36.083809524,0.0396952,0.0390214,0.0487053,0.0344662,0.0321733,0.0483184,0.0909938,0.0454332,0.0654966,0.0981649,0.0538231,0.0681309
36.130249433,0.0419902,0.0328116,0.0429118,0.0256349,0.0113349,0.0403205,0.0938206,0.0380554,0.0173458,0.0153322,0.032118,0.0675594
36.176689342,0.0327072,0.0382182,0.0516357,0.029803,0.00606232,0.0384603,0.0882905,0.0456358,0.00750485,0.0091968,0.0325986,0.0538647
36.223129252,0.0238898,0.0204613,0.0355306,0.0237803,0.00803884,0.0353316,0.0904716,0.0462848,0.00449568,0.00628909,0.0321695,0.0579455
36.269569161,0.0295637,0.0229276,0.0367847,0.0253261,0.00676567,0.0320374,0.0763885,0.0396862,0.00693737,0.00918202,0.0250891,0.0510215
36.316009070,0.0194064,0.0203016,0.0417843,0.0358097,0.0133442,0.0305229,0.0752348,0.0375115,0.0100757,0.0175661,0.0224304,0.0342889
36.362448980,0.0155989,0.0272758,0.0645996,0.0379307,0.0053048,0.0282156,0.067042,0.034131,0.00722613,0.0141724,0.0242524,0.0334105
36.408888889,0.0162563,0.0236285,0.0528735,0.0278043,0.00554894,0.0287985,0.0620006,0.0308886,0.00474137,0.00852956,0.0177431,0.0286696
36.455328798,0.023254,0.0275203,0.0343195,0.0244376,0.0144239,0.0280379,0.0484717,0.0239773,0.0152223,0.0216288,0.038703,0.0350872
36.501768707,0.0181029,0.0326287,0.0450929,0.0264159,0.0146874,0.0186706,0.0397736,0.0208564,0.0304092,0.0533483,0.0283107,0.0352868
36.548208617,0.0324862,0.0239305,0.0564411,0.0478568,0.0870947,0.065031,0.0542232,0.0363499,0.0417773,0.0861977,0.0698175,0.0469139
36.594648526,0.019203,0.0269943,0.0560011,0.045115,0.100431,0.0980225,0.0691811,0.0336919,0.0755442,0.145063,0.0825514,0.0312491
36.641088435,0.0235962,0.0251171,0.0477736,0.0285551,0.0870865,0.0857336,0.0740948,0.0384152,0.0681475,0.148682,0.0759116,0.0357942
36.687528345,0.0183704,0.0418388,0.0625109,0.0279911,0.0445465,0.069125,0.129507,0.0650588,0.0672329,0.146899,0.0667748,0.0193755
36.733968254,0.0119874,0.0320738,0.0529586,0.0349501,0.0474641,0.0417179,0.0984147,0.056681,0.0628203,0.13776,0.0771079,0.0165951
36.780408163,0.0113278,0.0299453,0.0611812,0.0381082,0.0396558,0.0460219,0.0771879,0.0282479,0.0627784,0.123874,0.0601809,0.0150057
36.826848073,0.00425961,0.0335521,0.0697372,0.0287092,0.0734284,0.0510166,0.0538957,0.0284169,0.0540437,0.111879,0.0659206,0.0205646
36.873287982,0.0292454,0.0418103,0.0729443,0.0398389,0.047783,0.0793413,0.0762074,0.0298895,0.0539434,0.124534,0.0702344,0.0131481
36.919727891,0.0139247,0.0438084,0.0705209,0.0387246,0.0318644,0.0332332,0.105562,0.060333,0.0504543,0.113355,0.0599223,0.0106151
36.966167800,0.00890674,0.0369434,0.0765339,0.0437618,0.0225562,0.0203384,0.0437974,0.0323729,0.0572753,0.104779,0.0480362,0.0115682
37.012607710,0.0152058,0.0277516,0.0470805,0.0259183,0.0339086,0.0537454,0.0658959,0.0483152,0.0598443,0.0976791,0.0482613,0.017541
37.059047619,0.0257922,0.0415436,0.0441186,0.0855073,0.167658,0.0838081,0.0414718,0.0284252,0.0417663,0.0666007,0.0502788,0.0396377
37.105487528,0.0440645,0.0623109,0.047826,0.0305794,0.0368496,0.125335,0.135812,0.0527193,0.0434338,0.0831904,0.0410135,0.0166957
37.151927438,0.0216655,0.0635261,0.054213,0.0151849,0.0232443,0.0721291,0.187594,0.097363,0.0334952,0.0805494,0.0426238,0.00887021
37.198367347,0.00958121,0.0376689,0.0396216,0.0377701,0.040183,0.0607336,0.0692277,0.0317423,0.0341864,0.069431,0.0510856,0.0127888
37.244807256,0.00823611,0.0211607,0.0365154,0.0242212,0.0218285,0.0519109,0.145656,0.0952626,0.0351611,0.0557261,0.0615877,0.0316981
37.291247166,0.00833492,0.0108332,0.021248,0.0156178,0.0386105,0.0344562,0.0487551,0.0225099,0.0277769,0.0592635,0.0736224,0.032278
37.337687075,0.0094943,0.0188421,0.0295427,0.0122505,0.0201253,0.0241499,0.0408067,0.022451,0.0178697,0.0370006,0.0588813,0.0239831
37.384126984,0.0408631,0.0451629,0.0561357,0.0463613,0.0387678,0.0450383,0.0575672,0.0408066,0.0297541,0.0681994,0.0741632,0.0453035
37.430566893,0.138497,0.15654,0.171885,0.15461,0.14527,0.123416,0.117812,0.119729,0.133666,0.11708,0.127459,0.127768
37.477006803,0.102149,0.114009,0.102151,0.0710301,0.0796272,0.0856386,0.0813614,0.0840491,0.0698572,0.0451673,0.051471,0.086298
37.523446712,0.0689328,0.049806,0.0518125,0.0845969,0.148108,0.116973,0.0922871,0.115333,0.0607217,0.0309607,0.038553,0.0796776
37.569886621,0.0316187,0.0755637,0.0798135,0.0343324,0.0203485,0.0962109,0.229855,0.17693,0.0641953,0.0267596,0.0364413,0.0534854
37.616326531,0.0203019,0.0454766,0.0705104,0.0395963,0.0315383,0.0686462,0.207109,0.183181,0.0704441,0.0535972,0.0323837,0.0171566
37.662766440,0.0327556,0.0343823,0.0735475,0.0733625,0.0442605,0.0952548,0.158394,0.138028,0.0897187,0.0939284,0.0716993,0.0630657
37.709206349,0.0248362,0.0328997,0.0548346,0.0311632,0.0351357,0.0697575,0.147519,0.138557,0.0804301,0.0655348,0.0460237,0.0554312
37.755646259,0.0227004,0.0191194,0.035916,0.0177389,0.0115324,0.0341564,0.104482,0.118861,0.0657443,0.0228843,0.0384563,0.0562713
37.802086168,0.0331332,0.028302,0.0558822,0.0346827,0.0168526,0.0586306,0.11157,0.107373,0.0529536,0.0284558,0.0419924,0.0620499
37.848526077,0.0797182,0.0917237,0.0992254,0.0885313,0.0789482,0.0817103,0.114895,0.116086,0.0608759,0.0582334,0.0691348,0.0603829
37.894965986,0.11076,0.14251,0.136205,0.0927145,0.134523,0.112166,0.11169,0.120862,0.0998885,0.0846108,0.0817664,0.0972503
37.941405896,0.0756351,0.0817529,0.0701985,0.0535878,0.0561596,0.0598075,0.0557652,0.0414469,0.0468027,0.0475726,0.0416178,0.0511947
37.987845805,0.0737784,0.109053,0.118553,0.0649708,0.0415752,0.076677,0.188008,0.160422,0.0823562,0.0794955,0.0676567,0.085467
38.034285714,0.0335295,0.0778022,0.0970272,0.0501387,0.0279905,0.0654114,0.206415,0.227597,0.108042,0.0366846,0.0310528,0.0591386
38.080725624,0.035878,0.0565595,0.0676491,0.0309073,0.0261183,0.0948682,0.219518,0.224851,0.102845,0.0394639,0.0474578,0.0643042
38.127165533,0.038588,0.0495698,0.0821225,0.037162,0.0246085,0.0310371,0.154647,0.243714,0.0906502,0.040831,0.0502723,0.087142
38.173605442,0.0398451,0.0351539,0.0742735,0.0396279,0.0162028,0.0339235,0.109655,0.167278,0.0756796,0.0133489,0.0275312,0.0797816
38.220045351,0.0631424,0.0701562,0.116384,0.0688977,0.0377744,0.0527028,0.120776,0.1313,0.0809747,0.0409021,0.0558479,0.107684
38.266485261,0.0421836,0.0446081,0.0808136,0.0524302,0.0277692,0.0537245,0.120056,0.126256,0.0690033,0.0351171,0.0349781,0.063153
38.312925170,0.159673,0.165053,0.191838,0.199485,0.175939,0.136896,0.163933,0.124824,0.124952,0.130073,0.134466,0.138651
38.359365079,0.0883993,0.112779,0.105778,0.0815499,0.0925716,0.0885164,0.0688601,0.055672,0.0621193,0.0574228,0.04544,0.0715211
38.405804989,0.0687524,0.0578792,0.0621813,0.0579327,0.110117,0.101289,0.0508112,0.0405123,0.0486879,0.0364653,0.0386415,0.0670779
38.452244898,0.0529588,0.0974948,0.0507215,0.0180897,0.0204831,0.0784211,0.150485,0.0671298,0.0195084,0.0415504,0.0732568,0.0430684
38.498684807,0.0277042,0.0497425,0.0375416,0.0142852,0.0219789,0.0392883,0.0489567,0.0319196,0.0174849,0.0221194,0.0334306,0.019159
38.545124717,0.0337396,0.0853964,0.0737187,0.0464491,0.0449719,0.0682183,0.097263,0.103485,0.0703104,0.0510482,0.0718531,0.0622487
38.591564626,0.0255382,0.0425975,0.0243742,0.0531489,0.154234,0.177604,0.197803,0.107004,0.0405886,0.0552633,0.0758664,0.0486886
38.638004535,0.0417798,0.050292,0.0374842,0.0481516,0.0913348,0.0907828,0.159764,0.114018,0.0823549,0.0857539,0.0778112,0.0964099
38.684444444,0.0373474,0.0580268,0.0440203,0.0773185,0.111185,0.111436,0.164932,0.089123,0.0394687,0.0479939,0.0600862,0.0372287
38.730884354,0.0809445,0.0855024,0.0639892,0.0696965,0.0631075,0.0664168,0.125343,0.0840686,0.056811,0.0637225,0.0665342,0.0553928
38.777324263,0.132573,0.137475,0.130042,0.102078,0.123157,0.109329,0.10946,0.120493,0.101579,0.0763102,0.0935386,0.0965898
38.823764172,0.0806228,0.10102,0.0901006,0.0603567,0.0485698,0.0633519,0.0525064,0.0443097,0.0387369,0.0502232,0.0455513,0.0382051
38.870204082,0.0319573,0.106201,0.136192,0.0685943,0.0207932,0.0652064,0.128852,0.0780935,0.0435831,0.0528582,0.0583261,0.0571482
38.916643991,0.0287589,0.0848116,0.0997272,0.0584371,0.028502,0.0851014,0.147842,0.0800767,0.0373402,0.0630765,0.0604339,0.0366469
38.963083900,0.0866217,0.0413409,0.0565955,0.0264814,0.0301464,0.0651269,0.0826445,0.0536744,0.0309587,0.0324997,0.0560653,0.0795339
39.009523810,0.0546872,0.0329072,0.0642388,0.044581,0.0380831,0.0482907,0.0244002,0.0352577,0.0286491,0.0443956,0.0982485,0.0731864
39.055963719,0.0482828,0.13233,0.0655236,0.0208195,0.043396,0.0279105,0.0124668,0.0132579,0.0185758,0.0420547,0.0787235,0.0456204
39.102403628,0.045308,0.122236,0.0660658,0.0188484,0.0367457,0.018071,0.0123018,0.0117937,0.0190302,0.0323852,0.0763662,0.0527608
39.148843537,0.0843213,0.113475,0.0493022,0.0247121,0.0396855,0.0237703,0.019729,0.0216313,0.0240509,0.0343812,0.0750426,0.0624588
39.195283447,0.172772,0.168108,0.128578,0.143832,0.121676,0.110829,0.112887,0.111067,0.102479,0.119954,0.133964,0.117092
39.241723356,0.0886889,0.118063,0.104438,0.0934094,0.0943919,0.0860514,0.0969503,0.107703,0.0710729,0.0590269,0.0559411,0.0770769
39.288163265,0.083143,0.0746468,0.0771605,0.0405416,0.0314667,0.0505208,0.0737174,0.0606574,0.0912144,0.0838684,0.0701773,0.129789
39.334603175,0.0766905,0.0384399,0.0580512,0.0427803,0.00941043,0.0612114,0.130809,0.0679664,0.0576193,0.12499,0.133944,0.145731
39.381043084,0.0737364,0.0466038,0.0604804,0.0304631,0.0163872,0.0588069,0.155052,0.0822888,0.0594911,0.112538,0.114367,0.142135
39.427482993,0.0970555,0.0421096,0.0592312,0.0512913,0.050526,0.0627617,0.0898803,0.0642984,0.0891136,0.1435,0.0910054,0.125136
39.473922902,0.0940988,0.0584444,0.0370294,0.0237156,0.0251474,0.0306477,0.0787185,0.0668203,0.103,0.0707846,0.0844531,0.141573
39.520362812,0.0623922,0.0641368,0.0568143,0.0264268,0.0338496,0.0724347,0.103982,0.0697487,0.0942188,0.0583781,0.0493309,0.122248
39.566802721,0.0811594,0.0976066,0.0755694,0.0233203,0.0358575,0.0769787,0.103908,0.0794143,0.098599,0.0500701,0.0613161,0.121521
39.613242630,0.0997117,0.120335,0.104439,0.0723844,0.0713269,0.0798814,0.0910722,0.0954744,0.141585,0.0902137,0.0760085,0.122231
39.659682540,0.140927,0.155954,0.163157,0.148006,0.16748,0.12989,0.104313,0.146579,0.12633,0.0864653,0.122853,0.13539
39.706122449,0.0987442,0.110291,0.0970295,0.075263,0.0898006,0.0869397,0.0847209,0.0645748,0.0605651,0.05715,0.0441028,0.0659806
39.752562358,0.0758802,0.0382614,0.0547213,0.0654844,0.0423604,0.088057,0.133348,0.0897931,0.0486605,0.0434031,0.0973233,0.139275
39.799002268,0.116647,0.0313616,0.0463007,0.0431755,0.0285465,0.0836296,0.165868,0.0868864,0.0400272,0.0366071,0.137365,0.256974
39.845442177,0.11406,0.0322642,0.0541001,0.0395221,0.0181279,0.0900249,0.209342,0.115773,0.0278168,0.035829,0.0992287,0.216361
39.891882086,0.0830703,0.026385,0.0486207,0.0409014,0.0151331,0.0700878,0.199239,0.105662,0.0245692,0.049559,0.0710461,0.157953
39.938321995,0.0702684,0.0248772,0.0386394,0.0308908,0.0130585,0.0797313,0.159532,0.0753739,0.0282913,0.0452968,0.0643639,0.136968
39.984761905,0.0945394,0.0653986,0.0665808,0.0591653,0.058469,0.0846217,0.16567,0.0942664,0.0563618,0.0648102,0.0885768,0.145207
40.031201814,0.130979,0.0263709,0.0567858,0.0534884,0.0388302,0.0588018,0.156226,0.118694,0.0350833,0.0507594,0.0882338,0.190911
40.077641723,0.153881,0.122239,0.15364,0.15165,0.108005,0.143273,0.185808,0.0998389,0.0948709,0.105125,0.154164,0.223437
40.124081633,0.0935991,0.142598,0.125018,0.0967769,0.113224,0.096582,0.0993721,0.0909372,0.0852332,0.0811386,0.0503013,0.0831475
40.170521542,0.0843688,0.0758717,0.0768011,0.0558501,0.0629894,0.0563177,0.0640044,0.0422185,0.0493931,0.100084,0.062045,0.0744882
40.216961451,0.0472963,0.0319952,0.0323056,0.0598722,0.0824442,0.05832,0.0534616,0.0438919,0.134493,0.169298,0.0852503,0.056423
40.263401361,0.0144697,0.0208452,0.0218375,0.0268559,0.0565301,0.0465881,0.0528682,0.0415507,0.0544549,0.0871628,0.0433282,0.0193921
40.309841270,0.0276814,0.0347532,0.0424155,0.0519717,0.0851117,0.0800855,0.0608467,0.0535203,0.0520612,0.0747714,0.0709288,0.0396841
40.356281179,0.0244523,0.0350543,0.0273704,0.0540245,0.0907927,0.0557946,0.102552,0.0510337,0.0802971,0.188318,0.113044,0.0337585
40.402721088,0.0174759,0.0238269,0.0227918,0.0243586,0.0679721,0.0437331,0.104583,0.0501774,0.0787654,0.171539,0.0975198,0.0292059
40.449160998,0.0120981,0.0186402,0.0361781,0.0318743,0.0712154,0.0666661,0.105551,0.0490702,0.0647232,0.151165,0.0791422,0.019298
40.495600907,0.0422294,0.0553984,0.0672752,0.05468,0.063129,0.0670973,0.0810657,0.0513934,0.0466618,0.124459,0.0695752,0.0226847
40.542040816,0.125168,0.15715,0.176303,0.150993,0.167043,0.14535,0.121023,0.132728,0.138281,0.124041,0.140868,0.11304
40.588480726,0.0968437,0.121387,0.0994862,0.0769859,0.0961075,0.0825056,0.0847624,0.0511253,0.0562984,0.0643096,0.0558823,0.0619375
40.634920635,0.0806811,0.0601264,0.0443237,0.0499182,0.0887814,0.0753651,0.106858,0.0640735,0.0870512,0.171934,0.129219,0.136056
40.681360544,0.0228586,0.0399782,0.0379665,0.0571731,0.125124,0.0723924,0.0957777,0.0554119,0.0785658,0.170865,0.0897227,0.0206122
40.727800454,0.0164598,0.0195461,0.0306019,0.0454101,0.0909269,0.0452668,0.0603936,0.0421634,0.0698364,0.136235,0.0797779,0.0217546
40.774240363,0.127967,0.144822,0.092957,0.029508,0.0515766,0.0345923,0.0325608,0.0628734,0.0701357,0.068881,0.0353089,0.0484734
40.820680272,0.0496574,0.0444185,0.0403825,0.0322998,0.0264704,0.0564972,0.103604,0.0401653,0.0186139,0.0137232,0.0440129,0.0796676
40.867120181,0.0377234,0.0478021,0.0222365,0.00917148,0.0128172,0.0171562,0.0193864,0.0200748,0.0208376,0.0176611,0.0257095,0.0291662
40.913560091,0.0260501,0.0392756,0.0250403,0.0109391,0.00987367,0.00934856,0.0116396,0.0132271,0.0108775,0.00648652,0.00685656,0.00762321
40.960000000,0.0878574,0.087081,0.0814632,0.0745034,0.0729407,0.0668794,0.0635815,0.0648951,0.0717048,0.0637942,0.0607686,0.0567106
41.006439909,0.114833,0.119305,0.127818,0.0864162,0.114432,0.0915359,0.100174,0.0947001,0.0768082,0.0631437,0.0686832,0.0816963
41.052879819,0.0795652,0.0851716,0.0703169,0.0503922,0.0546866,0.0491897,0.0690266,0.0541636,0.0437235,0.036762,0.0374395,0.0554829
41.099319728,0.0302391,0.0412981,0.0476308,0.0597521,0.112836,0.0640228,0.0778757,0.094695,0.0698455,0.020958,0.0218387,0.0483073
41.145759637,0.0217823,0.0394035,0.0583065,0.0372092,0.0211177,0.0396009,0.0908051,0.110441,0.0699663,0.0415911,0.0317989,0.0383623
41.192199546,0.0362904,0.039526,0.0450228,0.037624,0.0376349,0.0423647,0.112783,0.138185,0.0574742,0.0453404,0.0273275,0.0274487
41.238639456,0.0279456,0.0279305,0.0606208,0.0421083,0.0169819,0.0473516,0.126739,0.145084,0.0669566,0.0593893,0.0300245,0.0403963
41.285079365,0.0152931,0.0369906,0.0693096,0.0396175,0.0202557,0.0602545,0.189752,0.187002,0.07889,0.0379764,0.0329203,0.0435358
41.331519274,0.0361248,0.0670566,0.0759895,0.0305803,0.0168034,0.0745265,0.193378,0.154173,0.0661604,0.0453133,0.0288598,0.0431994
41.377959184,0.0819052,0.124794,0.0971303,0.0470975,0.024267,0.0703219,0.148924,0.128578,0.0417366,0.0573348,0.040015,0.057244
41.424399093,0.162752,0.165628,0.194496,0.199562,0.179415,0.149834,0.181077,0.162623,0.136878,0.124111,0.154596,0.150699
41.470839002,0.1014,0.125987,0.11162,0.100677,0.0945044,0.0916514,0.0889344,0.0867656,0.0882516,0.0839211,0.0639609,0.0779602
41.517278912,0.0552648,0.0743845,0.0485834,0.0292272,0.0214373,0.0480469,0.0642294,0.0499685,0.02844,0.0846987,0.109526,0.0583741
41.563718821,0.040542,0.0757841,0.097786,0.0661991,0.0289546,0.0594669,0.141731,0.115909,0.0944238,0.0977621,0.094984,0.0794565
41.610158730,0.038106,0.0712959,0.107036,0.0508388,0.0202655,0.0604512,0.167386,0.186904,0.0825007,0.0546078,0.0533818,0.0697402
41.656598639,0.0459837,0.0510053,0.101969,0.0478075,0.017696,0.0383029,0.123614,0.214805,0.115882,0.0324658,0.0622283,0.0987523
41.703038549,0.0313515,0.0367774,0.0692519,0.0371917,0.0160857,0.0303884,0.117286,0.150218,0.0748832,0.0276023,0.0441592,0.0822473
41.749478458,0.0310441,0.0377757,0.0444693,0.0391159,0.0194764,0.0526583,0.108393,0.138136,0.0817878,0.0308911,0.0292249,0.0474805
41.795918367,0.03341,0.0354074,0.0704918,0.0468826,0.015128,0.0429885,0.0936537,0.101128,0.057497,0.0342502,0.0307217,0.0529947
41.842358277,0.0790247,0.0814927,0.0865934,0.0793247,0.0603893,0.0872872,0.133472,0.120297,0.0843643,0.068904,0.0546399,0.07549
41.888798186,0.120672,0.140571,0.130887,0.1039,0.136796,0.104983,0.0945872,0.102658,0.106392,0.0863337,0.0963246,0.101507
41.935238095,0.0833773,0.0927699,0.0926355,0.0642924,0.0686439,0.0760644,0.0761078,0.0434574,0.0419541,0.0525521,0.0379517,0.0410015
41.981678005,0.0419203,0.044497,0.0351008,0.0495326,0.0729302,0.0561482,0.0566679,0.0631309,0.046208,0.0299966,0.0592662,0.0758809
42.028117914,0.0785711,0.0728551,0.0282704,0.0210437,0.056307,0.124976,0.0837931,0.0224453,0.0127275,0.0331179,0.0590912,0.0375855
42.074557823,0.0385212,0.0779722,0.0506083,0.0285451,0.0374121,0.0579449,0.118752,0.0761374,0.0256362,0.0487611,0.0580899,0.0226353
42.120997732,0.0466253,0.0859236,0.0606695,0.0319607,0.0473592,0.111937,0.208751,0.116983,0.0414325,0.0403596,0.108955,0.0671514
42.167437642,0.0231348,0.0463427,0.0327801,0.0457035,0.0792323,0.13508,0.197431,0.0964799,0.0244331,0.0539583,0.076392,0.0412939
42.213877551,0.0383938,0.0577168,0.0738146,0.0600695,0.0348449,0.0661989,0.146929,0.0811964,0.0364186,0.0378849,0.0560208,0.0418602
42.260317460,0.043135,0.112013,0.138698,0.0596343,0.0275291,0.0671959,0.144601,0.0612076,0.0275756,0.0425968,0.0519095,0.049304
42.306757370,0.140014,0.163863,0.18344,0.144864,0.115341,0.0789883,0.113426,0.107271,0.107471,0.118635,0.116481,0.100607
42.353197279,0.0881222,0.114392,0.106849,0.0716618,0.079408,0.0824334,0.0869753,0.0733679,0.0777039,0.0608772,0.0575022,0.0725863
42.399637188,0.0443103,0.101184,0.130098,0.0701015,0.027236,0.0749927,0.108432,0.0732037,0.0378735,0.034269,0.0270125,0.0314075
42.446077098,0.0548351,0.0571973,0.0407027,0.0230218,0.0189741,0.0660686,0.134791,0.0732681,0.0265055,0.0331685,0.0562854,0.055434
42.492517007,0.0258677,0.0506577,0.0265833,0.0158628,0.027629,0.0554885,0.0953408,0.0594422,0.0329955,0.0231267,0.0356858,0.0213049
42.538956916,0.0278367,0.0264685,0.0333649,0.0941677,0.157536,0.0897319,0.0599345,0.0482795,0.0364972,0.0352678,0.0338088,0.0439115
42.585396825,0.0215746,0.0213264,0.0235335,0.0767597,0.163412,0.0792321,0.0274521,0.041243,0.0330574,0.0227144,0.0204914,0.0354543
42.631836735,0.0180437,0.00958969,0.0186338,0.0576664,0.102323,0.0529235,0.0461031,0.0469642,0.0220262,0.00929597,0.0137789,0.0274175
42.678276644,0.0392224,0.045471,0.0506737,0.0653426,0.0553766,0.013903,0.0219232,0.0190445,0.0153902,0.0121446,0.00950928,0.0253493
42.724716553,0.0496692,0.0510424,0.0479305,0.0460956,0.0456231,0.0409438,0.0427716,0.0448844,0.0355526,0.0349887,0.0331107,0.0295458
42.771156463,0.147303,0.148195,0.145776,0.126887,0.156486,0.139684,0.104356,0.137966,0.136484,0.0909972,0.117389,0.130749
42.817596372,0.0944244,0.104869,0.0975198,0.0737742,0.0729091,0.0844925,0.112154,0.093715,0.0763731,0.0605461,0.0375937,0.0626573
42.864036281,0.0921382,0.0541427,0.0312283,0.0302584,0.0583676,0.0864944,0.127741,0.0725366,0.0486805,0.0674816,0.0403138,0.0569902
42.910476190,0.0316798,0.082582,0.0478753,0.0165277,0.0184339,0.0773351,0.213745,0.117744,0.0242899,0.036521,0.0327327,0.0166003
42.956916100,0.0247043,0.0593191,0.0323625,0.0116103,0.020785,0.0938989,0.231827,0.121057,0.0168838,0.0341486,0.0461947,0.0178312
43.003356009,0.0297159,0.069901,0.0364565,0.0131915,0.0125103,0.101979,0.231396,0.117158,0.0130884,0.0215335,0.037016,0.0193742
43.049795918,0.0582656,0.086794,0.0620119,0.040676,0.0375089,0.137454,0.236929,0.109061,0.0385068,0.0536988,0.052101,0.0247173
43.096235828,0.139143,0.144339,0.177245,0.169447,0.171745,0.150394,0.13957,0.120564,0.122862,0.0932515,0.135497,0.144275
43.142675737,0.0971691,0.123318,0.0985616,0.0838445,0.0837527,0.0799058,0.0916953,0.0497644,0.0564059,0.0489319,0.0418523,0.0576701
43.189115646,0.0473524,0.0404869,0.0351343,0.0319938,0.0383754,0.0700773,0.109435,0.0651563,0.0204166,0.0192082,0.0229501,0.0168392
43.235555556,0.02899,0.0425966,0.0480076,0.0507802,0.0929439,0.112562,0.0980906,0.057364,0.0455688,0.0454906,0.0230762,0.0241499
43.281995465,0.0421263,0.0548745,0.0671645,0.0498319,0.049136,0.0565545,0.0883237,0.0500028,0.0484879,0.0444499,0.0625674,0.0665159
43.328435374,0.0535413,0.0800964,0.0661539,0.0452312,0.032893,0.0739018,0.129059,0.0564209,0.0302466,0.0474242,0.0362556,0.0281258
43.374875283,0.0431465,0.0704246,0.0875857,0.0582483,0.0423447,0.0881636,0.148421,0.0703126,0.030893,0.0574681,0.0522064,0.0299309
43.421315193,0.188045,0.179446,0.184624,0.180794,0.174605,0.150919,0.150776,0.121461,0.110402,0.11447,0.134472,0.147078
43.467755102,0.0861022,0.124265,0.107036,0.0918854,0.0965317,0.0878827,0.0851964,0.0578117,0.0701523,0.0522463,0.0371762,0.0615091
43.514195011,0.082007,0.0966497,0.0738658,0.0366745,0.0297626,0.0975631,0.116355,0.0399831,0.0275212,0.0549322,0.0399118,0.0247736
43.560634921,0.040119,0.0708542,0.0933731,0.0703945,0.0495126,0.0521287,0.0799549,0.0330044,0.0255174,0.0327992,0.0400984,0.0630405
43.607074830,0.0219479,0.0681944,0.107772,0.0611625,0.0283338,0.036525,0.0396877,0.0268537,0.0256228,0.0343036,0.0239633,0.0194063
43.653514739,0.0485645,0.0595121,0.0927214,0.0864343,0.0961953,0.0876889,0.0563946,0.0566152,0.056358,0.0312539,0.0301035,0.0424517
43.699954649,0.0409057,0.0655981,0.0741907,0.0461088,0.0607059,0.0666517,0.0465842,0.073673,0.0622971,0.0285188,0.0349942,0.0421039
43.746394558,0.0356257,0.0502182,0.0721964,0.0417888,0.0613784,0.0753499,0.0682301,0.096915,0.0795281,0.0373766,0.0242693,0.0399859
43.792834467,0.0312586,0.0884672,0.109126,0.0560887,0.061751,0.0614726,0.0582841,0.079774,0.0569085,0.0443751,0.0193746,0.0336211
43.839274376,0.05965,0.0899303,0.115483,0.0731943,0.0713403,0.0792302,0.061034,0.0737387,0.0773756,0.0509997,0.0527261,0.0512763
43.885714286,0.1557,0.162992,0.154035,0.138118,0.136643,0.10619,0.130315,0.0887492,0.105622,0.129985,0.100668,0.0750043
43.932154195,0.0938015,0.0991966,0.106191,0.0775049,0.0638916,0.0568473,0.0708611,0.039252,0.0507044,0.065312,0.0386234,0.0253218
43.978594104,0.0415961,0.104535,0.152961,0.062107,0.0303843,0.0435359,0.0491372,0.0372225,0.0478021,0.0482071,0.0300272,0.0196497
44.025034014,0.0305074,0.0430648,0.0912359,0.0468618,0.0262943,0.0280138,0.0436725,0.038578,0.0535132,0.0779975,0.0499999,0.0356773
44.071473923,0.0630564,0.0621742,0.105671,0.0677524,0.0449135,0.0451921,0.0471178,0.0689459,0.0590905,0.0483445,0.0603852,0.047318
44.117913832,0.21113,0.17383,0.0736753,0.0233219,0.030769,0.0409919,0.0426573,0.0556934,0.0488493,0.0555421,0.0451555,0.107676
44.164353741,0.025445,0.0436875,0.0303028,0.0121005,0.0204468,0.0245199,0.0161412,0.0208488,0.0427661,0.0323526,0.0234797,0.0434288
44.210793651,0.0188086,0.0489017,0.0255934,0.0142403,0.0187435,0.0300209,0.0111914,0.0341308,0.0731456,0.0369421,0.0196975,0.0241355
44.257233560,0.0318769,0.0612208,0.0311922,0.0128144,0.016902,0.0356298,0.0197759,0.0284661,0.0699482,0.0372823,0.012778,0.0224131
44.303673469,0.0316954,0.0273785,0.0216229,0.0158752,0.0238436,0.0231584,0.0360435,0.0304833,0.0210222,0.0210407,0.0274568,0.0301241
44.350113379,0.0542073,0.019737,0.0397207,0.080743,0.0626732,0.0541901,0.134517,0.0785704,0.0254764,0.0192027,0.0358242,0.0772134
44.396553288,0.0600209,0.0164806,0.0197468,0.0210581,0.0280521,0.0449914,0.0838267,0.0669248,0.0273519,0.0188136,0.0312997,0.0632996
44.442993197,0.0876818,0.121849,0.0685646,0.0161588,0.0363617,0.0474856,0.0228643,0.0645961,0.162177,0.0998743,0.0287404,0.0303706
44.489433107,0.120476,0.126633,0.0596576,0.0315344,0.0550934,0.0694548,0.037776,0.0690986,0.13697,0.0849875,0.0327996,0.0349365
44.535873016,0.196971,0.218615,0.207456,0.166099,0.139169,0.112979,0.101306,0.115374,0.150596,0.135046,0.138087,0.129505
44.582312925,0.0825738,0.132362,0.122606,0.0847099,0.0712587,0.06823,0.0799699,0.0715215,0.0654555,0.0608347,0.0583213,0.0730442
44.628752834,0.0532558,0.0693514,0.099073,0.0647275,0.0296432,0.0394757,0.0958173,0.0781365,0.0569342,0.0767509,0.0485347,0.0647352
44.675192744,0.0196576,0.0381048,0.0712481,0.0438708,0.0259398,0.0359963,0.0857874,0.103753,0.0665146,0.07568,0.0427182,0.0353971
44.721632653,0.0249886,0.0367513,0.0686091,0.0370131,0.0175576,0.0369422,0.0937907,0.105073,0.0724776,0.0572386,0.0444286,0.0401301
44.768072562,0.0287528,0.0360042,0.060926,0.0390416,0.0182341,0.03582,0.0826443,0.0771669,0.0306576,0.0165713,0.023879,0.0380094
44.814512472,0.0128519,0.0125996,0.0210261,0.0111481,0.00404525,0.0149819,0.0352501,0.0358595,0.0148181,0.00736072,0.00819905,0.0164834
44.860952381,0.0278334,0.0317666,0.0386007,0.0406474,0.0331879,0.0331642,0.048473,0.0491418,0.0475855,0.0453599,0.0374889,0.0318917
44.907392290,0.0427723,0.0628173,0.122908,0.0703508,0.0257019,0.0449966,0.104558,0.1475,0.0964006,0.0497474,0.0386293,0.0863985
44.953832200,0.0945822,0.103044,0.13993,0.0705598,0.0581198,0.107143,0.150245,0.156602,0.116372,0.0913716,0.0750069,0.096094
45.000272109,0.128722,0.154605,0.128453,0.100079,0.13426,0.131299,0.102167,0.100638,0.11952,0.0960931,0.0976677,0.111522
45.046712018,0.0695586,0.095448,0.0832278,0.0612663,0.0517368,0.0468716,0.0622367,0.0493039,0.0546662,0.0501242,0.0389187,0.0472919
45.093151927,0.0373972,0.0667961,0.0628232,0.0356513,0.0219064,0.0451245,0.076889,0.10258,0.0822002,0.0347631,0.0382925,0.0560352
45.139591837,0.0317953,0.0435752,0.0358452,0.0111632,0.0141835,0.0237192,0.0450169,0.0728963,0.0577397,0.0280099,0.0176472,0.0353677
45.186031746,0.0239882,0.0319996,0.0398325,0.0178768,0.019834,0.0253742,0.0392119,0.0504554,0.0418447,0.017496,0.0164711,0.0185809
45.232471655,0.0571162,0.0671228,0.103683,0.0759032,0.0306324,0.0736798,0.123851,0.0527955,0.0549802,0.104194,0.0907332,0.0846459
45.278911565,0.0361948,0.0582788,0.130959,0.0705689,0.0115893,0.0523035,0.0964459,0.0661102,0.0646367,0.0659555,0.0523526,0.057326
45.325351474,0.0166096,0.0444015,0.0992282,0.0458456,0.0123501,0.0416263,0.102112,0.0807247,0.0571894,0.0397258,0.0244411,0.0434564
45.371791383,0.0338093,0.0541523,0.0926033,0.0547548,0.0188618,0.0700447,0.155637,0.102195,0.0687024,0.0798648,0.0546103,0.0452548
45.418231293,0.141907,0.129408,0.141429,0.171615,0.136339,0.132659,0.141741,0.0995775,0.102164,0.118929,0.124115,0.121955
45.464671202,0.0690936,0.112729,0.0994163,0.0764824,0.0860515,0.0862643,0.0904882,0.0840935,0.0908256,0.0757491,0.0722821,0.0745806
45.511111111,0.0693806,0.0847714,0.062733,0.0324668,0.0281555,0.0509035,0.070959,0.0473572,0.0321359,0.0298512,0.06428,0.0593424
45.557551020,0.0290105,0.0514774,0.0213177,0.0120629,0.029296,0.0672002,0.101714,0.0613949,0.0317469,0.031746,0.0566571,0.0419002
45.603990930,0.0381922,0.0592903,0.0270544,0.0168492,0.0420118,0.0832102,0.100733,0.0688453,0.0437594,0.0424819,0.0665795,0.0340685
45.650430839,0.125366,0.218349,0.160514,0.0748416,0.0605341,0.082936,0.078999,0.0689089,0.0951404,0.0789132,0.092107,0.0933458
45.696870748,0.0499933,0.103052,0.0991053,0.0362148,0.0254724,0.05697,0.0838088,0.0516886,0.0558336,0.0895052,0.0745861,0.0483071
45.743310658,0.0533436,0.0747521,0.0864456,0.0524294,0.0323741,0.0515758,0.0807272,0.0523917,0.0691724,0.0628522,0.0366603,0.0372216
45.789750567,0.0585424,0.117094,0.067417,0.0270312,0.0455556,0.0893857,0.151008,0.066473,0.0533903,0.0509432,0.0554696,0.0425831
45.836190476,0.0535147,0.110286,0.100727,0.0563764,0.0534859,0.0977907,0.181036,0.0935767,0.0567483,0.0872163,0.09896,0.0624343
45.882630385,0.135455,0.167636,0.170393,0.141986,0.153976,0.123853,0.146624,0.143144,0.122763,0.0868775,0.102882,0.117603
45.929070295,0.075388,0.0845771,0.0768955,0.0576728,0.058105,0.0540077,0.0677609,0.054919,0.0668321,0.0707866,0.0587894,0.0532592
45.975510204,0.0482269,0.0851054,0.0494675,0.0224493,0.0372777,0.0935003,0.120768,0.0796937,0.0919713,0.0767294,0.0718741,0.0447971
46.021950113,0.0284715,0.0644923,0.0290665,0.0124941,0.0218039,0.0728767,0.10298,0.0753907,0.0725496,0.0416537,0.0331415,0.0323316
46.068390023,0.026044,0.0416138,0.0289794,0.008265,0.017862,0.0443981,0.0705091,0.0412884,0.0265848,0.0236133,0.0274399,0.0174965
46.114829932,0.031482,0.10232,0.118624,0.0459393,0.0456514,0.0725714,0.109699,0.095212,0.126935,0.103712,0.0604975,0.0285156
46.161269841,0.025319,0.0704265,0.111484,0.0597085,0.0292777,0.0891045,0.146535,0.0646457,0.0543347,0.0799151,0.0644994,0.0338454
46.207709751,0.0264445,0.055413,0.060785,0.0255126,0.0371283,0.0835226,0.138196,0.100558,0.087556,0.0807845,0.066469,0.0406496
46.254149660,0.0425074,0.0688691,0.0474358,0.0239494,0.0300241,0.0674991,0.119338,0.0996585,0.0720664,0.0402955,0.0564724,0.0373544
46.300589569,0.113652,0.125318,0.114212,0.0976568,0.0856426,0.0918471,0.14992,0.138299,0.107737,0.0921096,0.104146,0.0780028
46.347029478,0.111861,0.118808,0.122739,0.0931421,0.0957563,0.0926596,0.105721,0.100151,0.0867037,0.0725612,0.0614488,0.0923162
46.393469388,0.110666,0.0854428,0.0599317,0.0440494,0.0421483,0.0633067,0.111562,0.0587391,0.0265919,0.0283684,0.0573135,0.113018
46.439909297,0.120161,0.0464099,0.0600679,0.0550298,0.0207725,0.0487525,0.119009,0.0644348,0.0187053,0.0183273,0.0674952,0.131286
46.486349206,0.119369,0.0360508,0.063282,0.0442314,0.012468,0.0621683,0.13902,0.0722842,0.0104032,0.0167398,0.0591968,0.131918
46.532789116,0.0930552,0.0489614,0.0611934,0.0379355,0.017463,0.0605238,0.108681,0.0680227,0.0264913,0.0317139,0.055229,0.0875281
46.579229025,0.0273202,0.0253365,0.0326115,0.021112,0.0106868,0.0220533,0.0429132,0.0235589,0.00991094,0.00795518,0.0177426,0.0285602
46.625668934,0.0135571,0.0126112,0.0135586,0.0104728,0.00766802,0.0151017,0.0270026,0.0260568,0.0203471,0.0203539,0.0172443,0.0242303
46.672108844,0.0604223,0.106832,0.0878977,0.042379,0.0184078,0.0907347,0.19197,0.1109,0.0356539,0.065282,0.132352,0.121648
46.718548753,0.0844561,0.0935438,0.0791033,0.0762951,0.0522626,0.121211,0.237726,0.12553,0.0419754,0.0498008,0.0956456,0.1163
46.764988662,0.15069,0.164606,0.174836,0.157024,0.164905,0.110205,0.122721,0.145075,0.12324,0.0956304,0.118926,0.154553
46.811428571,0.0883741,0.0956781,0.0938387,0.076182,0.0768604,0.0654687,0.0872712,0.0563926,0.0565449,0.037736,0.0407747,0.0654505
46.857868481,0.103471,0.0542978,0.0697312,0.0585434,0.0223589,0.0714718,0.119215,0.0647505,0.0216077,0.038103,0.0649657,0.0849274
46.904308390,0.0850768,0.0341251,0.0351651,0.0276267,0.00777671,0.0450701,0.092157,0.0395203,0.018386,0.0206036,0.0242782,0.0554181
46.950748299,0.0733262,0.0370524,0.0315119,0.0308744,0.0162709,0.0294753,0.0635102,0.0329909,0.022781,0.0190506,0.021172,0.0416547
46.997188209,0.104009,0.0628261,0.0521139,0.0797311,0.0693644,0.0705462,0.116662,0.105605,0.124296,0.0850052,0.126199,0.122888
47.043628118,0.0913812,0.0337752,0.0382637,0.040147,0.0793194,0.127516,0.129664,0.0641231,0.0320055,0.0360384,0.0780397,0.143428
47.090068027,0.110855,0.0525322,0.0392755,0.0272936,0.0201147,0.102812,0.142349,0.0597152,0.0242269,0.0433285,0.0519938,0.121088
47.136507937,0.0966539,0.0496061,0.0531229,0.0292613,0.033417,0.118566,0.129341,0.0655922,0.0303277,0.043916,0.0533345,0.106546
47.182947846,0.0737508,0.0869892,0.10926,0.102257,0.0717463,0.103402,0.14981,0.102098,0.0633119,0.0738953,0.0973528,0.103149
47.229387755,0.0982246,0.122167,0.117254,0.0871971,0.124155,0.0997733,0.0817748,0.0984435,0.100153,0.101026,0.0894822,0.105744
47.275827664,0.0771467,0.081819,0.0592891,0.0511751,0.0848625,0.0599669,0.0817472,0.0468298,0.0402416,0.0689841,0.0515424,0.0629407
47.322267574,0.0386196,0.0311539,0.0361869,0.0402514,0.0838286,0.08251,0.117116,0.0796141,0.0469796,0.0569617,0.0519612,0.0594916
47.368707483,0.0289175,0.0279601,0.0389943,0.0455089,0.0839822,0.0664046,0.104805,0.0655255,0.0384623,0.0565402,0.0331608,0.0487016
47.415147392,0.0452631,0.0416522,0.0607137,0.0513371,0.0393902,0.0497834,0.106571,0.0723578,0.0602396,0.0813088,0.0425635,0.0522821
47.461587302,0.0235773,0.0338872,0.0744295,0.0676288,0.0725948,0.0471831,0.071214,0.0420911,0.0703925,0.131575,0.0827552,0.032169
47.508027211,0.014981,0.0448209,0.0971433,0.0663964,0.0538119,0.0464684,0.0288405,0.0161817,0.069928,0.123491,0.0554227,0.0232071
47.554467120,0.0224753,0.0522879,0.102017,0.0530324,0.075281,0.0815249,0.110893,0.0553427,0.0671097,0.152628,0.0683715,0.0170702
47.600907029,0.0398999,0.0742237,0.0797017,0.0744628,0.0758457,0.0914252,0.168864,0.0817671,0.0842878,0.169276,0.0750203,0.0270355
47.647346939,0.144732,0.166078,0.195062,0.178276,0.15525,0.112117,0.135642,0.120954,0.144396,0.17771,0.165333,0.128186
47.693786848,0.0802956,0.116251,0.111846,0.0900198,0.0945588,0.0781248,0.0869014,0.0754978,0.0765825,0.0672408,0.0580847,0.0777845
47.740226757,0.0589189,0.0509967,0.0622078,0.0704546,0.0781569,0.0638249,0.0912714,0.0675188,0.0558613,0.0674266,0.0387646,0.0548627
47.786666667,0.038889,0.0258571,0.0309587,0.0380493,0.0824337,0.0694842,0.0715869,0.0516836,0.0596398,0.0831041,0.0616144,0.0650987
47.833106576,0.0199795,0.0299039,0.0279916,0.0549572,0.0824865,0.0515087,0.0310784,0.0352353,0.0534378,0.0805189,0.0571915,0.0281805
47.879546485,0.0363159,0.0607069,0.100182,0.0669947,0.050426,0.0642177,0.0717108,0.0608094,0.0580464,0.128137,0.0986477,0.0456226
47.925986395,0.0271481,0.0710969,0.106975,0.0575511,0.0268827,0.0719426,0.126113,0.0527588,0.0687524,0.148034,0.0805986,0.0295953
47.972426304,0.0118694,0.0566777,0.111497,0.0576908,0.0167523,0.0536365,0.118624,0.0610704,0.0447909,0.122221,0.0624921,0.0276115
48.018866213,0.0119375,0.0354625,0.0689609,0.0361268,0.0287624,0.0786624,0.151682,0.0756202,0.0629042,0.116411,0.059864,0.011733
48.065306122,0.0719396,0.0755253,0.0938445,0.0792762,0.0550824,0.0659298,0.144884,0.108428,0.0787152,0.0899898,0.0670605,0.0465158
48.111746032,0.128403,0.128012,0.121022,0.114223,0.131028,0.106939,0.102096,0.115028,0.104869,0.0844748,0.0954691,0.110166
48.158185941,0.0912789,0.0915049,0.0788552,0.0661947,0.0483862,0.0564391,0.0691246,0.0347054,0.0486798,0.0349352,0.041624,0.0682563
48.204625850,0.0545506,0.0336737,0.0615604,0.0564803,0.0186376,0.0601391,0.129507,0.0974911,0.0452283,0.0361239,0.0697377,0.115603
48.251065760,0.0334456,0.0301032,0.076548,0.0573087,0.0161451,0.0501778,0.130483,0.0967117,0.0527162,0.0342012,0.0347634,0.062917
48.297505669,0.0295114,0.0486777,0.0874295,0.0508011,0.0173384,0.0458959,0.0965497,0.0702415,0.0402337,0.0224783,0.0233085,0.0453139
48.343945578,0.0186772,0.0222235,0.0371333,0.0212421,0.0119304,0.0210403,0.0487254,0.0381015,0.017813,0.00981476,0.0172655,0.0273697
48.390385488,0.0090512,0.0102332,0.0167513,0.0113437,0.00590185,0.0104167,0.022907,0.0146722,0.0128596,0.00634829,0.00747917,0.0116326
48.436825397,0.0564118,0.0631357,0.102096,0.0801318,0.0336824,0.0473517,0.116843,0.180117,0.133813,0.0815205,0.0716572,0.0886181
48.483265306,0.0457822,0.0669562,0.126389,0.0751526,0.0316827,0.0481462,0.161084,0.169213,0.0967303,0.0397151,0.0466384,0.0829483
48.529705215,0.181159,0.151212,0.164904,0.153826,0.122494,0.0987703,0.191921,0.186351,0.149291,0.126153,0.139534,0.180896
48.576145125,0.0799481,0.113686,0.101931,0.0831941,0.0970136,0.0829607,0.0891199,0.068477,0.0729937,0.0568958,0.0448332,0.0762606
48.622585034,0.080302,0.0609214,0.06335,0.0477764,0.0304991,0.0465215,0.10126,0.0749165,0.0507319,0.02764,0.0516861,0.0980423
48.669024943,0.0323272,0.0171975,0.0400937,0.0361188,0.0145822,0.0310753,0.0804187,0.0798446,0.0357494,0.0238774,0.040091,0.072261
48.715464853,0.0299489,0.0199386,0.0305437,0.0173739,0.0142816,0.0205557,0.0546847,0.0615456,0.029045,0.0155915,0.0200651,0.04078
48.761904762,0.108645,0.0487739,0.0579599,0.0465204,0.0451917,0.0511872,0.1081,0.134447,0.0559849,0.0565922,0.0697612,0.108768
48.808344671,0.0311373,0.0634703,0.104017,0.0484142,0.0227661,0.0618725,0.114021,0.123654,0.103117,0.101259,0.0765035,0.0801881
48.854784580,0.0249603,0.0449836,0.085671,0.038954,0.00976077,0.0482759,0.13165,0.132718,0.0614387,0.0557314,0.045686,0.0595607
48.901224490,0.0188532,0.0430148,0.0923526,0.0432356,0.00742813,0.0362799,0.118201,0.121821,0.0595087,0.0486803,0.0322193,0.0387931
48.947664399,0.0679102,0.0735886,0.0821005,0.0791766,0.0464437,0.0728102,0.1457,0.109667,0.06336,0.0701888,0.069466,0.0648168
48.994104308,0.148867,0.150755,0.143127,0.130961,0.161523,0.150782,0.135889,0.125041,0.127892,0.0963983,0.111891,0.126421
49.040544218,0.0716711,0.0790292,0.0770189,0.0601785,0.0620132,0.0684943,0.069891,0.0628154,0.0743654,0.0743607,0.0701501,0.0497652
49.086984127,0.0481316,0.0559893,0.0366993,0.02234,0.0407192,0.0851627,0.107393,0.0760478,0.0921626,0.0654668,0.0629997,0.0313165
49.133424036,0.024441,0.0548283,0.0300232,0.022386,0.0403911,0.0579649,0.0950736,0.0664168,0.0394836,0.0324349,0.0502405,0.0358175
49.179863946,0.0312227,0.0480803,0.0315125,0.0252827,0.0265054,0.0554969,0.10132,0.0671824,0.0356756,0.0410399,0.0590155,0.0331084
49.226303855,0.0476252,0.121429,0.115085,0.0421511,0.0426336,0.0690788,0.0824404,0.039151,0.0871823,0.10477,0.064665,0.0396704
49.272743764,0.0421745,0.0869178,0.102735,0.0401813,0.0221121,0.0511649,0.0668252,0.0420838,0.0777834,0.0973137,0.0587456,0.0286468
49.319183673,0.0445355,0.114628,0.103587,0.0484159,0.0378156,0.116119,0.139284,0.0680915,0.0729982,0.0678108,0.0360931,0.0362411
49.365623583,0.0550558,0.097125,0.0604944,0.0288711,0.0457098,0.132506,0.184409,0.104019,0.0650732,0.0423361,0.0524311,0.0378333
49.412063492,0.121099,0.131124,0.127072,0.107815,0.11472,0.147332,0.178805,0.108114,0.0779639,0.102801,0.10219,0.0784898
49.458503401,0.0827781,0.121979,0.110354,0.0859274,0.0940021,0.0917826,0.0925399,0.0884939,0.0950924,0.0642461,0.067996,0.0660643
49.504943311,0.0824621,0.0877658,0.0540587,0.0460649,0.047139,0.0757464,0.0747123,0.0608849,0.0542962,0.0468967,0.0590941,0.0535221
49.551383220,0.0394389,0.079192,0.0355098,0.0142671,0.0331922,0.10454,0.125862,0.0618089,0.0540107,0.0436297,0.066639,0.0367652
49.597823129,0.0288714,0.0643011,0.038363,0.0158133,0.0320975,0.110993,0.108902,0.058586,0.0444088,0.0284616,0.0507869,0.0300524
49.644263039,0.0567335,0.0520299,0.0576174,0.0458173,0.0457777,0.0817537,0.122967,0.110637,0.0811828,0.0509897,0.0556551,0.0636618
49.690702948,0.0282688,0.0562381,0.0972564,0.0574001,0.0352309,0.0853808,0.138058,0.134462,0.0772221,0.0343301,0.0537461,0.0606847
49.737142857,0.0261054,0.0573434,0.0967048,0.0407071,0.0270355,0.0668137,0.164826,0.172553,0.0784092,0.0296899,0.0578423,0.0486336
49.783582766,0.0285724,0.0621104,0.0885368,0.0421994,0.0424507,0.0767671,0.140013,0.143327,0.0577446,0.0280011,0.0679243,0.062084
49.830022676,0.0609171,0.0726487,0.0727344,0.0482192,0.0412779,0.0785666,0.134274,0.136728,0.0747768,0.0565073,0.0768188,0.0516915
49.876462585,0.12447,0.150849,0.154199,0.143759,0.141599,0.127784,0.113639,0.129143,0.130567,0.107465,0.116833,0.115595
49.922902494,0.0834666,0.120824,0.0885365,0.0625863,0.0639821,0.0835402,0.0827663,0.0545011,0.0540172,0.0517895,0.0648685,0.0538706
49.969342404,0.0888916,0.110339,0.0846325,0.0486123,0.0327354,0.0571032,0.125681,0.0880877,0.0274626,0.0291943,0.06679,0.0869059
50.015782313,0.118721,0.0882854,0.0610733,0.03838,0.0252696,0.0613441,0.142101,0.0729227,0.0185128,0.0181753,0.0624214,0.0976103
50.062222222,0.112794,0.0629269,0.064532,0.0403528,0.0234995,0.0537877,0.118152,0.0681731,0.0201017,0.0280455,0.0663173,0.106
50.108662132,0.0612655,0.0497975,0.0537098,0.027961,0.0150283,0.0383956,0.0683664,0.0362955,0.0156816,0.0196051,0.0271373,0.0521539
50.155102041,0.0155978,0.0149248,0.0192854,0.0137345,0.00592568,0.0136193,0.029909,0.0171841,0.00513474,0.00526884,0.0091993,0.020185
50.201541950,0.0944088,0.106261,0.0616647,0.0424558,0.0541773,0.106753,0.116709,0.0989006,0.0756371,0.0607596,0.0786643,0.0986675
50.247981859,0.0704495,0.0847261,0.0561675,0.0448748,0.0265962,0.100751,0.179872,0.10883,0.101666,0.0705088,0.0686078,0.10738
50.294421769,0.123416,0.134281,0.142824,0.10276,0.0984868,0.159346,0.22316,0.17704,0.121441,0.0986277,0.0715386,0.0957966
50.340861678,0.111755,0.145716,0.131938,0.0982939,0.134664,0.109623,0.102307,0.113385,0.107276,0.0790166,0.0786111,0.0815819
50.387301587,0.0898041,0.0875695,0.074744,0.0540003,0.0429654,0.057053,0.0776068,0.0465349,0.0306055,0.0322635,0.0368892,0.04223
50.433741497,0.0850623,0.0514384,0.0499,0.035308,0.00943479,0.0433695,0.0914156,0.0444126,0.0143753,0.0165033,0.0271827,0.037299
50.480181406,0.0714151,0.0310981,0.0280886,0.0186571,0.00831985,0.0254274,0.0588916,0.0330165,0.015628,0.0123873,0.0100813,0.0135597
50.526621315,0.0869037,0.0520782,0.0342575,0.0246334,0.0269895,0.0394133,0.0628354,0.0554333,0.0387045,0.0504992,0.0478871,0.0492838
50.573061224,0.101657,0.131423,0.108182,0.0407191,0.0262635,0.0768572,0.175497,0.114717,0.0341883,0.0391933,0.08678,0.130625
50.619501134,0.080466,0.0821099,0.0562976,0.0324986,0.0255295,0.0696835,0.178299,0.0958756,0.0314337,0.0285161,0.0907884,0.13856
50.665941043,0.0616578,0.0718469,0.058308,0.0325264,0.0213802,0.0665217,0.151037,0.0706031,0.017203,0.025931,0.0595344,0.0913932
50.712380952,0.0861669,0.0986541,0.0623228,0.0373932,0.0254864,0.0746694,0.16046,0.0804909,0.0235803,0.0344092,0.0665323,0.0994871
50.758820862,0.183303,0.172744,0.157001,0.143737,0.171284,0.165497,0.163368,0.155799,0.12793,0.105625,0.12314,0.137494
50.805260771,0.0967155,0.117019,0.0945049,0.102594,0.0904627,0.0884038,0.100658,0.0741627,0.0670343,0.0534826,0.0478669,0.0632066
50.851700680,0.0686315,0.0745191,0.110817,0.0687686,0.0519571,0.0651865,0.124076,0.0730182,0.0309654,0.0380837,0.038427,0.086281
50.898140590,0.0481433,0.0908506,0.159148,0.0941191,0.0476388,0.0681986,0.122866,0.0931367,0.0501744,0.0455702,0.0336025,0.068664
50.944580499,0.0481362,0.0942672,0.149436,0.0923318,0.0387234,0.0625281,0.127333,0.0660076,0.043094,0.0493043,0.0363302,0.0397638
50.991020408,0.165109,0.133672,0.120229,0.0949398,0.0620603,0.0399455,0.0935579,0.0997615,0.0570013,0.0642761,0.0615832,0.0898415
51.037460317,0.0264444,0.067483,0.109767,0.0502193,0.0181143,0.0288781,0.0490774,0.0427361,0.0507182,0.0984456,0.0584773,0.0388276
51.083900227,0.0121265,0.0359491,0.0737078,0.0345415,0.0137169,0.0259209,0.0619089,0.0296348,0.0329093,0.0807321,0.0459852,0.0296593
51.130340136,0.0344964,0.0303223,0.0438079,0.0271611,0.0206419,0.0581009,0.0995751,0.0484588,0.0342265,0.0543376,0.0237527,0.0339127
51.176780045,0.035569,0.0279702,0.0387603,0.0283992,0.0238614,0.019835,0.0489233,0.0467621,0.0387243,0.0334599,0.0433112,0.0578815
51.223219955,0.229656,0.208996,0.0686604,0.0310406,0.0313337,0.0390296,0.0601281,0.0768387,0.0873304,0.0667196,0.0427817,0.112702
51.269659864,0.0337321,0.0606069,0.0293805,0.0221011,0.0279981,0.0300389,0.0206805,0.0464373,0.106148,0.0629413,0.0328189,0.0447839
51.316099773,0.0242197,0.0487662,0.0236993,0.00867235,0.0293613,0.0482354,0.0282319,0.0393211,0.0824124,0.0369018,0.0169545,0.018671
51.362539683,0.027425,0.0446548,0.0166365,0.00738452,0.0280795,0.0430796,0.0197929,0.0364842,0.0791192,0.0366804,0.0160686,0.0243835
51.408979592,0.0231299,0.0230863,0.0161374,0.0145208,0.0161457,0.0159861,0.0139628,0.0154448,0.0222424,0.0216676,0.021707,0.0234219
51.455419501,0.0725781,0.0219411,0.0336665,0.0580921,0.0367701,0.0626661,0.147117,0.0801071,0.0249921,0.0254949,0.0528572,0.119002
51.501859410,0.0808769,0.0194514,0.0274737,0.0503729,0.0343293,0.0546176,0.117096,0.061927,0.0194667,0.0269122,0.0530656,0.122906
51.548299320,0.0851759,0.147166,0.106412,0.0275935,0.0373823,0.051176,0.0338838,0.0504145,0.0995084,0.0531994,0.0155583,0.0238178
51.594739229,0.137488,0.161197,0.0737313,0.0215181,0.0494883,0.0638244,0.0359868,0.0281317,0.0479407,0.0379133,0.0314004,0.0373018
51.641179138,0.173638,0.218051,0.186339,0.144702,0.141064,0.10722,0.0983958,0.141024,0.154306,0.136189,0.133395,0.110439
51.687619048,0.0714066,0.129501,0.115788,0.0751959,0.0759219,0.0722568,0.0799854,0.0716273,0.0590763,0.0608465,0.0417581,0.0632792
51.734058957,0.0635739,0.0664614,0.0838183,0.0506476,0.0334075,0.0486901,0.0970482,0.0665517,0.041639,0.0813258,0.0713964,0.0634485
51.780498866,0.0132188,0.0372423,0.0696993,0.0410421,0.020143,0.0441773,0.0843319,0.0850144,0.0687917,0.0869107,0.0531429,0.0394203
51.826938776,0.0216251,0.0327255,0.0703313,0.0439007,0.0163283,0.0418208,0.104249,0.0990423,0.0628791,0.066821,0.0403982,0.037036
51.873378685,0.0295904,0.0407268,0.0656184,0.0410918,0.0262026,0.0510251,0.0959008,0.0823978,0.0320514,0.0180108,0.022176,0.0342865
51.919818594,0.0164694,0.0148716,0.0239165,0.0128755,0.00748405,0.013537,0.035494,0.0385937,0.0175131,0.00957967,0.0125108,0.0207394
51.966258503,0.0164912,0.0161853,0.0254908,0.0244672,0.018483,0.0189173,0.0291142,0.0253281,0.0221227,0.0248452,0.0196542,0.0232285
52.012698413,0.0393021,0.0636744,0.120761,0.080933,0.0212526,0.0618129,0.095248,0.138189,0.119879,0.05361,0.0672583,0.0937494
52.059138322,0.0898152,0.0942672,0.137249,0.0757667,0.0576573,0.0974382,0.0932733,0.124068,0.116102,0.0816577,0.055593,0.103493
52.105578231,0.144956,0.160306,0.147163,0.129625,0.146355,0.133531,0.115559,0.108874,0.122983,0.0885068,0.100399,0.115542
52.152018141,0.0768712,0.101192,0.0866619,0.0676671,0.0666101,0.0580425,0.0656002,0.0444159,0.0536442,0.0402054,0.0476251,0.0575546
52.198458050,0.0408754,0.0682089,0.0546398,0.0251528,0.0279039,0.0544552,0.091551,0.0952209,0.0827133,0.0359215,0.0325002,0.0552394
52.244897959,0.0323567,0.0480005,0.0357209,0.0192437,0.01738,0.024575,0.0428116,0.0638295,0.05693,0.026914,0.0208787,0.0361314
52.291337868,0.02312,0.0354463,0.0343494,0.0125738,0.0188452,0.0202487,0.0330733,0.0533379,0.0414855,0.0155464,0.0131346,0.01774
52.337777778,0.0468929,0.0592634,0.108575,0.0810533,0.0389392,0.0877801,0.136037,0.0590704,0.054275,0.0995942,0.0768251,0.070297
52.384217687,0.0339994,0.0589293,0.117581,0.0569622,0.0173948,0.0558605,0.105321,0.0866898,0.0670079,0.0663579,0.050128,0.0658325
52.430657596,0.0184483,0.0490907,0.112143,0.0632324,0.00903908,0.040187,0.098778,0.0864266,0.0565262,0.0325195,0.0271008,0.0410599
52.477097506,0.0277875,0.0560378,0.0950571,0.0466961,0.0140719,0.058994,0.141395,0.0851079,0.0654281,0.0648536,0.0382065,0.0420808
52.523537415,0.111123,0.09447,0.104106,0.13178,0.108883,0.10133,0.141698,0.0957616,0.0801129,0.0957149,0.0987044,0.108217
52.569977324,0.0859252,0.101548,0.105057,0.08132,0.0917486,0.0842477,0.0971242,0.085719,0.0892487,0.0645511,0.0759637,0.0746797
52.616417234,0.0697577,0.0811988,0.0671301,0.0324663,0.0206674,0.051227,0.071412,0.0498633,0.0418178,0.0403071,0.0505642,0.0423745
52.662857143,0.0262489,0.0513443,0.021378,0.0113101,0.0323849,0.0741292,0.108418,0.0589675,0.0301168,0.0265416,0.0429402,0.0342874
52.709297052,0.0265374,0.0491234,0.0283779,0.0152405,0.0305674,0.0810951,0.106271,0.0591375,0.0460933,0.0479296,0.0568411,0.0187528
52.755736961,0.111765,0.165755,0.112995,0.0534532,0.0579976,0.0847091,0.101317,0.0816485,0.0801502,0.0800388,0.0571066,0.0631079
52.802176871,0.0534014,0.0894145,0.0923096,0.0406942,0.0319175,0.0743899,0.0920552,0.0552745,0.0503223,0.0910888,0.0758087,0.0487701
52.848616780,0.0527764,0.0812752,0.0991052,0.0496794,0.03566,0.0649096,0.090346,0.0513282,0.0587594,0.0723568,0.043975,0.0357389
52.895056689,0.0499457,0.106154,0.060717,0.045842,0.0458361,0.0892109,0.15039,0.0870195,0.0449331,0.0242527,0.0607684,0.0382668
52.941496599,0.0674102,0.106709,0.0821432,0.0535519,0.0557549,0.108611,0.184341,0.0897284,0.0552175,0.0572772,0.0670904,0.0587428
52.987936508,0.138097,0.178253,0.180833,0.160609,0.151435,0.119467,0.159989,0.143746,0.121965,0.0882145,0.104647,0.112264
53.034376417,0.069628,0.0893523,0.0791527,0.0671078,0.0630738,0.0684396,0.073322,0.0516991,0.0597269,0.0493804,0.0526577,0.0565128
53.080816327,0.0438628,0.0646196,0.0347891,0.0275859,0.0230324,0.0922095,0.119639,0.0817547,0.0939602,0.0626895,0.0543967,0.0401068
53.127256236,0.0231643,0.054499,0.0279249,0.0159753,0.029945,0.0789485,0.109329,0.07258,0.0760074,0.0417882,0.039277,0.0295781
53.173696145,0.0231149,0.0445131,0.0317675,0.0149711,0.021551,0.0437267,0.0721755,0.0419564,0.0222421,0.0229276,0.0279221,0.0160676
53.220136054,0.02508,0.108299,0.135526,0.0409866,0.0520927,0.106093,0.132615,0.095781,0.131934,0.100708,0.0457114,0.0295512
53.266575964,0.0306986,0.0714007,0.12639,0.0625336,0.0256055,0.0883772,0.149881,0.0731983,0.0469324,0.0819271,0.0691216,0.0332834
53.313015873,0.0249238,0.0648411,0.0806587,0.0352048,0.0341596,0.0845962,0.14136,0.0866436,0.0694975,0.05299,0.0678239,0.042604
53.359455782,0.0322509,0.0587074,0.0413027,0.0205127,0.0274888,0.0758759,0.126362,0.084509,0.0722658,0.0618077,0.0570033,0.0457379
53.405895692,0.0934765,0.107937,0.0957375,0.0756215,0.065891,0.0778374,0.148801,0.132827,0.0900551,0.0970691,0.0999184,0.057606
53.452335601,0.121074,0.116091,0.117637,0.0940051,0.101993,0.0923574,0.113428,0.122119,0.0974825,0.0864035,0.0839793,0.104565
53.498775510,0.10154,0.0780974,0.0631533,0.0528777,0.042416,0.0526623,0.0909839,0.0487448,0.0391973,0.0515747,0.0562765,0.0910185
53.545215420,0.119954,0.0407872,0.0642996,0.0621542,0.031476,0.0522179,0.127731,0.0761377,0.0207395,0.0196331,0.0720251,0.138036
53.591655329,0.121548,0.0489271,0.0493645,0.0328555,0.01864,0.0632228,0.143296,0.071522,0.0149915,0.0229274,0.0646843,0.126992
53.638095238,0.0968697,0.051999,0.0634143,0.0481583,0.0162155,0.0593723,0.119856,0.0723536,0.0215033,0.0253832,0.0576749,0.0974656
53.684535147,0.0342317,0.0272396,0.0337007,0.0191498,0.0106844,0.0259492,0.049447,0.0289014,0.0116823,0.00868214,0.0194991,0.0313884
53.730975057,0.0130316,0.0133937,0.0160316,0.0132906,0.00843204,0.0140242,0.0271274,0.0212847,0.0126443,0.0110842,0.00646976,0.0200219
53.777414966,0.069092,0.0931199,0.0847992,0.0758247,0.0514233,0.0513237,0.14571,0.114835,0.0496403,0.0520778,0.111768,0.100163
53.823854875,0.094076,0.0908575,0.086548,0.0868528,0.0525594,0.118244,0.236511,0.128819,0.0378465,0.0530642,0.0847836,0.106254
53.870294785,0.190202,0.193689,0.191761,0.171218,0.160874,0.111894,0.142776,0.161386,0.145182,0.106126,0.139035,0.17419
53.916734694,0.0904461,0.106974,0.107046,0.0884215,0.0853971,0.0791355,0.0868199,0.0772968,0.0630365,0.0478723,0.0568103,0.0739094
53.963174603,0.102708,0.0529205,0.0636461,0.063685,0.034784,0.076423,0.129197,0.0760688,0.0282728,0.0429809,0.0530133,0.0866261
54.009614512,0.0886085,0.04365,0.0447973,0.0313189,0.0135875,0.0483313,0.11027,0.0652329,0.0179488,0.0138819,0.0225646,0.0551186
54.056054422,0.0785871,0.0371664,0.0303843,0.0287533,0.0155938,0.0320693,0.068231,0.0441691,0.0143603,0.0170987,0.0137514,0.0389742
54.102494331,0.0909992,0.053394,0.0591998,0.0991281,0.0704629,0.0813236,0.110556,0.0616332,0.0797072,0.0954547,0.148815,0.130499
54.148934240,0.109786,0.0484572,0.0433439,0.0513314,0.0377039,0.0927759,0.148021,0.0837382,0.0518974,0.0372762,0.0919545,0.162913
54.195374150,0.123522,0.0550722,0.0323915,0.0232211,0.0264264,0.103281,0.122784,0.0693125,0.0252881,0.0430572,0.0640251,0.130041
54.241814059,0.0855778,0.0444955,0.055014,0.0328588,0.0344796,0.105172,0.121291,0.0529508,0.0159749,0.0340063,0.0577577,0.104943
54.288253968,0.0588278,0.0668292,0.0907577,0.0789523,0.0617839,0.089094,0.149583,0.0879696,0.047473,0.0565237,0.0897191,0.101936
54.334693878,0.115247,0.124343,0.125801,0.0903609,0.131166,0.111875,0.0757459,0.109171,0.109514,0.097281,0.103097,0.111278
54.381133787,0.0961175,0.101634,0.0814224,0.0653355,0.078779,0.0775467,0.0763128,0.0376384,0.0477982,0.064566,0.0570879,0.0827632
54.427573696,0.0298759,0.0382055,0.0339851,0.0491809,0.0873968,0.0627011,0.111633,0.0747889,0.0596385,0.0701828,0.0353169,0.0541307
54.474013605,0.0390189,0.0304013,0.0426342,0.0415353,0.0765279,0.0817334,0.099828,0.0805493,0.0473369,0.0561972,0.0403329,0.055951
54.520453515,0.0386152,0.0393822,0.0601028,0.044748,0.0385782,0.0452495,0.106808,0.0663375,0.0484267,0.0749789,0.0247426,0.0261532
54.566893424,0.0370711,0.0479221,0.0886218,0.0740642,0.0645388,0.0496979,0.0565029,0.0383585,0.0647024,0.134025,0.0817598,0.038068
54.613333333,0.0161805,0.0587062,0.0967739,0.0608667,0.0545965,0.0457061,0.0321799,0.0210474,0.0730825,0.147815,0.0721465,0.0243733
54.659773243,0.0205284,0.05758,0.107315,0.0609056,0.0730254,0.0636198,0.109536,0.0698031,0.077637,0.156062,0.0740481,0.0316494
54.706213152,0.0330061,0.0631007,0.0722023,0.0551964,0.0809266,0.0917929,0.164324,0.0742992,0.0771603,0.16431,0.0716964,0.0313349
54.752653061,0.147899,0.16365,0.177166,0.14565,0.125605,0.124359,0.1497,0.126093,0.139199,0.174398,0.138535,0.117554
54.799092971,0.0803789,0.11167,0.104577,0.0862148,0.0972635,0.0783702,0.0843321,0.077776,0.0785539,0.0604051,0.0416976,0.0603151
54.845532880,0.0611277,0.0684653,0.0673359,0.0564195,0.0727679,0.0694273,0.0789949,0.0588532,0.0551509,0.0668484,0.0449446,0.0608304
54.891972789,0.0338331,0.0296391,0.0290265,0.0520915,0.107361,0.0878797,0.0780826,0.063363,0.0631959,0.0785498,0.063868,0.0645702
54.938412698,0.0290369,0.0346154,0.0240927,0.0619485,0.094232,0.0378206,0.0266982,0.0178672,0.0512363,0.0789961,0.0635442,0.0357936
54.984852608,0.0487544,0.0859236,0.120517,0.088223,0.0767587,0.0775188,0.0548523,0.0555059,0.0464779,0.124317,0.113063,0.0610132
55.031292517,0.0306353,0.0400621,0.0796942,0.0559971,0.0359248,0.0630203,0.133336,0.0676512,0.0689439,0.14047,0.0798486,0.02974
55.077732426,0.00887118,0.0423138,0.100601,0.0521564,0.0221412,0.0611135,0.125085,0.0712078,0.0633135,0.136023,0.0706362,0.0145666
55.124172336,0.0121257,0.0344123,0.0744629,0.0443236,0.0283801,0.0701544,0.153409,0.0742733,0.0581908,0.121962,0.0640616,0.01402
55.170612245,0.0666601,0.0619284,0.08136,0.060022,0.0569595,0.0681371,0.136284,0.0879507,0.0710308,0.103062,0.0667917,0.045672
55.217052154,0.139237,0.132029,0.126525,0.115291,0.140633,0.11957,0.102803,0.121002,0.117127,0.0944339,0.104311,0.122321
55.263492063,0.0878934,0.0880103,0.0847679,0.0691208,0.0618858,0.0626473,0.0794155,0.0357166,0.0514148,0.0381986,0.0379934,0.0613666
55.309931973,0.0608165,0.0315655,0.061531,0.0527791,0.0311338,0.0688945,0.138278,0.111256,0.043939,0.0320019,0.0569953,0.106952
55.356371882,0.0267227,0.0312342,0.0792079,0.0618735,0.0228607,0.0666641,0.144654,0.116607,0.0482833,0.0283314,0.0394032,0.0555148
55.402811791,0.0292635,0.0437492,0.0811389,0.045949,0.0179814,0.0370761,0.103795,0.0922044,0.0462403,0.023249,0.0256978,0.0428498
55.449251701,0.02385,0.0234228,0.0397242,0.0245824,0.0131895,0.0288111,0.0604559,0.0478783,0.0184939,0.0148315,0.0178594,0.0323589
55.495691610,0.00954087,0.00942727,0.0153045,0.00961245,0.00482311,0.00834514,0.0248221,0.0219176,0.0128374,0.00433567,0.00813371,0.0129102
55.542131519,0.0685392,0.0572426,0.109159,0.0853407,0.0429762,0.0513411,0.090654,0.146211,0.0981739,0.0755222,0.0983125,0.108443
55.588571429,0.0449129,0.0640025,0.124118,0.087356,0.0298112,0.0644614,0.159924,0.163389,0.0852033,0.028997,0.0557798,0.0913962
55.635011338,0.139632,0.141609,0.156906,0.133571,0.0990483,0.134115,0.194209,0.182692,0.144607,0.101311,0.106447,0.139086
55.681451247,0.0803802,0.127602,0.110463,0.0968722,0.0966793,0.0935374,0.101822,0.0716555,0.0827062,0.0720939,0.0591178,0.0924942
55.727891156,0.072048,0.0690106,0.0769978,0.0539973,0.0376526,0.0545845,0.0956904,0.0793033,0.0578324,0.0298976,0.0490935,0.0774613
55.774331066,0.0351295,0.0192843,0.039523,0.0317286,0.0139724,0.0396721,0.0928264,0.0838701,0.0373571,0.0254349,0.0399678,0.0730346
55.820770975,0.0251429,0.0170358,0.0255676,0.0175912,0.00873405,0.0169311,0.0566677,0.0617159,0.0325616,0.0166876,0.0254062,0.0462039
55.867210884,0.0747284,0.0388975,0.0485426,0.0360679,0.0460455,0.0591258,0.0944934,0.104952,0.0709164,0.0569107,0.0549555,0.0885526
55.913650794,0.0284418,0.0675659,0.116055,0.0654013,0.0300736,0.045742,0.101342,0.112814,0.147779,0.104628,0.0369518,0.0794217
55.960090703,0.0246259,0.046114,0.0946675,0.0514622,0.00803426,0.0491705,0.110958,0.113707,0.0590043,0.0454287,0.0353569,0.0535196
56.006530612,0.0150932,0.0376301,0.0863699,0.0403305,0.00683376,0.0385609,0.119777,0.124487,0.0584279,0.0522259,0.0408863,0.0432431
56.052970522,0.0537878,0.0629664,0.0826839,0.0684153,0.0399952,0.0714659,0.152961,0.118504,0.0636913,0.0702091,0.0551216,0.0569993
56.099410431,0.124565,0.140742,0.142569,0.137622,0.147352,0.132122,0.124999,0.120141,0.108507,0.0927226,0.111575,0.124507
56.145850340,0.0732382,0.0896938,0.0827312,0.069795,0.06381,0.06817,0.0777978,0.0559272,0.0685099,0.0558926,0.045449,0.042386
56.192290249,0.0501006,0.0682741,0.0522721,0.0222462,0.0328737,0.0817884,0.0894348,0.0702981,0.0861546,0.0539176,0.0586466,0.0308874
56.238730159,0.030782,0.0559179,0.0267798,0.0115501,0.0332007,0.0642323,0.110195,0.0610023,0.0421401,0.0283821,0.0491709,0.0325976
56.285170068,0.0293415,0.0529924,0.0253194,0.0122058,0.0191611,0.0578095,0.101912,0.0613837,0.0335401,0.0393546,0.0543913,0.0376885
56.331609977,0.0590826,0.152933,0.152005,0.0628698,0.0508424,0.0521037,0.0774656,0.035363,0.0912072,0.096446,0.0550508,0.0471271
56.378049887,0.0438942,0.087421,0.10561,0.045804,0.0294464,0.0510035,0.0608827,0.0469098,0.0361303,0.0732102,0.0708508,0.0351748
56.424489796,0.0447624,0.0916998,0.103116,0.0573737,0.0387117,0.102575,0.135377,0.0772377,0.0745987,0.0660093,0.0288863,0.0344707
56.470929705,0.0570445,0.101191,0.0600193,0.0204024,0.0380582,0.128081,0.177925,0.0936138,0.0832174,0.0702482,0.0594804,0.046368
56.517369615,0.0921189,0.118156,0.111891,0.0882048,0.0819409,0.144316,0.194961,0.0904425,0.0661606,0.0770411,0.0861475,0.0690307
56.563809524,0.0979586,0.141584,0.130641,0.0967328,0.119188,0.111377,0.116807,0.114528,0.114377,0.0905279,0.0904603,0.0953375
56.610249433,0.0793138,0.0836535,0.0578446,0.0555253,0.0388193,0.0567603,0.0595047,0.0562341,0.0489823,0.0524248,0.0458967,0.0409227
56.656689342,0.0393037,0.0877205,0.0473924,0.0170953,0.0267884,0.102732,0.13068,0.0626236,0.0504725,0.043921,0.0658064,0.0381127
56.703129252,0.02729,0.0622987,0.0340888,0.0196957,0.041172,0.106286,0.109766,0.0545525,0.0454678,0.0344032,0.0447479,0.025866
56.749569161,0.0415701,0.044275,0.043067,0.0370635,0.0366736,0.0594621,0.07482,0.059544,0.0406738,0.0407171,0.0396239,0.0232154
56.796009070,0.0417087,0.058802,0.109653,0.0667978,0.0431113,0.0904644,0.0989011,0.126503,0.103177,0.035475,0.0540488,0.0575903
56.842448980,0.0260446,0.0696167,0.107753,0.0483489,0.0311539,0.0734152,0.139029,0.149468,0.0797523,0.0317952,0.0528361,0.046325
56.888888889,0.0296681,0.0645292,0.0844868,0.0367868,0.0436642,0.0791102,0.125108,0.130746,0.054249,0.027872,0.0864063,0.0807716
56.935328798,0.0509849,0.0696889,0.0672034,0.0444318,0.0403965,0.078251,0.135574,0.128441,0.066674,0.041435,0.0686134,0.0485908
56.981768707,0.156268,0.16759,0.185383,0.160904,0.134926,0.123249,0.131891,0.131089,0.138095,0.132384,0.153749,0.138711
57.028208617,0.0972023,0.132843,0.0974558,0.0712366,0.081725,0.0914556,0.0908227,0.0669963,0.0585087,0.0745998,0.0728326,0.0626971
57.074648526,0.0838161,0.118718,0.0786664,0.0525383,0.04317,0.0796153,0.141119,0.0845303,0.0234764,0.0439483,0.0729154,0.0679838
57.121088435,0.12652,0.0830857,0.070526,0.0540735,0.033579,0.0539321,0.135999,0.0698283,0.0209807,0.0288592,0.0662276,0.104074
57.167528345,0.112541,0.0749704,0.0669934,0.0276266,0.0234452,0.0561894,0.125321,0.0605581,0.0193482,0.0236242,0.0560308,0.101509
57.213968254,0.0734269,0.0547253,0.0612515,0.0360079,0.0213253,0.0428652,0.0769416,0.0432559,0.0178536,0.0222265,0.0400338,0.0662106
57.260408163,0.0172911,0.0313945,0.0297969,0.0203681,0.019368,0.0247599,0.0432367,0.0269728,0.0141703,0.0142852,0.0170622,0.0247113
57.306848073,0.150431,0.150192,0.147704,0.139303,0.127444,0.113096,0.0972786,0.12031,0.120336,0.112312,0.114483,0.116679
57.353287982,0.0904182,0.126876,0.110226,0.0800018,0.0748324,0.0956394,0.127395,0.103692,0.088656,0.0788479,0.0759788,0.0906582
57.399727891,0.0603052,0.0927742,0.0401318,0.0465533,0.0320173,0.0779403,0.146715,0.0744982,0.0489551,0.0464634,0.0593607,0.0682031
57.446167800,0.0969438,0.058239,0.0494459,0.044743,0.021274,0.0599164,0.10829,0.0570649,0.0497591,0.0438382,0.0529661,0.0791478
57.492607710,0.11028,0.0487857,0.0505006,0.0223117,0.0218259,0.0594044,0.122986,0.0739699,0.0250558,0.0223225,0.0583311,0.0992984
57.539047619,0.0962658,0.038916,0.0469281,0.0271696,0.0125972,0.0510541,0.089449,0.0434056,0.025938,0.0273909,0.037966,0.0625703
57.585487528,0.0613237,0.0331005,0.0307674,0.0237055,0.0168878,0.038155,0.0705077,0.0369792,0.0138042,0.0159238,0.00957208,0.0208981
57.631927438,0.0853774,0.0878486,0.0934286,0.104085,0.0913499,0.0971173,0.107909,0.0904938,0.0804214,0.0688631,0.0740042,0.0735577
57.678367347,0.105545,0.114294,0.11348,0.0751659,0.11536,0.104875,0.111771,0.112372,0.104212,0.0831786,0.0711096,0.0859895
57.724807256,0.0823715,0.0886225,0.0657114,0.0426408,0.0444324,0.0767984,0.116114,0.0565917,0.033338,0.0442013,0.0586901,0.0759766
57.771247166,0.0526883,0.0718302,0.071714,0.0430427,0.0231238,0.0561196,0.129727,0.0732029,0.0176719,0.0154532,0.0642103,0.0872862
57.817687075,0.0759726,0.096702,0.0729104,0.0272444,0.020959,0.0697959,0.152624,0.0711705,0.0111193,0.0134734,0.0543705,0.094465
57.864126984,0.0766341,0.0835655,0.109355,0.0784665,0.0490279,0.0602742,0.0873836,0.082247,0.0353729,0.0264923,0.0392222,0.0690197
57.910566893,0.0601406,0.091486,0.130458,0.0738777,0.0773724,0.144617,0.141487,0.0690398,0.0541488,0.0717272,0.0817185,0.0797206
57.957006803,0.0588004,0.105431,0.153583,0.0828574,0.0334571,0.0865027,0.133117,0.0680458,0.026087,0.0484205,0.0734071,0.113148
58.003446712,0.0478258,0.111216,0.175722,0.0986594,0.0454717,0.0718785,0.144057,0.104156,0.0398009,0.0589881,0.0322561,0.0754063
58.049886621,0.0367681,0.100008,0.180015,0.0935291,0.0460085,0.0655658,0.14925,0.124511,0.0748611,0.0908372,0.0573276,0.0498881
58.096326531,0.154419,0.174388,0.201296,0.16152,0.13067,0.119801,0.119658,0.147207,0.125593,0.123337,0.131371,0.152895
58.142766440,0.0745803,0.10617,0.108793,0.0772278,0.0668329,0.0679088,0.0568022,0.060203,0.0386202,0.0551547,0.0324928,0.0601568
58.189206349,0.0288418,0.0416561,0.0697458,0.0324493,0.0153433,0.028087,0.0470487,0.0288023,0.0472656,0.0997122,0.0614184,0.0306384
58.235646259,0.00558889,0.0203991,0.0425655,0.0188631,0.00543459,0.0344968,0.0588904,0.0170998,0.0338292,0.0747349,0.0417799,0.0186655
58.282086168,0.00672274,0.0185018,0.0248797,0.0103841,0.0120708,0.0162256,0.0154683,0.0116406,0.0185259,0.0272831,0.0120813,0.0116064
58.328526077,0.229783,0.234226,0.0965426,0.0306988,0.0647176,0.0570803,0.0458508,0.0958509,0.116518,0.0601244,0.0623948,0.124292
58.374965986,0.0495188,0.0663268,0.0467199,0.0152142,0.0210673,0.0275544,0.0276315,0.0430067,0.0935848,0.0815426,0.0420241,0.0678911
58.421405896,0.0310085,0.0581351,0.03848,0.0217015,0.0227147,0.0367357,0.0253275,0.0209399,0.0508455,0.0388745,0.0429643,0.0764039
58.467845805,0.0200301,0.0355738,0.018037,0.00807597,0.0138208,0.0215647,0.0138117,0.0225583,0.0515102,0.0367745,0.0234125,0.0222066
58.514285714,0.0123842,0.0182345,0.0136316,0.0115411,0.0111879,0.0114465,0.0109887,0.0214548,0.0276033,0.0204047,0.0190284,0.024399
58.560725624,0.100339,0.0476354,0.03644,0.0410879,0.0288949,0.0522506,0.11899,0.0791978,0.0261622,0.0166274,0.0585643,0.154637
58.607165533,0.0852824,0.0539173,0.0335466,0.0303099,0.0189997,0.0285138,0.0817775,0.0459891,0.0191782,0.021697,0.0745963,0.152402
58.653605442,0.121002,0.0855037,0.0343131,0.0198903,0.0159791,0.0158541,0.0333662,0.0388746,0.0284209,0.0231665,0.045532,0.137378
58.700045351,0.0586645,0.0918728,0.0477034,0.0144591,0.0125542,0.0201533,0.0390393,0.0238187,0.0449466,0.0247117,0.020025,0.0475549
58.746485261,0.0416392,0.054637,0.0276801,0.0209383,0.0161991,0.0194445,0.0353219,0.0127477,0.0362706,0.0381718,0.0654944,0.123066
58.792925170,0.0497402,0.0873002,0.0910125,0.0417332,0.0146659,0.0406435,0.0736515,0.0462542,0.0311721,0.0268961,0.054388,0.115785
58.839365079,0.0731418,0.0681173,0.0495323,0.026949,0.0232209,0.0405788,0.0695977,0.0520738,0.0586304,0.0280385,0.0575658,0.115671
58.885804989,0.0438391,0.0790332,0.0973993,0.0324393,0.0121086,0.0353801,0.0679664,0.0440684,0.0427406,0.0502551,0.0491033,0.091093
58.932244898,0.0415409,0.0298481,0.0872366,0.0568487,0.0193188,0.042509,0.0869753,0.0446977,0.0336109,0.0542701,0.0578331,0.0796012
58.978684807,0.027067,0.051125,0.0884641,0.0409569,0.0151208,0.0262646,0.0581896,0.0508119,0.0263123,0.0214921,0.0367729,0.0711283
59.025124717,0.0344583,0.0419884,0.0903925,0.0494378,0.0095691,0.0435952,0.103693,0.056924,0.0366734,0.0548593,0.0545883,0.0659046
59.071564626,0.0233474,0.0337629,0.0742318,0.0395547,0.0155325,0.0531468,0.110219,0.0551127,0.0296853,0.0460569,0.0290524,0.040899
59.118004535,0.0135256,0.0324573,0.0619137,0.0324562,0.0136674,0.0392743,0.0823188,0.0455525,0.0117686,0.00857143,0.0126651,0.027839
59.164444444,0.0291726,0.0351635,0.0661846,0.036035,0.00867756,0.0242927,0.0494143,0.0309273,0.0135128,0.00883307,0.0200571,0.0352459
59.210884354,0.0214497,0.0522252,0.0739109,0.0263374,0.0238736,0.0252057,0.0566167,0.0507751,0.022321,0.0194463,0.0319551,0.0329592
59.257324263,0.0175409,0.0406097,0.100252,0.0464347,0.00993219,0.0109616,0.0458777,0.0443266,0.0374591,0.0620409,0.0427207,0.0250623
59.303764172,0.00846532,0.0522417,0.104956,0.0467998,0.00701029,0.0142115,0.035059,0.0443654,0.0186241,0.0232592,0.0199275,0.0155656
59.350204082,0.0584214,0.0700491,0.0532052,0.0207115,0.00731938,0.0275482,0.0642635,0.0434222,0.0154324,0.018904,0.0220843,0.0387576
59.396643991,0.0175685,0.0261735,0.0333516,0.0167061,0.0136768,0.0179302,0.0364989,0.0259484,0.00805125,0.0107039,0.0141479,0.0159549
59.443083900,0.0220263,0.029116,0.0503023,0.0477891,0.0752495,0.0568008,0.0271797,0.0157568,0.017904,0.0423575,0.0439314,0.0320039
59.489523810,0.0191249,0.0320754,0.0612572,0.0426121,0.0521672,0.0277526,0.0371065,0.022818,0.0265077,0.0476097,0.0273643,0.0181264
59.535963719,0.0141788,0.0246503,0.0401775,0.0171028,0.0347635,0.0230473,0.0205788,0.00936976,0.038045,0.0839653,0.0471375,0.0169674
59.582403628,0.0110085,0.0161958,0.0282576,0.0204747,0.018825,0.0212455,0.0287192,0.0145744,0.0311266,0.0783541,0.0507956,0.0187852
59.628843537,0.0167912,0.0512625,0.0513798,0.0106136,0.0166685,0.0104093,0.0195652,0.0122247,0.0295113,0.066161,0.0337911,0.014752
59.675283447,0.0198835,0.0525624,0.0449531,0.0292762,0.0199434,0.0114119,0.0157779,0.0091277,0.0136867,0.0155149,0.0276776,0.0584214
59.721723356,0.0331931,0.0711851,0.037027,0.00888086,0.00805872,0.00809208,0.0107084,0.00803713,0.0109472,0.0110288,0.0120141,0.0212651
59.768163265,0.0318612,0.0750106,0.047803,0.0282871,0.0472793,0.0317424,0.0147121,0.0178769,0.0209449,0.0123352,0.012038,0.0178607
59.814603175,0.0254717,0.0681968,0.0446537,0.0233693,0.0542036,0.0260638,0.0104237,0.0154043,0.023705,0.0197887,0.0111258,0.0151835
59.861043084,0.0521507,0.0605337,0.0178709,0.024101,0.0514578,0.0312578,0.0125917,0.0137005,0.0118909,0.00878797,0.0131643,0.0222739
59.907482993,0.0466696,0.0741658,0.0380531,0.0266595,0.0392804,0.019037,0.0353943,0.0256098,0.0109842,0.00806579,0.00921601,0.0153871
59.953922902,0.0633676,0.0145848,0.00902992,0.0109947,0.026914,0.0128557,0.0220194,0.0122469,0.00950515,0.00669086,0.0252959,0.0806404
60.000362812,0.0255809,0.0065351,0.0100775,0.00772844,0.0129176,0.0199995,0.0358487,0.0172799,0.0143185,0.0230611,0.0491001,0.0927692
60.046802721,0.0500515,0.0119595,0.0111371,0.0144637,0.0104715,0.0268831,0.0672043,0.0369859,0.0250421,0.0351843,0.0516328,0.111034
60.093242630,0.0480988,0.0142258,0.0137847,0.0106364,0.0154321,0.0331351,0.0532426,0.026175,0.0297265,0.0352767,0.0481712,0.100214
60.139682540,0.0547346,0.0125093,0.00684426,0.00914378,0.0122535,0.0257057,0.0540201,0.0217164,0.012714,0.0156059,0.0593324,0.139207
60.186122449,0.0333418,0.00977909,0.0038644,0.00767411,0.0104528,0.0277772,0.0616775,0.0355139,0.0118896,0.0106049,0.0405839,0.1025
60.232562358,0.020107,0.0057797,0.00712797,0.00913125,0.0100259,0.0265747,0.0754505,0.0407476,0.0154392,0.0220593,0.0217629,0.0459172
60.279002268,0.0328858,0.00775778,0.0133756,0.0176347,0.0140362,0.0412505,0.0772269,0.0383816,0.010728,0.0110378,0.0258974,0.0603269
60.325442177,0.0697809,0.0430974,0.0159097,0.0358167,0.0460777,0.0237658,0.0376462,0.0472081,0.0185771,0.0157395,0.0214889,0.0489844
60.371882086,0.0112585,0.0301722,0.0219394,0.00476214,0.007921,0.0234628,0.0276889,0.0183483,0.0842368,0.0701789,0.0172393,0.0206295
60.418321995,0.0216423,0.0279528,0.00613706,0.00502023,0.0276265,0.0388257,0.0326646,0.055162,0.0738999,0.0246603,0.0106053,0.0162502
60.464761905,0.0115204,0.0316459,0.0230046,0.00400159,0.0122348,0.0298609,0.0291451,0.0259303,0.080388,0.0519205,0.00945511,0.00569169
60.511201814,0.0171097,0.0295365,0.0236607,0.011369,0.0146071,0.0116072,0.0128192,0.0449428,0.0974937,0.0513575,0.0170691,0.0304369
60.557641723,0.037619,0.0639958,0.0407685,0.0143287,0.0240918,0.0486719,0.0864743,0.0679322,0.060792,0.0770191,0.14531,0.0967883
60.604081633,0.0215927,0.0491617,0.0423182,0.0192602,0.0135269,0.0450513,0.092159,0.0373125,0.0561381,0.0783435,0.0891371,0.0587077
60.650521542,0.00847747,0.0342091,0.0430248,0.0211205,0.00653083,0.04842,0.116353,0.0619543,0.0351894,0.0915046,0.10558,0.043785
60.696961451,0.0193518,0.0395608,0.0489906,0.0284118,0.00890675,0.038681,0.0912643,0.0515583,0.0158918,0.047636,0.0950807,0.0437755
60.743401361,0.0219211,0.0486528,0.0656171,0.0250663,0.0106532,0.0233516,0.0610512,0.0384663,0.013446,0.0478606,0.0832672,0.0355362
60.789841270,0.00651473,0.0509892,0.11974,0.0706094,0.0201407,0.0308606,0.0596767,0.0335365,0.0376873,0.0723242,0.0949182,0.0416776
60.836281179,0.0144507,0.0356988,0.0693929,0.032979,0.0075548,0.0320381,0.0655007,0.0348547,0.0379783,0.077661,0.0615759,0.024995
60.882721088,0.00950572,0.0379798,0.0725228,0.0352368,0.00707384,0.037156,0.0735434,0.0363922,0.0296685,0.0703167,0.0616833,0.0197154
60.929160998,0.0178433,0.0308412,0.0619643,0.0259458,0.00803623,0.0361357,0.0661078,0.0408778,0.0220774,0.0229386,0.0357037,0.0189023
60.975600907,0.026047,0.045879,0.046315,0.0220383,0.01055,0.0258351,0.052497,0.0350059,0.0211696,0.0291314,0.038466,0.0214497
61.022040816,0.00606019,0.0320635,0.0769117,0.0480622,0.0108123,0.0157323,0.043483,0.0243266,0.0228868,0.0554486,0.0489333,0.0224604
61.068480726,0.00545761,0.0264818,0.0435282,0.0201583,0.010842,0.0218144,0.049176,0.0402903,0.0274058,0.0590472,0.0485653,0.0126238
61.114920635,0.00797776,0.0232138,0.0520024,0.0279773,0.00946593,0.0302893,0.0627295,0.0282763,0.0241002,0.0427549,0.0256017,0.0121399
61.161360544,0.0191015,0.0440229,0.0381012,0.0150212,0.0110396,0.0251102,0.0332572,0.0224877,0.0199063,0.0169322,0.014736,0.0127142
61.207800454,0.0157562,0.0285274,0.0858148,0.0867529,0.0471476,0.027379,0.0604909,0.0342746,0.0285932,0.0357642,0.0180668,0.0142993
61.254240363,0.00606907,0.009699,0.0275875,0.03561,0.0532165,0.0312467,0.0501637,0.0248696,0.0167483,0.0548663,0.0417609,0.0218588
61.300680272,0.0154502,0.00689137,0.0146181,0.038819,0.0455646,0.0254976,0.0183637,0.0156861,0.0152289,0.0274945,0.0696025,0.0664284
61.347120181,0.0272535,0.0244596,0.0428827,0.0336069,0.053387,0.0277962,0.0174087,0.0250331,0.0432311,0.0292039,0.0277703,0.0522156
61.393560091,0.00364326,0.0102063,0.0392163,0.0633298,0.0428385,0.012452,0.010019,0.0156822,0.00846402,0.0118061,0.0132577,0.00836216
61.440000000,0.0127166,0.0458231,0.0982246,0.0579148,0.02211,0.00965246,0.017671,0.00909072,0.00667183,0.0126292,0.0159396,0.0160486
61.486439909,0.00454167,0.0278253,0.0699256,0.0357082,0.0138614,0.00644978,0.0172118,0.005091,0.00561634,0.0133222,0.0134426,0.0113809
61.532879819,0.00917012,0.0343543,0.0776858,0.0352621,0.0218521,0.0173633,0.0125018,0.00611978,0.00723201,0.0147119,0.0117133,0.0131556
61.579319728,0.00730416,0.0238544,0.0757763,0.047583,0.0626062,0.0315545,0.00895313,0.00646933,0.0105428,0.0155858,0.0191407,0.0185415
61.625759637,0.0130845,0.0421329,0.0742072,0.0381684,0.0468791,0.0248544,0.00587434,0.00663162,0.00817275,0.0149245,0.0120467,0.0122416
61.672199546,0.0406813,0.0140081,0.0166736,0.0325787,0.0480817,0.0243741,0.0580612,0.0369809,0.0196171,0.0292424,0.0354577,0.0777139
61.718639456,0.0270885,0.0048284,0.012085,0.0228665,0.0303285,0.0292631,0.0832373,0.0444762,0.0142038,0.0153382,0.0332668,0.0611873
61.765079365,0.0165079,0.0112231,0.00816862,0.0101446,0.017746,0.0181747,0.0255296,0.0190179,0.0153194,0.0437224,0.0657561,0.0408
61.811519274,0.00464297,0.00651856,0.00662563,0.00482605,0.00460254,0.00630141,0.011246,0.00684467,0.00382649,0.0350334,0.0855148,0.0452051
61.857959184,0.0129829,0.0118897,0.00807389,0.00757496,0.0095181,0.00822266,0.0104076,0.00766185,0.0104823,0.0351468,0.0808591,0.0402755
61.904399093,0.0416898,0.00820362,0.0119322,0.0181224,0.00846224,0.0431891,0.0965417,0.048689,0.0109142,0.044112,0.115756,0.096955
61.950839002,0.0236377,0.00361463,0.0136641,0.0214552,0.00963433,0.0336384,0.0797349,0.0406157,0.00649,0.0362481,0.0807263,0.0776045
61.997278912,0.0259302,0.00233283,0.0175365,0.0266448,0.010197,0.032834,0.0697087,0.0287889,0.00785042,0.0261783,0.0736876,0.0832298
62.043718821,0.0305167,0.0121228,0.00710596,0.0148466,0.0140176,0.0114071,0.0425598,0.0444414,0.0139793,0.0207184,0.0212824,0.0339516
62.090158730,0.0360894,0.027099,0.0161364,0.00855205,0.0192152,0.0394552,0.0446273,0.0351577,0.0327548,0.0358308,0.0370614,0.0382959
62.136598639,0.0247849,0.0886391,0.059086,0.0110264,0.0116054,0.0432084,0.0952379,0.0460013,0.0366892,0.0350332,0.0207934,0.0205125
62.183038549,0.0341387,0.016442,0.0113326,0.00538353,0.00525214,0.0357913,0.0859814,0.0432999,0.0103585,0.0190128,0.0285499,0.038833
62.229478458,0.00596804,0.00648207,0.00488475,0.00564381,0.00623019,0.0318835,0.0789453,0.0390732,0.00415022,0.00544623,0.0143705,0.0109904
62.275918367,0.00413238,0.0049802,0.0044405,0.00514445,0.00537847,0.0339488,0.08015,0.0403089,0.00752628,0.00652294,0.00580645,0.0063257
62.322358277,0.0528411,0.0378011,0.0675725,0.0654944,0.0520787,0.0763249,0.111234,0.0438805,0.0383177,0.06365,0.079494,0.0942595
62.368798186,0.0770474,0.0576724,0.0479475,0.0137912,0.0190361,0.0678649,0.107259,0.0485917,0.0307707,0.0375872,0.0784629,0.150806
62.415238095,0.0715431,0.0230933,0.0677532,0.0508774,0.00855241,0.0406287,0.0843962,0.0412525,0.0142552,0.0236848,0.0724182,0.149496
62.461678005,0.0722155,0.0524749,0.0480466,0.0235167,0.00813659,0.0362003,0.0777096,0.0383072,0.017113,0.0238654,0.0565037,0.108222
62.508117914,0.0608331,0.00925224,0.0157922,0.0103987,0.00655774,0.0349112,0.0811936,0.0441546,0.00958346,0.00973664,0.0600789,0.13001
62.554557823,0.0600396,0.0463433,0.0420196,0.0215943,0.00830686,0.032661,0.0770786,0.0422659,0.0111511,0.0123745,0.0499833,0.11217
62.600997732,0.0525944,0.0331732,0.0760793,0.0402464,0.00838875,0.0332673,0.0700441,0.0357237,0.00771684,0.0147981,0.0599003,0.125581
62.647437642,0.0485957,0.0257715,0.0670599,0.034844,0.00485859,0.0270994,0.0674994,0.0323534,0.00855637,0.0125622,0.0483568,0.118538
62.693877551,0.0619554,0.0473964,0.0320221,0.00825862,0.00879379,0.0251078,0.0602987,0.0320065,0.0108995,0.0223464,0.0540488,0.0853019
62.740317460,0.043924,0.0133467,0.0162099,0.0148236,0.0100636,0.0221403,0.05575,0.0316426,0.0204813,0.0337031,0.0317587,0.0842091
62.786757370,0.0378629,0.0558111,0.095931,0.0561201,0.0223168,0.0308468,0.0578599,0.0265927,0.0231472,0.028775,0.0389009,0.076719
62.833197279,0.0382553,0.0358255,0.0749218,0.0319534,0.0059494,0.0336911,0.0658977,0.0305563,0.0326192,0.0660184,0.0640194,0.0818536
62.879637188,0.0378492,0.0120027,0.0207309,0.00830999,0.0118769,0.0230771,0.0415869,0.0201388,0.0121126,0.0209556,0.0427842,0.078375
62.926077098,0.0321015,0.0146828,0.0126436,0.00832799,0.00290377,0.0162226,0.0381776,0.0189021,0.00546032,0.0103526,0.0374872,0.0672902
62.972517007,0.0307931,0.0236252,0.0317415,0.0214559,0.0127855,0.0225611,0.0404575,0.0195477,0.00707285,0.00871118,0.0342139,0.0689579
63.018956916,0.0218841,0.0399543,0.0797257,0.0352448,0.00818393,0.0174382,0.0367107,0.0166664,0.00969723,0.0215442,0.0331953,0.0827957
63.065396825,0.0243018,0.0100762,0.0217069,0.0552551,0.0701824,0.0316818,0.0243457,0.0172973,0.00915303,0.00972976,0.0439472,0.0740725
63.111836735,0.0194665,0.00875682,0.0260006,0.0570873,0.0412688,0.0174933,0.0246046,0.0181989,0.00620081,0.00789921,0.0229016,0.0459803
63.158276644,0.0264917,0.0149279,0.0119294,0.00942241,0.006583,0.0151217,0.0341789,0.0166836,0.00710242,0.00779683,0.0147225,0.0326335
63.204716553,0.045395,0.0359012,0.040398,0.0297142,0.0301987,0.0561882,0.0579929,0.0234955,0.0243814,0.0214118,0.016961,0.0450182
63.251156463,0.046973,0.0562928,0.0297488,0.0496586,0.131158,0.0911911,0.0681378,0.0472479,0.038244,0.0429141,0.0881762,0.0760337
63.297596372,0.0214719,0.050172,0.0247378,0.0559861,0.103872,0.0777588,0.0765263,0.0434325,0.022932,0.0389673,0.071009,0.0426334
63.344036281,0.0302036,0.0603261,0.0347247,0.0588925,0.112141,0.0872297,0.0796766,0.0423435,0.0167747,0.0291444,0.0560243,0.0348015
63.390476190,0.0325854,0.0623517,0.0323867,0.0547919,0.111772,0.0855465,0.0737478,0.0350652,0.0173191,0.0253116,0.0417937,0.0350546
63.436916100,0.0285432,0.0544688,0.0611227,0.0888713,0.0481946,0.0539834,0.074522,0.0341103,0.0177067,0.0290631,0.0471857,0.0268543
63.483356009,0.0279336,0.0607418,0.0326321,0.0149067,0.0322863,0.0631305,0.0738166,0.038168,0.0200881,0.0279243,0.046204,0.0306156
63.529795918,0.0233953,0.0521647,0.0230292,0.00872686,0.0238823,0.0539525,0.062204,0.0309118,0.0145828,0.0196999,0.0406694,0.0202985
63.576235828,0.0330358,0.0590664,0.0327294,0.0104079,0.0218204,0.0370251,0.050399,0.0231718,0.00883663,0.0190694,0.0376515,0.0230024
63.622675737,0.0689692,0.0637929,0.0268199,0.0115327,0.0245421,0.030425,0.0418365,0.0216765,0.0124668,0.0238411,0.0575599,0.0898183
63.669115646,0.0475402,0.0606807,0.0313349,0.00792215,0.013119,0.0256798,0.0454869,0.0244346,0.0156459,0.0345749,0.106693,0.140298
63.715555556,0.0888346,0.0595712,0.0356317,0.0229127,0.0195361,0.0281584,0.0610819,0.0306794,0.0106635,0.0282535,0.0393699,0.109297
63.761995465,0.045875,0.0676096,0.0494858,0.0489856,0.0276522,0.0379772,0.0759995,0.0325715,0.00986702,0.0172561,0.0645453,0.102799
63.808435374,0.0407397,0.0713342,0.0317394,0.00806263,0.010575,0.023217,0.0563432,0.0471189,0.0376353,0.0709486,0.106483,0.0708627
63.854875283,0.0167362,0.0520426,0.0277002,0.00405089,0.00760733,0.0176493,0.043122,0.0378915,0.0303986,0.0374138,0.036771,0.03344
63.901315193,0.0399076,0.0704452,0.0307204,0.00830368,0.011408,0.0261824,0.0464627,0.0302322,0.0238564,0.0425704,0.0683002,0.0620672
63.947755102,0.0576535,0.0631796,0.0297695,0.00623205,0.0131978,0.0298753,0.0485263,0.024597,0.0229912,0.0359043,0.119048,0.1466
63.994195011,0.0337378,0.0658199,0.0301029,0.00675297,0.00971781,0.0209314,0.0433599,0.0401125,0.0381848,0.0411566,0.0393468,0.0197301
64.040634921,0.0253588,0.052852,0.0236107,0.00697254,0.0120091,0.02258,0.0414043,0.0206379,0.012068,0.0168957,0.0323829,0.0265809
64.087074830,0.0341029,0.054099,0.0287869,0.0333411,0.0411444,0.0391879,0.0336761,0.03585,0.0369122,0.0267618,0.0338879,0.0254314
64.133514739,0.0238111,0.0483834,0.0310174,0.0352583,0.07583,0.0422996,0.0114787,0.012372,0.0545827,0.109474,0.0760784,0.0608457
64.179954649,0.0248647,0.0448783,0.0230883,0.015162,0.0216745,0.0407319,0.0555958,0.0249228,0.0626071,0.118382,0.0732579,0.0256881
64.226394558,0.0205665,0.0469379,0.0297535,0.00841802,0.0249873,0.0183278,0.0667275,0.0467515,0.0521947,0.121487,0.0931144,0.0262101
64.272834467,0.0273756,0.0481786,0.0265282,0.0114807,0.026428,0.0280886,0.027022,0.0169291,0.0430543,0.0912121,0.049513,0.0185495
64.319274376,0.0198317,0.0404695,0.020017,0.0132536,0.0235571,0.0124641,0.0172465,0.0219913,0.0434361,0.090056,0.0475689,0.0138358
64.365714286,0.0192363,0.0458228,0.0283712,0.0134813,0.0233611,0.0091558,0.0247868,0.0885784,0.126781,0.0917079,0.0410653,0.0101004
64.412154195,0.022861,0.0460628,0.0442874,0.0261046,0.0231867,0.0129443,0.0362181,0.108832,0.0893207,0.0702418,0.043381,0.0236955
64.458594104,0.0222315,0.058573,0.0328156,0.0081589,0.0266739,0.0428275,0.02911,0.0114971,0.037305,0.077724,0.0422144,0.0234567
64.505034014,0.0277185,0.064118,0.0355088,0.0112072,0.0259507,0.0158692,0.00663052,0.012248,0.0381476,0.0706718,0.0380416,0.0117223
64.551473923,0.0344996,0.0577194,0.0300407,0.0171818,0.0242472,0.0119583,0.01746,0.0233257,0.0369682,0.066884,0.0475088,0.0297698
64.597913832,0.0325786,0.0797491,0.0366151,0.00474557,0.0149222,0.0338963,0.0921002,0.0656457,0.0385537,0.0778112,0.038727,0.0094802
64.644353741,0.0431419,0.0972628,0.0505952,0.0074771,0.0163546,0.056203,0.0953069,0.0392686,0.0391328,0.0755615,0.0354814,0.00414946
64.690793651,0.0364765,0.0765989,0.0368023,0.0111761,0.0219419,0.0594755,0.110988,0.0531863,0.0305013,0.0641234,0.0366293,0.00952701
64.737233560,0.0305762,0.0607115,0.0405142,0.0416608,0.0275768,0.0202501,0.0119367,0.0107509,0.0294578,0.053959,0.0315183,0.0122374
64.783673469,0.031458,0.0606885,0.0636993,0.0564052,0.0944722,0.0679821,0.0229179,0.00809456,0.035227,0.0692689,0.0334321,0.0281592
64.830113379,0.0352191,0.0428795,0.0289302,0.0344801,0.0879849,0.0433109,0.00772384,0.00480297,0.0268427,0.0638133,0.0496279,0.0523671
64.876553288,0.0393118,0.0382869,0.0266667,0.0394441,0.0771633,0.0360689,0.00705406,0.00762277,0.0255882,0.0538261,0.0440256,0.0488516
64.922993197,0.0227699,0.0398938,0.0413236,0.0741374,0.0749342,0.0147886,0.00741623,0.00566282,0.0213473,0.0485858,0.0307541,0.0242648
64.969433107,0.0373769,0.042575,0.0339618,0.0566185,0.12075,0.0648247,0.0218384,0.021901,0.035984,0.0492543,0.0378288,0.0482053
65.015873016,0.0237659,0.0384397,0.0242033,0.0747293,0.160505,0.0919037,0.0254729,0.0616649,0.109601,0.0732938,0.0390092,0.0313642
65.062312925,0.0230068,0.0405994,0.0226628,0.0583978,0.131131,0.0730661,0.0200493,0.0529788,0.118806,0.0664648,0.0159357,0.0258816
65.108752834,0.0294925,0.0365196,0.0162962,0.0583229,0.121388,0.0569569,0.0112799,0.0539576,0.129853,0.0760966,0.0217567,0.0326241
65.155192744,0.0261867,0.0389443,0.0247475,0.0717485,0.0929142,0.0307176,0.011477,0.0607819,0.135628,0.069126,0.0321194,0.0484268
65.201632653,0.0343569,0.0495882,0.0258554,0.040954,0.0892023,0.0428936,0.0159522,0.0502064,0.11809,0.0640941,0.0159005,0.0333617
65.248072562,0.0335414,0.0683974,0.13012,0.109749,0.0299208,0.00821422,0.00854456,0.044026,0.102315,0.0537046,0.0188879,0.0110572
65.294512472,0.0219174,0.0713549,0.129839,0.0691804,0.0143515,0.0145137,0.0176035,0.0472698,0.107534,0.0558676,0.0119776,0.0117892
65.340952381,0.0319578,0.0953942,0.11877,0.0400385,0.0136272,0.0103332,0.0108189,0.0422564,0.0980855,0.054959,0.0133588,0.0209115
65.387392290,0.0348644,0.0564626,0.0376698,0.0204763,0.0196768,0.018539,0.033834,0.04496,0.0834764,0.0464881,0.0215617,0.0372199
65.433832200,0.0448498,0.0528452,0.0354426,0.034211,0.0203147,0.0267043,0.0392986,0.0514683,0.0672812,0.0438354,0.0756354,0.0927561
65.480272109,0.0624324,0.0729433,0.0428361,0.0269118,0.0155407,0.0242054,0.0573944,0.0542789,0.0852458,0.0588795,0.0561421,0.11613
65.526712018,0.0327298,0.0702234,0.036712,0.0287622,0.0117944,0.0305269,0.0568547,0.0561495,0.0805714,0.0431954,0.0498995,0.0843991
65.573151927,0.0354534,0.0685392,0.0366938,0.022277,0.0157911,0.011424,0.0135112,0.0402618,0.103201,0.0755707,0.0238605,0.0172375
65.619591837,0.0826292,0.106564,0.0828054,0.0764542,0.0658926,0.0589511,0.0583444,0.0878856,0.0923762,0.069803,0.0518266,0.0476023
65.666031746,0.135829,0.146119,0.158617,0.12283,0.168061,0.126427,0.106447,0.128725,0.100172,0.0981506,0.102408,0.13067
65.712471655,0.0927265,0.107994,0.086194,0.0570515,0.0604089,0.0486966,0.051325,0.0404397,0.0517085,0.0435648,0.0498101,0.0649457
65.758911565,0.0484537,0.122446,0.0690389,0.0128399,0.00890996,0.0132578,0.0151885,0.0365121,0.0818074,0.0602292,0.0531142,0.0290785
65.805351474,0.0615741,0.121161,0.0594338,0.01857,0.0197859,0.0229095,0.0144614,0.0421408,0.0805322,0.0644942,0.0598965,0.0411757
65.851791383,0.151319,0.18774,0.121994,0.0930392,0.103059,0.100431,0.0878106,0.0832725,0.104259,0.107062,0.119477,0.0902998
65.898231293,0.0947657,0.12673,0.134487,0.0940577,0.112827,0.0964482,0.0965296,0.10018,0.0902772,0.0777307,0.0810722,0.099977
65.944671202,0.0775207,0.0849594,0.0665105,0.0388771,0.0260802,0.0478566,0.0489076,0.0474428,0.0239665,0.0566058,0.0393829,0.0635388
65.991111111,0.0388208,0.0330052,0.0558142,0.0343858,0.0111279,0.0564624,0.11687,0.0633599,0.0236414,0.0236606,0.0340947,0.0552286
66.037551020,0.0293114,0.0249858,0.0530167,0.0283326,0.011453,0.0593421,0.120833,0.0594112,0.0139185,0.0208293,0.0392037,0.0629992
66.083990930,0.0659504,0.0558775,0.0641615,0.0288877,0.0162208,0.0644605,0.129142,0.0683276,0.0154748,0.0280848,0.0515584,0.099154
66.130430839,0.0307972,0.0502419,0.118719,0.0627633,0.0200165,0.0540618,0.124718,0.0680193,0.0450893,0.0698434,0.0580366,0.0657563
66.176870748,0.027998,0.0612556,0.145352,0.0763449,0.0113013,0.0514475,0.109813,0.0530006,0.0110696,0.0266387,0.0348189,0.058914
66.223310658,0.0710914,0.0619637,0.0656532,0.0365681,0.0142962,0.0695044,0.150218,0.073904,0.0197007,0.0296074,0.0502737,0.0790549
66.269750567,0.051795,0.0548646,0.0830962,0.0553287,0.0372731,0.0796207,0.128084,0.0803253,0.034561,0.0315744,0.0452823,0.0647824
66.316190476,0.158954,0.161897,0.181967,0.194681,0.193404,0.146072,0.115271,0.135044,0.147401,0.125741,0.143976,0.147923
66.362630385,0.100459,0.123259,0.112438,0.0790168,0.0820192,0.0919802,0.0862904,0.0773387,0.0551092,0.0681679,0.0509519,0.0714683
66.409070295,0.0563409,0.0738438,0.0973714,0.0479844,0.0110048,0.0542019,0.0938535,0.0533251,0.0238031,0.0371403,0.0345144,0.0419055
66.455510204,0.0199696,0.0359317,0.0547791,0.027994,0.0111374,0.0505153,0.112476,0.060281,0.015542,0.0188168,0.0245045,0.0398257
66.501950113,0.0191655,0.0179394,0.0467735,0.0249694,0.00899277,0.0453657,0.10643,0.0572021,0.00759821,0.00793506,0.0218638,0.0324683
66.548390023,0.020768,0.0276357,0.0525873,0.0550469,0.0599611,0.0578846,0.0834472,0.0416136,0.0100437,0.00855895,0.0169349,0.0335056
66.594829932,0.0125851,0.0297567,0.0636342,0.0478254,0.0325678,0.0461753,0.0823379,0.0400232,0.00995157,0.0103636,0.0221835,0.0456999
66.641269841,0.0156926,0.0275537,0.0598216,0.0328964,0.0138354,0.0397751,0.083644,0.0428118,0.0108245,0.0135694,0.0196487,0.0358605
66.687709751,0.0184117,0.0439005,0.0872827,0.0417579,0.0203338,0.0421849,0.0802788,0.0519986,0.0112858,0.0158706,0.0136154,0.0282374
66.734149660,0.0778558,0.10922,0.148723,0.102959,0.0775724,0.0899733,0.0824733,0.0808965,0.0629858,0.0616775,0.0621192,0.069368
66.780589569,0.120177,0.148716,0.140853,0.0879801,0.14326,0.116569,0.09893,0.119938,0.117593,0.0884691,0.0833072,0.10258
66.827029478,0.0855983,0.107119,0.0926363,0.0608043,0.0519428,0.0547302,0.0550547,0.0353957,0.0264799,0.0407146,0.0465347,0.0504596
66.873469388,0.0314685,0.100252,0.0729652,0.0344626,0.0266839,0.0370537,0.0695114,0.043085,0.0355301,0.0286886,0.0397734,0.0645887
66.919909297,0.0162557,0.0790238,0.102215,0.0338098,0.0126251,0.0332556,0.0627307,0.0350265,0.030832,0.0279126,0.0125168,0.0418845
66.966349206,0.0474926,0.0890612,0.0501824,0.0169147,0.00649464,0.0293552,0.0570734,0.035989,0.0347222,0.0240675,0.0177275,0.0341203
67.012789116,0.0348947,0.0578829,0.0644961,0.024967,0.00664435,0.0255784,0.0557945,0.033403,0.0127108,0.0135413,0.0198803,0.0455303
67.059229025,0.0108619,0.0235166,0.0283979,0.0120333,0.0045447,0.0258623,0.0516992,0.0321192,0.012761,0.0088264,0.0098206,0.0153377
67.105668934,0.0656264,0.0536072,0.0374717,0.0279084,0.018768,0.0330312,0.0712251,0.0378197,0.0160854,0.0237634,0.0379795,0.0578966
67.152108844,0.0429089,0.0372945,0.0556945,0.0458789,0.0237016,0.0406285,0.0501648,0.0391981,0.0287747,0.0372335,0.0611954,0.0464602
67.198548753,0.151903,0.159292,0.163801,0.178995,0.163521,0.111112,0.0981802,0.14018,0.14981,0.133639,0.123421,0.124294
67.244988662,0.0855316,0.127778,0.114024,0.0960488,0.0927654,0.0839768,0.0798846,0.064749,0.0673268,0.063281,0.0411361,0.0758785
67.291428571,0.063959,0.0563153,0.0584676,0.0458637,0.0212621,0.0373945,0.0729305,0.0367479,0.0184419,0.0208482,0.0328963,0.0653197
67.337868481,0.0313998,0.0173363,0.020102,0.0207835,0.00836346,0.0338253,0.0823567,0.0445736,0.0241528,0.0394208,0.0313337,0.0537573
67.384308390,0.0395594,0.0232453,0.0192166,0.0126719,0.00648367,0.028483,0.0662767,0.0379779,0.013196,0.00978086,0.0516679,0.120763
67.430748299,0.0446924,0.0101827,0.0182323,0.017887,0.0119575,0.0232472,0.0500084,0.03079,0.0103647,0.0300746,0.0643697,0.0879305
67.477188209,0.0740782,0.0253194,0.0429716,0.0367787,0.0158703,0.0216405,0.0462521,0.0230894,0.0118461,0.0175444,0.0387662,0.123426
67.523628118,0.0341338,0.0265947,0.022408,0.00989457,0.00559155,0.0171301,0.0400348,0.0243128,0.019523,0.0381586,0.0600617,0.0344326
67.570068027,0.0102955,0.014206,0.0217996,0.011317,0.00571646,0.0153358,0.0332597,0.0404359,0.0619943,0.0476005,0.0139793,0.011518
67.616507937,0.0588043,0.0630096,0.068994,0.0584689,0.0462834,0.0376406,0.063629,0.101161,0.0676942,0.0355099,0.0364279,0.0344648
67.662947846,0.139067,0.144412,0.143888,0.123649,0.156745,0.122589,0.0983369,0.140073,0.112884,0.0775304,0.104217,0.124464
67.709387755,0.0879841,0.107995,0.093035,0.0692341,0.0712941,0.0569245,0.0687513,0.056249,0.0422451,0.048747,0.0610581,0.0753435
67.755827664,0.0742063,0.0541507,0.020563,0.00863829,0.0179111,0.0575532,0.113986,0.0659537,0.0293931,0.0446672,0.101145,0.107086
67.802267574,0.0217124,0.0493397,0.0249763,0.00548527,0.0113719,0.0599779,0.126508,0.0693368,0.0381197,0.0491036,0.0732884,0.0449546
67.848707483,0.0216838,0.0504385,0.024858,0.00876903,0.0152728,0.0605083,0.123076,0.0596893,0.0182059,0.0290857,0.0533878,0.0303167
67.895147392,0.0201675,0.0476545,0.0262396,0.0176103,0.0304703,0.0750786,0.132044,0.0667618,0.0192195,0.032095,0.063572,0.0363247
67.941587302,0.024545,0.0438867,0.018947,0.0295105,0.0256775,0.0559545,0.126232,0.0672075,0.0195087,0.0309652,0.0661559,0.040485
67.988027211,0.0262577,0.0480741,0.0170206,0.0100233,0.0153214,0.064114,0.135778,0.0664512,0.0113438,0.0288796,0.0584944,0.032908
68.034467120,0.0383593,0.0642304,0.0357407,0.0205432,0.022897,0.0752781,0.13388,0.075888,0.0130066,0.0245064,0.0477842,0.0253554
68.080907029,0.136535,0.13385,0.103183,0.116913,0.119838,0.143195,0.146059,0.131877,0.098818,0.0849654,0.115405,0.108937
68.127346939,0.092676,0.148322,0.126138,0.0898137,0.122071,0.10576,0.101969,0.0927668,0.0865135,0.0804165,0.0756241,0.0943105
68.173786848,0.0802001,0.0789135,0.049758,0.0483926,0.0710156,0.0624138,0.0667353,0.0436092,0.0183279,0.0300122,0.0533131,0.0543384
68.220226757,0.027588,0.0783205,0.0670162,0.069759,0.0706465,0.03264,0.0941795,0.051364,0.00671216,0.016842,0.0385413,0.0277886
68.266666667,0.0285045,0.0618858,0.0313704,0.017698,0.0261982,0.0435785,0.0998457,0.0516278,0.0097104,0.0214756,0.0389201,0.0188955
68.313106576,0.0294324,0.0558695,0.0264463,0.0525173,0.0635032,0.0703291,0.10206,0.0510352,0.0172733,0.0277557,0.0465484,0.0314611
68.359546485,0.0460192,0.0553818,0.0282943,0.0388324,0.0941874,0.0818406,0.0936739,0.0611474,0.0402095,0.0254479,0.0383585,0.0596413
68.405986395,0.0483028,0.0935915,0.0409464,0.0104137,0.028766,0.0527806,0.132602,0.059251,0.00837937,0.0201668,0.0355524,0.0219894
68.452426304,0.0417504,0.0886812,0.0453087,0.0127893,0.0192632,0.0578338,0.129072,0.062107,0.00643616,0.0163657,0.0326959,0.0155223
68.498866213,0.0761955,0.105733,0.0692295,0.0441398,0.0527756,0.0871413,0.114973,0.0794497,0.0364924,0.046943,0.0671895,0.042192
68.545306122,0.155314,0.161198,0.167929,0.152279,0.171908,0.138204,0.108046,0.12979,0.12869,0.0783421,0.137356,0.145172
68.591746032,0.0960896,0.102528,0.104059,0.0881224,0.0722279,0.0769593,0.0565384,0.0476629,0.0393287,0.0391421,0.0283296,0.056645
68.638185941,0.0370608,0.0620666,0.0945424,0.0482545,0.013755,0.0405592,0.0624916,0.0326113,0.0172578,0.0324575,0.0376548,0.0513584
68.684625850,0.0157822,0.0592157,0.0996422,0.0484328,0.012806,0.0406244,0.0721264,0.0336759,0.00862799,0.0231882,0.0293467,0.0359296
68.731065760,0.01324,0.0543037,0.107192,0.0576219,0.00976821,0.032832,0.0685231,0.0333837,0.0073427,0.0243373,0.0300406,0.0327641
68.777505669,0.0339293,0.0595903,0.0514314,0.0162605,0.0127164,0.0362956,0.0856736,0.041029,0.00405232,0.0149646,0.0273235,0.0278134
68.823945578,0.0150413,0.0259412,0.0131496,0.00475312,0.00472047,0.0336583,0.0785583,0.0385388,0.00439742,0.00830714,0.0144418,0.00916541
68.870385488,0.0162721,0.0263715,0.0228693,0.0128154,0.0100958,0.0281857,0.0628308,0.0319504,0.0105402,0.0121507,0.0154146,0.0229796
68.916825397,0.0370596,0.0376841,0.0269542,0.0167679,0.0162099,0.055982,0.0908561,0.0508969,0.0238826,0.0273971,0.054238,0.110017
68.963265306,0.130695,0.101637,0.0864036,0.0930089,0.0861048,0.111619,0.161506,0.121462,0.0972702,0.0989148,0.0846032,0.127886
69.009705215,0.0931884,0.128554,0.126663,0.0937694,0.119395,0.100348,0.0987967,0.0978226,0.095007,0.0804315,0.0800299,0.10553
69.056145125,0.0735651,0.0702469,0.056815,0.0401183,0.0426738,0.0374811,0.0631166,0.0369853,0.0329971,0.0318971,0.0206499,0.0541445
69.102585034,0.0350008,0.0259378,0.0167105,0.0111026,0.00880987,0.0373294,0.109191,0.0643077,0.0164941,0.0249663,0.0326737,0.0491742
69.149024943,0.042535,0.0194339,0.0138103,0.0187533,0.0163563,0.0492484,0.108463,0.0543818,0.00836132,0.00745316,0.00993088,0.0507034
69.195464853,0.0630297,0.090243,0.0321828,0.00640386,0.0174401,0.0533206,0.0566216,0.0316163,0.0343215,0.0243898,0.0209537,0.0161751
69.241904762,0.0179019,0.0554542,0.0324074,0.0046538,0.0293951,0.0617423,0.0598783,0.0491731,0.0616385,0.0317544,0.0232489,0.0230139
69.288344671,0.00934201,0.0201214,0.00824666,0.00554722,0.00474297,0.0191717,0.0406415,0.0221932,0.00637089,0.0100272,0.0209718,0.0161888
69.334784580,0.0147928,0.0260124,0.0138335,0.00325629,0.00406909,0.0182961,0.0351991,0.0218761,0.00815421,0.00547338,0.0152493,0.0119329
69.381224490,0.0437601,0.05143,0.0338854,0.0296025,0.0270613,0.030156,0.0505023,0.0428954,0.029705,0.025004,0.0248622,0.0197807
69.427664399,0.137665,0.166752,0.188881,0.17317,0.163858,0.131266,0.119972,0.130165,0.143484,0.118196,0.141057,0.136178
69.474104308,0.0812811,0.107665,0.0989231,0.0702389,0.0750407,0.0866158,0.0808615,0.0628088,0.0630605,0.074106,0.0532217,0.0675932
69.520544218,0.0394446,0.061545,0.0551296,0.0241946,0.0207133,0.0704784,0.115846,0.0650166,0.0478523,0.100866,0.0950426,0.0274334
69.566984127,0.0216511,0.0364673,0.042196,0.0241226,0.0390572,0.0650779,0.123784,0.0630068,0.0160906,0.0780438,0.0903885,0.0307208
69.613424036,0.0148416,0.0253968,0.0190969,0.00934015,0.0196039,0.0709624,0.133237,0.0638722,0.0532817,0.0921759,0.0730483,0.028834
69.659863946,0.0205616,0.0444789,0.0227315,0.00988301,0.016579,0.0565052,0.118259,0.086368,0.107345,0.0831118,0.0511103,0.031189
69.706303855,0.0322921,0.0397997,0.0276454,0.0194094,0.0211857,0.0501611,0.104812,0.0681236,0.0318675,0.038002,0.0455281,0.0309654
69.752743764,0.021456,0.0498975,0.0370731,0.0170942,0.0140943,0.0545122,0.109503,0.0543816,0.0212883,0.0504395,0.0613627,0.0250139
69.799183673,0.0210074,0.0709675,0.0964637,0.0452018,0.00990334,0.0587945,0.108914,0.0587641,0.0137973,0.0277175,0.0318816,0.040627
69.845623583,0.0249427,0.0410269,0.0704033,0.034141,0.0119005,0.0554338,0.10785,0.063857,0.0141912,0.0272733,0.0384759,0.0295969
69.892063492,0.0301358,0.0701215,0.0858186,0.0343838,0.0184142,0.0584407,0.115217,0.050732,0.0197468,0.0406221,0.0383224,0.0431852
69.938503401,0.0258952,0.107647,0.155257,0.066037,0.0107117,0.0458444,0.098758,0.0539096,0.0193388,0.036953,0.0336771,0.0210055
69.984943311,0.036955,0.0584777,0.0955885,0.0598577,0.0197497,0.040079,0.0886123,0.0593868,0.0244725,0.0319993,0.041927,0.0256443
70.031383220,0.0418325,0.0665566,0.0372252,0.00868336,0.0160313,0.0471657,0.0891623,0.0489316,0.0127807,0.0212137,0.0357907,0.0386238
70.077823129,0.0269329,0.0558337,0.0287693,0.00701897,0.00883384,0.0329423,0.0704808,0.0418808,0.0103328,0.0170788,0.0334182,0.0218552
70.124263039,0.0237168,0.0616692,0.0611955,0.0461231,0.0215493,0.0280239,0.0771867,0.0704428,0.0244229,0.019613,0.0341586,0.0181146
70.170702948,0.0259522,0.0343967,0.0587667,0.021293,0.0103689,0.0307517,0.058096,0.0397752,0.0122123,0.0172751,0.027508,0.0208462
70.217142857,0.0367512,0.112364,0.100757,0.0376996,0.0128617,0.026323,0.0600973,0.0439216,0.0131255,0.0221345,0.036637,0.0268524
70.263582766,0.0166048,0.0423195,0.0195218,0.00580449,0.00897098,0.0251483,0.0551081,0.0596516,0.0299922,0.0184407,0.0247508,0.0226018
70.310022676,0.0221224,0.0432868,0.0311765,0.0211488,0.0179816,0.0242649,0.0473165,0.0503754,0.0257651,0.025272,0.0384544,0.0219008
70.356462585,0.0660484,0.0686697,0.0519063,0.0319901,0.0243396,0.0328228,0.0553082,0.0383209,0.0260534,0.0306194,0.0465772,0.0461604
70.402902494,0.0475895,0.0965443,0.0414418,0.0104567,0.015852,0.0369521,0.0644937,0.0750206,0.061925,0.0298031,0.0447131,0.0455771
70.449342404,0.0254392,0.0713755,0.0761518,0.0203714,0.0110039,0.0225677,0.0435163,0.0292503,0.0397943,0.0493653,0.0292434,0.0651543
70.495782313,0.0241341,0.0860308,0.0861856,0.0285864,0.00665733,0.0259926,0.0579326,0.0386465,0.0417453,0.0605151,0.0436908,0.0516779
70.542222222,0.0284263,0.0641508,0.0316706,0.00834742,0.0102483,0.0242226,0.0452514,0.0530123,0.0760803,0.0450044,0.0496765,0.0598488
70.588662132,0.0703994,0.0620639,0.0293703,0.00694863,0.00931756,0.02648,0.0494803,0.0415974,0.0170766,0.0174067,0.0228708,0.0602619
70.635102041,0.0111898,0.0342937,0.0241294,0.00864819,0.00915394,0.0264053,0.068605,0.0438526,0.028332,0.0514223,0.0375715,0.0195964
70.681541950,0.0306451,0.0365378,0.018521,0.00993701,0.00825672,0.0285713,0.0732415,0.0397359,0.0238896,0.041582,0.0662675,0.0934723
70.727981859,0.0451475,0.0335787,0.0191839,0.0069603,0.00921694,0.0185549,0.0519727,0.0423698,0.0220272,0.0324765,0.076344,0.12761
70.774421769,0.0612245,0.0335748,0.016647,0.00870129,0.00888149,0.0241289,0.0592939,0.0373333,0.0127642,0.0143931,0.0439498,0.100734
70.820861678,0.0329394,0.0381154,0.0286798,0.0199339,0.0106186,0.0253623,0.0981948,0.0792891,0.0309574,0.0284206,0.0342598,0.0608638
70.867301587,0.0168046,0.0395305,0.0216971,0.00722588,0.0107628,0.0306831,0.0547214,0.0537318,0.0216848,0.0154674,0.0403245,0.0303081
70.913741497,0.0178321,0.027019,0.0170497,0.0104484,0.00866134,0.0241891,0.0574675,0.0350656,0.00693054,0.0138427,0.0346211,0.0322977
70.960181406,0.0112866,0.0187397,0.00658477,0.00628448,0.00851167,0.026638,0.0576931,0.0256499,0.0139216,0.0137696,0.026478,0.0274338
71.006621315,0.0619866,0.0202098,0.0135994,0.0230991,0.014846,0.0309974,0.109163,0.0997626,0.0292911,0.0138322,0.0431695,0.0886675
71.053061224,0.018272,0.0149035,0.0338987,0.0414049,0.0187498,0.0644617,0.120648,0.0497091,0.0100788,0.02132,0.0549109,0.067806
71.099501134,0.0420844,0.0350252,0.0248401,0.0294891,0.0141612,0.0274758,0.0350479,0.017903,0.0118202,0.0185592,0.0427514,0.0515549
71.145941043,0.0293928,0.0321871,0.0212628,0.0192874,0.0245969,0.0368662,0.052662,0.0356121,0.033296,0.0443751,0.0502513,0.0285909
71.192380952,0.141946,0.136154,0.122986,0.114647,0.118258,0.112619,0.114294,0.112745,0.105276,0.100419,0.100132,0.0936995
71.238820862,0.0912523,0.143317,0.141103,0.100475,0.107766,0.0989758,0.105768,0.106798,0.0957932,0.0843107,0.0726367,0.100427
71.285260771,0.0838055,0.0637077,0.0529921,0.0315234,0.0295962,0.0804968,0.116325,0.0762596,0.0299347,0.0360522,0.0441074,0.0896923
71.331700680,0.035833,0.0345584,0.0166745,0.0148069,0.0136395,0.0748571,0.202275,0.11739,0.0228184,0.0250922,0.036819,0.0404963
71.378140590,0.0203979,0.0181511,0.0129538,0.0145177,0.0185017,0.105408,0.228299,0.112093,0.0185351,0.0261384,0.0410186,0.0436918
71.424580499,0.0361618,0.0497922,0.0713923,0.0629477,0.0356278,0.0721103,0.129946,0.073288,0.0181223,0.0293171,0.0215059,0.0264251
71.471020408,0.033551,0.0472376,0.031485,0.0193483,0.0475654,0.0905484,0.182863,0.0952677,0.0192508,0.0274878,0.0238917,0.0325127
71.517460317,0.126225,0.112447,0.0907673,0.0938448,0.11933,0.196939,0.205939,0.102146,0.0747812,0.0893836,0.0866057,0.0758952
71.563900227,0.102497,0.145263,0.128762,0.0941184,0.133928,0.117837,0.125075,0.108514,0.105733,0.0912914,0.0901353,0.114077
71.610340136,0.0743476,0.0896857,0.0752735,0.0435696,0.0325365,0.0483726,0.0891564,0.0488654,0.017889,0.0374239,0.0392978,0.0330286
71.656780045,0.0442347,0.0581936,0.0663288,0.101737,0.119715,0.118386,0.117277,0.0698978,0.0551524,0.0611497,0.0697307,0.063881
71.703219955,0.0444259,0.0453162,0.0696528,0.0834954,0.14801,0.0863015,0.0487626,0.0359277,0.0384959,0.0562787,0.0547565,0.089063
71.749659864,0.0584438,0.057045,0.0693014,0.051999,0.0834393,0.0830502,0.0784135,0.0277701,0.044733,0.0893977,0.0452576,0.0359779
71.796099773,0.0254829,0.05753,0.0984731,0.056243,0.0414625,0.0369953,0.0806213,0.0521336,0.041239,0.0538232,0.0825541,0.0527414
71.842539683,0.085342,0.0957479,0.123874,0.0938718,0.0668447,0.0946115,0.135019,0.0842096,0.0479211,0.100206,0.108272,0.0727295
71.888979592,0.119538,0.140771,0.145701,0.111752,0.139483,0.107636,0.112711,0.125057,0.103659,0.0843467,0.108807,0.117655
71.935419501,0.0815705,0.0904228,0.0920695,0.0633558,0.0668601,0.0784013,0.0509162,0.0341363,0.0330326,0.0505626,0.0402709,0.0494175
71.981859410,0.0230381,0.0564708,0.127321,0.0898511,0.0284056,0.0446783,0.0532709,0.0280784,0.0386233,0.0886563,0.0593407,0.012631
72.028299320,0.0210198,0.110497,0.198267,0.0878595,0.0155416,0.0136673,0.0271169,0.0290566,0.0213604,0.0521422,0.0272962,0.0253734
72.074739229,0.0299405,0.127183,0.199999,0.108994,0.0413143,0.0280557,0.0256234,0.0242919,0.0258808,0.0274367,0.0227483,0.0324513
72.121179138,0.0327386,0.0615756,0.153013,0.12259,0.0530872,0.0282658,0.0376718,0.0445208,0.0552933,0.0434976,0.0403826,0.0344363
72.167619048,0.0392311,0.0816624,0.113397,0.0562817,0.0258361,0.0366899,0.0488173,0.0331177,0.0926384,0.0974794,0.0510677,0.0518145
72.214058957,0.0256865,0.0528863,0.0673826,0.0470991,0.0452315,0.0499745,0.0455447,0.0275202,0.0746974,0.0889173,0.0473476,0.0290186
72.260498866,0.0189095,0.0607723,0.0841475,0.0622469,0.0340795,0.0511859,0.0453511,0.0349485,0.0522335,0.0694215,0.0502046,0.037771
72.306938776,0.152403,0.185819,0.190228,0.158085,0.152073,0.169858,0.151417,0.125907,0.159964,0.152354,0.10219,0.0975345
72.353378685,0.104479,0.13027,0.10259,0.124562,0.100053,0.091057,0.10087,0.0853904,0.0780354,0.0756983,0.0517441,0.0670174
72.399818594,0.0744765,0.0979858,0.0915814,0.053192,0.0384284,0.0451746,0.0629677,0.0409959,0.0300916,0.0551242,0.0454083,0.0338969
72.446258503,0.0398927,0.0525941,0.0787243,0.0779681,0.0550017,0.0587978,0.0451613,0.0364416,0.0564547,0.0663615,0.0267098,0.0465726
72.492698413,0.0392558,0.0873205,0.0663276,0.058631,0.0365515,0.0558875,0.0838388,0.067096,0.0770092,0.0768598,0.0495861,0.0273637
72.539138322,0.191465,0.183277,0.0906113,0.0914974,0.115877,0.0975041,0.116954,0.145469,0.140603,0.16449,0.154271,0.137911
72.585578231,0.0755136,0.105614,0.0857619,0.028528,0.0622132,0.0736452,0.0764662,0.0805492,0.151313,0.173337,0.0791961,0.0853435
72.632018141,0.028613,0.0568481,0.115328,0.0748345,0.0336939,0.0563061,0.119536,0.185083,0.15024,0.0817275,0.0477458,0.0538921
72.678458050,0.0233136,0.0410367,0.0259673,0.103228,0.147161,0.149281,0.208479,0.127441,0.0598628,0.0244064,0.0324401,0.0368514
72.724897959,0.0339798,0.0358063,0.0373684,0.0835481,0.245092,0.215651,0.0958641,0.043125,0.0237739,0.0272071,0.0236536,0.0439107
72.771337868,0.0214071,0.0296245,0.0636299,0.17609,0.253027,0.112697,0.0501564,0.0250002,0.0210599,0.0169207,0.0392486,0.0481684
72.817777778,0.0232169,0.105236,0.242167,0.198668,0.0724489,0.0333996,0.0317056,0.026227,0.0284243,0.0512574,0.0439483,0.0182684
72.864217687,0.0403131,0.147859,0.275181,0.140744,0.0306089,0.0199579,0.0221513,0.0191093,0.0395475,0.067958,0.0351015,0.0224011
72.910657596,0.136998,0.225044,0.173523,0.0555143,0.0349485,0.0278051,0.0321546,0.0432432,0.0544719,0.028299,0.0171239,0.0362385
72.957097506,0.202071,0.123387,0.0881231,0.0719046,0.0728116,0.065039,0.0557944,0.0889235,0.0907163,0.0591191,0.0857037,0.101426
73.003537415,0.134595,0.132624,0.124328,0.103735,0.119892,0.101241,0.106495,0.103401,0.0983878,0.0962531,0.0784212,0.0927567
73.049977324,0.08655,0.0789655,0.0924908,0.0727195,0.0513037,0.0596099,0.0779419,0.0497165,0.0574359,0.0589891,0.0516553,0.0526122
73.096417234,0.0299368,0.0674783,0.112974,0.0637977,0.0167752,0.0578253,0.11764,0.0993077,0.0682756,0.0523877,0.0540892,0.058305
73.142857143,0.0465663,0.0515588,0.0900196,0.0402955,0.0128166,0.0490813,0.147555,0.0975644,0.0472903,0.0392751,0.0521461,0.0662148
73.189297052,0.041686,0.041851,0.0702428,0.0441895,0.0214197,0.0693682,0.152667,0.0866595,0.0342855,0.0225314,0.0394793,0.072793
73.235736961,0.037974,0.0350132,0.0360665,0.0170095,0.0104896,0.052269,0.128087,0.0734733,0.0132933,0.00919025,0.0331964,0.0627652
73.282176871,0.0380292,0.0315933,0.0241726,0.0116889,0.00826887,0.0450887,0.102025,0.0567534,0.0177356,0.0111146,0.0271731,0.0541823
73.328616780,0.04562,0.0643585,0.100886,0.0734659,0.0440602,0.0581477,0.119875,0.17046,0.122126,0.0470331,0.0644651,0.0758995
73.375056689,0.0551041,0.0684701,0.127751,0.0640798,0.042445,0.076979,0.208786,0.194811,0.0939465,0.0383472,0.0551629,0.0839673
73.421496599,0.179542,0.175667,0.190789,0.174143,0.146672,0.144051,0.224349,0.173583,0.140301,0.137809,0.144095,0.159588
73.467936508,0.0783349,0.107895,0.0878882,0.080302,0.0890034,0.0854288,0.0738293,0.0575849,0.067436,0.0530936,0.046913,0.054944
73.514376417,0.0656151,0.072322,0.0606211,0.0283536,0.0266721,0.0700084,0.134773,0.0649507,0.0837894,0.0336508,0.0379478,0.0583657
73.560816327,0.0302064,0.0497164,0.0357587,0.0196742,0.0128119,0.0606689,0.117247,0.0888681,0.0488842,0.0205535,0.0230419,0.0386802
73.607256236,0.0171976,0.0431197,0.0447656,0.0188981,0.0122243,0.036814,0.113087,0.0906036,0.0441162,0.0209218,0.0195224,0.0239755
73.653696145,0.0505817,0.109858,0.168556,0.111618,0.0409994,0.0566101,0.0935621,0.0590202,0.040693,0.0716457,0.0618043,0.0741928
73.700136054,0.035151,0.0585228,0.108223,0.0680608,0.0146931,0.0759676,0.194191,0.157993,0.0680972,0.0785813,0.0712776,0.0580506
73.746575964,0.0260883,0.0624285,0.106321,0.0652211,0.0181919,0.0602611,0.170133,0.147652,0.0706175,0.0610871,0.0457585,0.0498978
73.793015873,0.0277179,0.0617269,0.0835757,0.0389066,0.00703585,0.0602508,0.171803,0.143693,0.0551808,0.0532667,0.0418885,0.0353371
73.839455782,0.0761445,0.0862403,0.0901864,0.0914225,0.0564383,0.0929107,0.159967,0.107418,0.0511922,0.0661038,0.0578109,0.0562886
73.885895692,0.128947,0.14319,0.128741,0.116455,0.137079,0.136446,0.125174,0.100727,0.116007,0.096428,0.09142,0.117542
73.932335601,0.0701409,0.086781,0.0718382,0.0576246,0.061142,0.0539011,0.0595691,0.0515661,0.0451096,0.0517706,0.0493381,0.0509455
73.978775510,0.0425979,0.0534612,0.0321156,0.0180668,0.0318202,0.0632423,0.0947462,0.062332,0.0996685,0.131661,0.0843276,0.0332442
74.025215420,0.0252894,0.0523527,0.0304867,0.0267075,0.0422074,0.0462715,0.104131,0.0534505,0.0789576,0.133964,0.0935944,0.0273149
74.071655329,0.034307,0.05537,0.0266979,0.0221238,0.028538,0.0495069,0.0818526,0.0695088,0.0363931,0.0491395,0.0573024,0.0225502
74.118095238,0.0439581,0.109928,0.136473,0.0592994,0.0285824,0.0568393,0.0954401,0.143863,0.0892435,0.0926655,0.0776193,0.0514191
74.164535147,0.0316952,0.0829106,0.131477,0.0558525,0.0159984,0.0429955,0.111042,0.14317,0.0515674,0.0629281,0.0616497,0.0257759
74.210975057,0.0376537,0.0920155,0.0967936,0.0577852,0.0225703,0.0762831,0.132006,0.139999,0.0749088,0.0531012,0.0429518,0.0329279
74.257414966,0.0450393,0.09271,0.0877532,0.0356947,0.0178669,0.084476,0.203649,0.16937,0.0551221,0.0433678,0.0641148,0.0348948
74.303854875,0.133773,0.140794,0.150935,0.13016,0.122942,0.142934,0.185351,0.114252,0.0892082,0.112273,0.113781,0.0853049
74.350294785,0.078254,0.120441,0.106157,0.0887989,0.0972171,0.0979791,0.106157,0.0962767,0.0933428,0.0771088,0.0697527,0.0797594
74.396734694,0.0956348,0.105777,0.0587896,0.0490948,0.0379726,0.071475,0.114956,0.0726252,0.0447219,0.0469977,0.0542162,0.052149
74.443174603,0.0498366,0.104042,0.0625675,0.0168799,0.019744,0.0780517,0.187129,0.109602,0.0565874,0.0374736,0.0508745,0.0355741
74.489614512,0.0388753,0.0792825,0.0432761,0.0158469,0.020673,0.0830494,0.182915,0.0960564,0.0337982,0.0183941,0.0193823,0.0163147
74.536054422,0.0857992,0.135367,0.0814911,0.0886375,0.137609,0.10141,0.0754156,0.0635477,0.0681304,0.0657748,0.0424131,0.0648187
74.582494331,0.0425871,0.0699725,0.0779782,0.0535628,0.108419,0.103539,0.149569,0.0584008,0.0554011,0.0981153,0.0937699,0.0815325
74.628934240,0.0302722,0.0631146,0.0946042,0.0505201,0.105354,0.0936957,0.138194,0.0772151,0.0354634,0.0697945,0.0804673,0.060213
74.675374150,0.0324763,0.0536498,0.0394755,0.0495222,0.110815,0.0913961,0.116767,0.0630268,0.0209601,0.0447964,0.0627347,0.060272
74.721814059,0.0635477,0.0793972,0.0622613,0.0827148,0.112662,0.0937249,0.136011,0.0849087,0.0402799,0.0549216,0.0748424,0.0632299
74.768253968,0.134413,0.129273,0.144168,0.129841,0.132575,0.128599,0.104138,0.129768,0.12241,0.102444,0.120988,0.14236
74.814693878,0.099345,0.103841,0.0923957,0.0756408,0.0639391,0.0746595,0.0977946,0.0717609,0.0669175,0.0610442,0.0319821,0.055697
74.861133787,0.123233,0.060943,0.0722289,0.0539366,0.0167408,0.0929591,0.204255,0.127173,0.0509705,0.0433284,0.0660679,0.153426
74.907573696,0.108536,0.0461155,0.0542445,0.0443656,0.0148561,0.0807934,0.209997,0.11584,0.0237844,0.0266323,0.0666403,0.12374
74.954013605,0.114492,0.0673942,0.0756167,0.0535388,0.0257439,0.100842,0.211214,0.105898,0.0193561,0.029143,0.0804207,0.143366
75.000453515,0.07188,0.0623187,0.0520705,0.0197821,0.016859,0.0805333,0.156433,0.0744872,0.017021,0.0171297,0.0387196,0.0800901
75.046893424,0.0277153,0.0281839,0.0284014,0.0144016,0.00429303,0.0505382,0.110994,0.0519094,0.00875434,0.0073558,0.0300382,0.0560803
75.093333333,0.0702394,0.0851477,0.0547262,0.0486949,0.0447938,0.0800471,0.164944,0.11815,0.0563128,0.0573343,0.0882962,0.0867007
75.139773243,0.0753149,0.093871,0.070895,0.0481318,0.0238892,0.106994,0.238544,0.12939,0.0377929,0.0442257,0.106112,0.113321
75.186213152,0.125824,0.152477,0.140105,0.104418,0.109509,0.189592,0.282255,0.182867,0.0910307,0.0918438,0.0839711,0.0814065
75.232653061,0.108596,0.125752,0.126371,0.109962,0.124939,0.108439,0.135619,0.125357,0.110196,0.0841548,0.0806212,0.105064
75.279092971,0.089478,0.0787395,0.0564288,0.0554827,0.0438322,0.0442078,0.0996107,0.0518054,0.0431216,0.0288858,0.0451625,0.0542188
75.325532880,0.101166,0.0657575,0.0497593,0.0468607,0.0172946,0.0843844,0.173248,0.0731039,0.017848,0.0225266,0.034616,0.0680231
75.371972789,0.0849159,0.0584292,0.0373553,0.0265021,0.012235,0.0484212,0.132261,0.0816365,0.0241398,0.0203275,0.0163927,0.0465693
75.418412698,0.0898311,0.0634807,0.0566316,0.0509055,0.0394322,0.0623822,0.105176,0.0858011,0.0571052,0.0390635,0.0624094,0.0692922
75.464852608,0.0976261,0.0445076,0.0721424,0.0420426,0.0315177,0.112029,0.185869,0.0887285,0.0369037,0.0510329,0.065362,0.116778
75.511292517,0.0537871,0.0607764,0.0506617,0.0249295,0.0166575,0.0915889,0.21466,0.107306,0.0192138,0.0128579,0.0611511,0.0968383
75.557732426,0.0547636,0.0444381,0.0539125,0.0243575,0.0100637,0.0780154,0.184922,0.088283,0.00542521,0.0130184,0.0514677,0.093892
75.604172336,0.0675715,0.0729521,0.0758936,0.0476573,0.0274367,0.0859075,0.179684,0.0916483,0.0229898,0.0297214,0.0608869,0.0968582
75.650612245,0.125053,0.130526,0.156053,0.150327,0.157197,0.152422,0.127112,0.118795,0.130481,0.119539,0.139616,0.133686
75.697052154,0.0842702,0.10204,0.0894965,0.0824678,0.101526,0.0779137,0.0777907,0.0711052,0.0654981,0.0872091,0.0520049,0.0649014
75.743492063,0.0521618,0.0531212,0.0435474,0.0599792,0.101401,0.0863646,0.0954077,0.054902,0.0918709,0.150453,0.0732059,0.0667145
75.789931973,0.0277548,0.0363734,0.0432208,0.0423885,0.0637234,0.0561684,0.0982557,0.0580099,0.0628444,0.132943,0.0678675,0.0393381
75.836371882,0.0203553,0.0291258,0.0455797,0.040851,0.0528157,0.0517925,0.099198,0.0681802,0.057325,0.123511,0.0599844,0.020488
75.882811791,0.0436777,0.047761,0.0998788,0.0762834,0.0625299,0.0490528,0.0901701,0.120236,0.110978,0.150818,0.104763,0.0455571
75.929251701,0.0249586,0.0528016,0.105958,0.0820327,0.0661419,0.0459949,0.0500491,0.104631,0.0695317,0.132823,0.0727073,0.0205783
75.975691610,0.0191904,0.0614006,0.116256,0.0694351,0.0524354,0.0467309,0.0930179,0.143429,0.114672,0.1177,0.0558149,0.0243931
76.022131519,0.0247655,0.03371,0.0834347,0.0699473,0.057472,0.0695703,0.136867,0.153091,0.101497,0.127495,0.0746921,0.0361468
76.068571429,0.0790701,0.0822456,0.109437,0.0687834,0.0763336,0.128346,0.147999,0.101756,0.091428,0.14475,0.0786751,0.0464333
76.115011338,0.105716,0.127328,0.138563,0.0935372,0.128201,0.0971578,0.110364,0.119518,0.098252,0.0929933,0.0938318,0.082105
76.161451247,0.0837972,0.0835999,0.0784627,0.0472922,0.0666611,0.072478,0.101982,0.0543632,0.0538768,0.0642661,0.0674276,0.0823508
76.207891156,0.0279287,0.0687998,0.0678438,0.0399837,0.0624462,0.0797716,0.167365,0.0815401,0.0354227,0.0812892,0.0754962,0.0655571
76.254331066,0.0337402,0.0638981,0.047951,0.0371618,0.0615521,0.0802456,0.142327,0.0707471,0.04737,0.0781455,0.0448438,0.0251444
76.300770975,0.0340689,0.038203,0.0209476,0.0315988,0.0563761,0.0462868,0.0413789,0.0333551,0.0369343,0.0614607,0.0445243,0.0221875
76.347210884,0.0286482,0.0473181,0.0984899,0.0609801,0.0381358,0.0612914,0.137843,0.115497,0.0787792,0.106599,0.0753631,0.0350002
76.393650794,0.0130113,0.0528543,0.1207,0.0641797,0.0182911,0.0529194,0.121836,0.136955,0.0601614,0.0957478,0.0504415,0.0150472
76.440090703,0.01278,0.03054,0.0877467,0.050059,0.0215615,0.0456289,0.135047,0.144304,0.0709916,0.0807493,0.0408051,0.0251856
76.486530612,0.0265535,0.0501076,0.0856436,0.0449345,0.026471,0.0555435,0.15254,0.165277,0.0855751,0.0815796,0.0488738,0.0154504
76.532970522,0.165311,0.146392,0.152943,0.150514,0.134205,0.112548,0.140319,0.140481,0.142339,0.137078,0.130602,0.14619
76.579410431,0.0720455,0.10878,0.0941496,0.0787696,0.0868148,0.0719325,0.0787145,0.0550334,0.062765,0.0544179,0.0458748,0.0612575
76.625850340,0.0795963,0.0691219,0.0894129,0.0737149,0.0402403,0.065546,0.143029,0.117135,0.0679679,0.0525575,0.0708182,0.109315
76.672290249,0.0343711,0.0485487,0.0643771,0.0473312,0.0316162,0.0674544,0.161676,0.113619,0.0472201,0.0271034,0.0425967,0.0676469
76.718730159,0.037017,0.0518192,0.0744288,0.0443959,0.018632,0.0687264,0.184128,0.1357,0.0441449,0.0208182,0.0508975,0.0903985
76.765170068,0.048408,0.0505684,0.0618218,0.0331369,0.0186272,0.0813282,0.170892,0.103902,0.0249236,0.0199039,0.0366832,0.0750057
76.811609977,0.0365029,0.031778,0.0321161,0.0140925,0.00979771,0.0510998,0.123136,0.0721252,0.016888,0.00976538,0.0343221,0.0646069
76.858049887,0.0333377,0.0429788,0.049316,0.0318057,0.0247689,0.059038,0.109776,0.0546109,0.0332272,0.040956,0.0374755,0.0635222
76.904489796,0.0406094,0.0761536,0.126875,0.0771338,0.0180707,0.0578689,0.108749,0.130888,0.105524,0.0447523,0.0467407,0.0989877
76.950929705,0.0750829,0.12029,0.149285,0.0692688,0.0591663,0.122373,0.173393,0.164401,0.114479,0.0612554,0.0665539,0.0934784
76.997369615,0.143272,0.149457,0.134348,0.113861,0.145251,0.130793,0.109867,0.105751,0.108657,0.0780459,0.0878784,0.127696
77.043809524,0.078527,0.0868919,0.0708356,0.0660543,0.0619676,0.059709,0.101606,0.0431263,0.0595819,0.041521,0.0327633,0.0623177
77.090249433,0.0448098,0.0531603,0.0590355,0.0397506,0.0226232,0.0785378,0.182952,0.132282,0.0422858,0.0301868,0.0502831,0.0820444
77.136689342,0.0346243,0.0406858,0.0406499,0.021401,0.0130094,0.0403929,0.124812,0.100881,0.0331058,0.0249439,0.0345377,0.0546293
77.183129252,0.0306117,0.0459887,0.0381693,0.0213592,0.022634,0.055028,0.122716,0.0953162,0.0408808,0.0230486,0.0194348,0.025845
77.229569161,0.0857216,0.119972,0.110131,0.0635028,0.0384635,0.0897877,0.135422,0.0852282,0.12788,0.0743907,0.0449761,0.0488788
77.276009070,0.0337155,0.0605107,0.0980085,0.0584409,0.0151157,0.0766121,0.168625,0.097701,0.0594564,0.0599223,0.0485542,0.0624126
77.322448980,0.0294347,0.044211,0.0680125,0.0439988,0.0107961,0.0586797,0.152534,0.106512,0.0570176,0.0501815,0.0289281,0.0459072
77.368888889,0.0393193,0.0689711,0.0700217,0.0460729,0.015754,0.0601986,0.146343,0.098037,0.0530938,0.0448371,0.0374559,0.0388542
77.415328798,0.130344,0.115027,0.117552,0.144781,0.116012,0.110259,0.134782,0.102329,0.0849784,0.118062,0.107909,0.113806
77.461768707,0.0735341,0.103552,0.0942384,0.0770023,0.0933746,0.0894928,0.0909969,0.0909258,0.092709,0.0765691,0.0750402,0.0790085
77.508208617,0.0675186,0.0769919,0.0643277,0.0341403,0.0333665,0.0486043,0.0732635,0.0621074,0.0784713,0.10319,0.0833168,0.057427
77.554648526,0.0243999,0.0442922,0.0219346,0.0316059,0.0461503,0.065661,0.103277,0.0681249,0.0908551,0.13559,0.0879486,0.0271571
77.601088435,0.0312245,0.0559098,0.0300972,0.0271973,0.0457249,0.0655042,0.0973656,0.0528723,0.0800399,0.135439,0.0865092,0.0299152
77.647528345,0.101245,0.194439,0.144564,0.0564273,0.0739348,0.08745,0.117005,0.13175,0.104365,0.102525,0.0744038,0.050148
77.693968254,0.0377497,0.090405,0.126254,0.0571085,0.020367,0.0497445,0.107488,0.12435,0.0718511,0.093533,0.0725431,0.0552447
77.740408163,0.0341925,0.0575456,0.122295,0.0633838,0.0145743,0.0417065,0.128349,0.154961,0.0637925,0.0576306,0.0338792,0.0305486
77.786848073,0.0338208,0.083766,0.0852214,0.0424981,0.025211,0.0761886,0.170373,0.169916,0.0759856,0.0410913,0.0483828,0.0282397
77.833287982,0.0447533,0.0845313,0.0924328,0.0526541,0.0548245,0.112687,0.224298,0.167089,0.0670291,0.0471376,0.0669896,0.0517206
77.879727891,0.128923,0.163408,0.175764,0.14699,0.16559,0.140178,0.158566,0.156732,0.139965,0.0904788,0.109744,0.115511
77.926167800,0.082846,0.0941571,0.0818214,0.0666613,0.0719269,0.0783853,0.103092,0.0746741,0.07043,0.0606071,0.0494233,0.0555633
77.972607710,0.0628075,0.118435,0.0714685,0.0389528,0.041037,0.116982,0.206074,0.0990349,0.0531673,0.0387948,0.0619108,0.0373185
78.019047619,0.0374096,0.087776,0.0526065,0.0180577,0.0219409,0.086545,0.187795,0.099696,0.037814,0.032433,0.0361403,0.026736
78.065487528,0.0314593,0.0583005,0.0352939,0.0154682,0.0287715,0.0650025,0.0996893,0.0639201,0.0368354,0.0242401,0.0288454,0.02272
78.111927438,0.0492864,0.0886968,0.114516,0.0617017,0.0855545,0.0597268,0.118209,0.170945,0.112038,0.0469952,0.0727876,0.069525
78.158367347,0.0497293,0.0566999,0.0881848,0.070194,0.0939084,0.0851873,0.132704,0.13687,0.0736851,0.0305833,0.0751236,0.0884944
78.204807256,0.027539,0.0424182,0.0627341,0.0836923,0.119071,0.0869414,0.126878,0.111385,0.062215,0.0272633,0.0583665,0.0540236
78.251247166,0.0411108,0.0540403,0.0456698,0.0724425,0.138675,0.105876,0.121252,0.0927148,0.0402263,0.0256956,0.0664512,0.0615353
78.297687075,0.103699,0.117708,0.122395,0.0974074,0.09243,0.0993517,0.144168,0.132505,0.0935262,0.0881589,0.1006,0.0745711
78.344126984,0.114365,0.143433,0.138966,0.0944473,0.118925,0.127631,0.110902,0.115195,0.11329,0.111768,0.101026,0.0788401
78.390566893,0.110903,0.0977556,0.0685695,0.0416975,0.0507402,0.0822895,0.119861,0.0636348,0.0396035,0.0650647,0.0582331,0.0620433
78.437006803,0.120296,0.104663,0.0852289,0.0473145,0.0399467,0.0955802,0.194374,0.102324,0.0287676,0.0525825,0.0915738,0.0964066
78.483446712,0.152246,0.171761,0.0987748,0.0381859,0.0453373,0.0787087,0.17766,0.101209,0.0286775,0.0248227,0.044422,0.095225
78.529886621,0.113607,0.169447,0.11714,0.0533271,0.0295863,0.0848517,0.177836,0.0996994,0.0477199,0.0444053,0.0517586,0.0668164
78.576326531,0.0733783,0.133508,0.0732519,0.0182172,0.0129718,0.0646703,0.134226,0.0627789,0.0304396,0.0289097,0.0325484,0.0404999
78.622766440,0.0694432,0.130527,0.0620992,0.015059,0.0105363,0.0449263,0.0941002,0.0499659,0.0308967,0.0237519,0.0264233,0.0353007
78.669206349,0.0804223,0.133956,0.0756602,0.0336162,0.0365143,0.0870633,0.172433,0.100192,0.0947826,0.0700643,0.0785643,0.0889398
78.715646259,0.0958003,0.122449,0.0791955,0.0564832,0.0578368,0.146667,0.273758,0.155169,0.0956673,0.0691381,0.075994,0.0867223
78.762086168,0.152004,0.203245,0.211837,0.189332,0.162409,0.110775,0.141093,0.141392,0.137982,0.123458,0.108438,0.112571
78.808526077,0.0884076,0.116382,0.11546,0.0912285,0.0948138,0.0830314,0.0946991,0.0739498,0.0643441,0.0479581,0.0541632,0.0677245
78.854965986,0.144662,0.155933,0.0866023,0.038219,0.025506,0.100222,0.117062,0.0525862,0.0368589,0.0435757,0.0484792,0.0493502
78.901405896,0.107014,0.131994,0.0711251,0.0165673,0.0194909,0.0387867,0.104353,0.0578892,0.0234197,0.0447105,0.0727502,0.0472493
78.947845805,0.101218,0.122219,0.0594558,0.0277746,0.0144422,0.0412608,0.0843107,0.0520832,0.0476149,0.0539753,0.0597134,0.0272082
78.994285714,0.104949,0.146272,0.0796835,0.0399563,0.038988,0.0597314,0.130215,0.0918489,0.0575531,0.0810605,0.125141,0.116234
79.040725624,0.0965476,0.123627,0.0727242,0.0407512,0.0305475,0.11611,0.200097,0.104395,0.0589449,0.0734036,0.0992875,0.129285
79.087165533,0.0823893,0.104528,0.0579689,0.0812882,0.0326882,0.068103,0.165291,0.117765,0.0551914,0.0705506,0.118039,0.1138
79.133605442,0.0497316,0.113504,0.135707,0.064958,0.0159003,0.0599131,0.129112,0.0705914,0.0243881,0.0267179,0.0569128,0.0924096
79.180045351,0.109088,0.208072,0.19864,0.106132,0.0618718,0.099135,0.170587,0.105515,0.0783187,0.0658804,0.0917183,0.118873
79.226485261,0.138078,0.163869,0.127386,0.140934,0.118393,0.121399,0.133351,0.0869531,0.11401,0.107786,0.0831218,0.0877477
79.272925170,0.0699849,0.0946221,0.0966954,0.0450831,0.0691489,0.039399,0.0866383,0.0376446,0.0291103,0.0546964,0.0286017,0.0662718
79.319365079,0.0593613,0.0769928,0.117288,0.0781697,0.0390289,0.058094,0.146335,0.0769651,0.0486276,0.0973647,0.0679117,0.0723458
79.365804989,0.0491541,0.0886126,0.154055,0.105592,0.0388136,0.0740485,0.150383,0.0814062,0.036962,0.0970875,0.0723678,0.0470574
79.412244898,0.0540797,0.110618,0.132064,0.0876651,0.0405951,0.0654281,0.116592,0.072351,0.0831794,0.118329,0.063634,0.0627877
79.458684807,0.0636211,0.120494,0.125006,0.0616213,0.0331207,0.0569145,0.0692866,0.0428846,0.0814135,0.08166,0.0793648,0.0517136
79.505124717,0.0171069,0.0698802,0.139663,0.0674235,0.0128163,0.0350333,0.0734016,0.0372942,0.0417832,0.0974825,0.0537184,0.0222352
79.551564626,0.0503112,0.0647297,0.119651,0.0787135,0.0174422,0.0163931,0.0496342,0.0302113,0.0357438,0.031445,0.0274611,0.0308098
79.598004535,0.105267,0.153774,0.130917,0.0579353,0.0160709,0.0304975,0.0575567,0.0323791,0.0326775,0.0591387,0.0544693,0.0546326
79.644444444,0.176968,0.175879,0.137179,0.0697365,0.0660467,0.0584539,0.0540419,0.0869577,0.075077,0.102119,0.144401,0.180951
79.690884354,0.117157,0.125116,0.0942229,0.0392546,0.0497309,0.0767361,0.0752133,0.0814444,0.110681,0.0733279,0.0476397,0.104201
79.737324263,0.0304598,0.0796634,0.119139,0.0584843,0.0209887,0.0320224,0.0216884,0.026035,0.0484791,0.018216,0.0314768,0.0316844
79.783764172,0.0344895,0.0441358,0.0303194,0.097213,0.091745,0.0220698,0.0165965,0.0177091,0.0396898,0.0256544,0.0267768,0.0368951
79.830204082,0.073374,0.0675804,0.0378342,0.0576657,0.136709,0.0762911,0.0133448,0.0152401,0.0318243,0.0202169,0.018443,0.038655
79.876643991,0.144121,0.112322,0.0765928,0.0659108,0.115192,0.0748962,0.0842347,0.0640195,0.0405558,0.0277086,0.0691206,0.142003
79.923083900,0.0639758,0.101405,0.19395,0.140086,0.047938,0.0319128,0.0783273,0.0462708,0.0295372,0.0389887,0.0343846,0.0826616
79.969523810,0.0505611,0.0906216,0.207955,0.179392,0.0785307,0.0512665,0.0598643,0.0296964,0.0165603,0.0336223,0.0355976,0.0752661
80.015963719,0.0717442,0.10084,0.141379,0.127051,0.136204,0.0831065,0.0526135,0.0419404,0.0363444,0.0221623,0.022717,0.0315258
80.062403628,0.116125,0.089266,0.0350946,0.0590296,0.110334,0.106746,0.0688507,0.0446409,0.050032,0.0340125,0.0433688,0.0961343
80.108843537,0.0479397,0.0780844,0.151063,0.11081,0.0801884,0.0932304,0.151512,0.116035,0.110974,0.128392,0.0805971,0.0610897
80.155283447,0.0264004,0.0439886,0.101829,0.0571264,0.0212788,0.051178,0.124574,0.127475,0.10292,0.10831,0.0733383,0.048446
80.201723356,0.0369166,0.0327845,0.0961416,0.0549294,0.0157177,0.0596496,0.144817,0.117146,0.0657573,0.0693697,0.0497147,0.0709266
80.248163265,0.0427062,0.0541528,0.0689649,0.0386913,0.0170178,0.0692638,0.167561,0.115722,0.0342754,0.0387483,0.0398696,0.0769546
80.294603175,0.12135,0.112499,0.135239,0.111447,0.0829838,0.133381,0.231299,0.147583,0.0639784,0.0736069,0.0993325,0.121877
80.341043084,0.103064,0.135586,0.118532,0.0888106,0.119918,0.103197,0.109142,0.110258,0.0968749,0.0858119,0.0819939,0.0917227
80.387482993,0.0746596,0.0774119,0.0658005,0.0421623,0.0431089,0.0490953,0.0484997,0.03873,0.0389008,0.0271705,0.0297706,0.0479667
80.433922902,0.0460064,0.0644496,0.116557,0.0789487,0.0312363,0.0402159,0.129192,0.183615,0.113317,0.0587311,0.054845,0.0688189
80.480362812,0.0475093,0.070228,0.115126,0.0661721,0.0278891,0.0699825,0.209504,0.195806,0.0954956,0.0418093,0.0436281,0.0667827
80.526802721,0.153611,0.152191,0.162806,0.12888,0.10654,0.137468,0.233066,0.17827,0.13475,0.116042,0.109985,0.130764
80.573242630,0.0814852,0.117169,0.0919202,0.0812297,0.0978011,0.0824361,0.0841937,0.0631478,0.0779466,0.0671138,0.0551865,0.075107
80.619682540,0.0614775,0.0789461,0.0728586,0.0409772,0.0286762,0.0492512,0.115417,0.0994755,0.0838666,0.0493761,0.049549,0.059415
80.666122449,0.0248674,0.0555516,0.0479946,0.0190501,0.0165241,0.051663,0.135233,0.0903218,0.0544031,0.0222351,0.0282854,0.0443905
80.712562358,0.0183349,0.0417198,0.0354246,0.0120936,0.0213003,0.0466027,0.11051,0.0823843,0.045395,0.0171391,0.0215468,0.0287356
80.759002268,0.0663725,0.0870976,0.11822,0.0776328,0.0355771,0.0780531,0.102656,0.0522263,0.057023,0.0775893,0.0557583,0.047244
80.805442177,0.0431356,0.0716112,0.126489,0.0749983,0.0232904,0.0744791,0.188922,0.143615,0.0621372,0.074915,0.0596331,0.0687108
80.851882086,0.0315359,0.0682009,0.119176,0.0701918,0.019089,0.0631446,0.163938,0.14343,0.0552829,0.0446992,0.0377379,0.0536913
80.898321995,0.030791,0.063496,0.0863497,0.0360614,0.00933238,0.056007,0.167216,0.149141,0.060482,0.0386241,0.0356023,0.0449615
80.944761905,0.0680478,0.081676,0.0867593,0.0720716,0.0427596,0.0839904,0.175689,0.125267,0.0607251,0.0581487,0.0556533,0.0669213
80.991201814,0.127374,0.142146,0.137125,0.13094,0.150865,0.142068,0.136224,0.130589,0.126969,0.108732,0.11639,0.12532
81.037641723,0.070614,0.0933365,0.0808172,0.0625303,0.0646014,0.0721484,0.0679942,0.0543422,0.0562869,0.0787762,0.0752223,0.0541982
81.084081633,0.0399602,0.0588367,0.0486787,0.0384158,0.0538044,0.0849719,0.0979537,0.0682573,0.0669784,0.114296,0.0877709,0.0296207
81.130521542,0.0184324,0.0482879,0.0258726,0.0292856,0.053988,0.0705147,0.107999,0.066208,0.0939338,0.150989,0.0999164,0.032374
81.176961451,0.0345882,0.0542864,0.0200934,0.0166061,0.0239548,0.0607652,0.101922,0.0668831,0.0572123,0.0731964,0.049208,0.0314701
81.223401361,0.0499632,0.131294,0.138962,0.053504,0.0347127,0.0782878,0.117346,0.141651,0.105897,0.101357,0.0742484,0.0551095
81.269841270,0.0257883,0.0940793,0.139825,0.0577187,0.0128878,0.0406659,0.0996952,0.138645,0.0746424,0.0810065,0.0640188,0.0364307
81.316281179,0.0422081,0.087988,0.113317,0.0652555,0.0246596,0.0863405,0.156856,0.142301,0.0656704,0.0514288,0.0276063,0.0281537
81.362721088,0.0414122,0.0927341,0.0850975,0.0388171,0.0191754,0.0808906,0.189154,0.180877,0.0792514,0.0562578,0.0676622,0.0403115
81.409160998,0.104813,0.119386,0.111645,0.110003,0.100527,0.152965,0.195796,0.111586,0.0745047,0.0831623,0.0886815,0.0660649
81.455600907,0.0839518,0.117917,0.108236,0.0813919,0.0988521,0.094835,0.0962999,0.0951945,0.0971722,0.0663697,0.0773499,0.0788564
81.502040816,0.0785316,0.0842662,0.0525483,0.0429902,0.0426316,0.0718795,0.103918,0.068705,0.0508228,0.0439915,0.0438613,0.04602
81.548480726,0.04316,0.105723,0.0485459,0.0293731,0.0374415,0.0803831,0.188486,0.0861753,0.0578016,0.0398893,0.0469571,0.0272854
81.594920635,0.0384546,0.0874938,0.0443194,0.0178521,0.0252402,0.0915245,0.184286,0.0933105,0.0450641,0.0274578,0.0279655,0.0199466
81.641360544,0.062738,0.0836915,0.0756573,0.0776629,0.075271,0.0632502,0.0688672,0.0642206,0.0521705,0.0512683,0.0387695,0.0352117
81.687800454,0.0348902,0.0836266,0.0858347,0.0471637,0.10232,0.101672,0.131662,0.0711649,0.0545086,0.103208,0.060773,0.0569844
81.734240363,0.0326696,0.0565424,0.0852073,0.0653835,0.10596,0.095538,0.140333,0.0766826,0.0265647,0.056504,0.0744099,0.0689576
81.780680272,0.041726,0.0627263,0.0429557,0.0413246,0.123375,0.0961632,0.117563,0.0624188,0.029288,0.0514499,0.0605295,0.0624279
81.827120181,0.0542318,0.0719335,0.0477384,0.0778622,0.134901,0.105506,0.124056,0.0759552,0.0331584,0.0576511,0.0774705,0.062156
81.873560091,0.161625,0.161119,0.173528,0.155944,0.13314,0.131727,0.125335,0.127961,0.132677,0.118954,0.128056,0.166527
81.920000000,0.0790361,0.102626,0.0862404,0.0747662,0.0703578,0.072191,0.0847759,0.0455072,0.0619478,0.0504981,0.0467543,0.0435764
81.966439909,0.104829,0.0545216,0.0591567,0.0465003,0.0189135,0.0822109,0.178449,0.120208,0.0511936,0.0412225,0.0825334,0.145172
82.012879819,0.120121,0.0601407,0.0685949,0.0489092,0.0148365,0.0795526,0.209647,0.114772,0.0147713,0.017507,0.0561873,0.116116
82.059319728,0.117821,0.0712319,0.0707761,0.0448223,0.0198449,0.0865993,0.198828,0.0859671,0.0267994,0.0220004,0.067099,0.145423
82.105759637,0.0933685,0.0718154,0.059232,0.0260683,0.0147078,0.0796504,0.158857,0.0683805,0.0137114,0.0172703,0.0440345,0.0919126
82.152199546,0.0393913,0.0364511,0.0328453,0.0171358,0.00926118,0.0520099,0.110818,0.0466845,0.0102711,0.00961071,0.0308737,0.0630634
82.198639456,0.0604951,0.0623221,0.0413366,0.0386152,0.0392087,0.0796702,0.142687,0.0898275,0.0530836,0.0589816,0.0846886,0.100338
82.245079365,0.0822478,0.109902,0.0704291,0.0323278,0.027902,0.106392,0.235351,0.13488,0.0437001,0.0415591,0.0927731,0.107821
82.291519274,0.110508,0.151579,0.134696,0.0871423,0.0860968,0.18463,0.296549,0.187532,0.0781024,0.074878,0.0786457,0.0824462
82.337959184,0.128488,0.140188,0.132638,0.114439,0.140071,0.106841,0.137414,0.126368,0.10132,0.0848787,0.0801041,0.105951
82.384399093,0.0959861,0.0843221,0.0716001,0.060155,0.06604,0.0758135,0.129194,0.0913961,0.0523041,0.0459327,0.0441233,0.0555528
82.430839002,0.107048,0.0643054,0.0515481,0.0443043,0.0173268,0.0971539,0.200049,0.0992448,0.033493,0.03925,0.0440683,0.0674915
82.477278912,0.0935406,0.0600608,0.0326139,0.0236088,0.0143494,0.0638205,0.147802,0.0730212,0.0194817,0.0208241,0.0224012,0.0517841
82.523718821,0.075577,0.059047,0.0315952,0.042243,0.021673,0.0623976,0.135609,0.0703218,0.0289297,0.0258616,0.0283962,0.0489355
82.570158730,0.137404,0.080849,0.0516621,0.0438411,0.0503114,0.108447,0.166198,0.0810962,0.0404388,0.0507657,0.0812206,0.131919
82.616598639,0.0593934,0.0600009,0.0532279,0.0334327,0.0167504,0.101364,0.228283,0.110693,0.017626,0.0387152,0.0889321,0.10846
82.663038549,0.0506603,0.0401736,0.0501622,0.0212059,0.00788631,0.0756206,0.1809,0.0888814,0.010528,0.0140008,0.0505246,0.0980968
82.709478458,0.0617006,0.0637182,0.0704012,0.0333876,0.0203937,0.0889509,0.188701,0.0979219,0.0166238,0.0251828,0.0538338,0.092675
82.755918367,0.143573,0.130705,0.144296,0.157367,0.142381,0.151562,0.154731,0.120183,0.128227,0.14451,0.16595,0.160556
82.802358277,0.0782654,0.107617,0.088739,0.0761118,0.0964051,0.0828399,0.088501,0.0786665,0.068338,0.0831212,0.060594,0.0864419
82.848798186,0.0424178,0.0710949,0.0446775,0.0561728,0.0950445,0.068512,0.0925909,0.0662759,0.0540714,0.109274,0.0638306,0.0584182
82.895238095,0.0373807,0.0416573,0.0361259,0.0424687,0.0729938,0.0647421,0.104309,0.062297,0.0514419,0.120043,0.064037,0.040174
82.941678005,0.0208251,0.032604,0.0463356,0.0375725,0.0505152,0.0524456,0.0966215,0.054889,0.0601947,0.14094,0.0779155,0.0252796
82.988117914,0.0428283,0.0642581,0.122964,0.113118,0.0718709,0.085535,0.137897,0.153001,0.11057,0.138794,0.077212,0.0601318
83.034557823,0.0262535,0.0454618,0.090934,0.0753178,0.0660956,0.0412039,0.0692521,0.119795,0.11162,0.134437,0.0719634,0.0251303
83.080997732,0.0154964,0.0487749,0.10035,0.0609919,0.0561932,0.0498556,0.0759576,0.123386,0.0985342,0.12312,0.0519519,0.0234306
83.127437642,0.021539,0.0463787,0.0857396,0.0637738,0.067725,0.071168,0.139813,0.136822,0.0886099,0.13795,0.0778315,0.0341579
83.173877551,0.0717613,0.0805528,0.102927,0.0762262,0.071464,0.124597,0.175151,0.131335,0.107243,0.155226,0.0725845,0.0491482
83.220317460,0.107129,0.131414,0.141987,0.110961,0.136772,0.114157,0.110683,0.119382,0.126285,0.0818174,0.10234,0.099207
83.266757370,0.0757793,0.0833504,0.0794499,0.0528725,0.0732476,0.0461647,0.0900085,0.0436602,0.0536199,0.0564114,0.0403803,0.059458
83.313197279,0.0583903,0.0715145,0.0607443,0.0523747,0.0656277,0.0829971,0.178497,0.0771535,0.0477625,0.08164,0.0526784,0.0567122
83.359637188,0.0255801,0.0492543,0.0299241,0.0376856,0.0609851,0.0705708,0.14767,0.0693354,0.0425463,0.0781339,0.0493257,0.0297375
83.406077098,0.0293704,0.0316808,0.0166502,0.0325775,0.0588508,0.053308,0.0426664,0.0317295,0.034947,0.0623422,0.0483008,0.0252942
83.452517007,0.0295478,0.0417347,0.0934473,0.0587687,0.0325883,0.0551495,0.107317,0.124411,0.0740074,0.114056,0.0720374,0.0364019
83.498956916,0.0165778,0.0636306,0.121721,0.0673079,0.0232547,0.0569201,0.172287,0.159313,0.0743913,0.106359,0.0604798,0.0241509
83.545396825,0.00746942,0.0427696,0.100719,0.0554275,0.0216125,0.040494,0.14571,0.155921,0.0579778,0.0769214,0.0429256,0.0189686
83.591836735,0.0209921,0.0368314,0.0771026,0.0470111,0.022453,0.0510033,0.15872,0.170077,0.0797138,0.0812992,0.0423689,0.0163982
83.638276644,0.133073,0.10775,0.129461,0.135264,0.103995,0.0881084,0.1356,0.14097,0.129048,0.12362,0.0924455,0.101034
83.684716553,0.0856132,0.113779,0.104492,0.0803859,0.0952527,0.0817713,0.0908148,0.083435,0.0853036,0.0709099,0.0589386,0.0731876
83.731156463,0.0857745,0.0775016,0.0849397,0.0626417,0.0290692,0.0652062,0.12522,0.0934075,0.0660822,0.0385179,0.0512677,0.102689
83.777596372,0.030301,0.0355861,0.0531719,0.0425815,0.0280218,0.0931387,0.171938,0.122081,0.0463281,0.0260108,0.0388026,0.0733425
83.824036281,0.0435356,0.0511043,0.085482,0.0454747,0.0250532,0.0548213,0.174849,0.123757,0.0532188,0.0258884,0.0330586,0.0807311
83.870476190,0.0387595,0.0518135,0.0623527,0.0429136,0.0192123,0.0778417,0.1671,0.110238,0.0334405,0.0153177,0.0295174,0.0675532
83.916916100,0.0409169,0.0340159,0.029109,0.0118495,0.0073645,0.0521654,0.117848,0.0646932,0.0107464,0.00732641,0.0300426,0.0621715
83.963356009,0.0307907,0.0328409,0.0329386,0.0221669,0.0155919,0.0488289,0.106362,0.0667413,0.0319963,0.0341636,0.0398901,0.0595836
84.009795918,0.0565453,0.0748721,0.11621,0.079415,0.0319272,0.0632027,0.111161,0.137,0.102041,0.0247923,0.0500441,0.105374
84.056235828,0.0786514,0.114302,0.147689,0.0821244,0.0497755,0.102958,0.164677,0.121397,0.105639,0.0616272,0.0559352,0.0860823
84.102675737,0.149178,0.136589,0.126886,0.120399,0.14753,0.133861,0.0948487,0.114579,0.0949224,0.0885975,0.104998,0.142466
84.149115646,0.0891137,0.0998893,0.0951283,0.0738034,0.0861979,0.0936205,0.112973,0.0720933,0.068039,0.0454297,0.0308161,0.0635436
84.195555556,0.0473227,0.0638735,0.0708624,0.0391297,0.0193858,0.0682461,0.180703,0.12203,0.0435351,0.023077,0.037133,0.0767978
84.241995465,0.042859,0.0452244,0.0492241,0.0249598,0.00939236,0.0517295,0.119991,0.0913561,0.0340451,0.0229338,0.0307867,0.0582377
84.288435374,0.0245452,0.0434055,0.042428,0.0203916,0.0147747,0.042352,0.118208,0.0875529,0.0294105,0.0129932,0.0125064,0.0233069
84.334875283,0.0899797,0.0968986,0.0734498,0.0566958,0.0496821,0.0454959,0.127113,0.116021,0.0922404,0.0404314,0.0421887,0.0685092
84.381315193,0.0502613,0.0813447,0.106811,0.0454671,0.0139844,0.0692653,0.155934,0.101637,0.0607535,0.073325,0.0713098,0.0664573
84.427755102,0.0214678,0.0661877,0.0928684,0.0364406,0.0120716,0.057087,0.170103,0.134862,0.0572664,0.0543322,0.0348068,0.0358529
84.474195011,0.0325778,0.0748098,0.10024,0.0475305,0.0128759,0.0668032,0.169302,0.116564,0.0536926,0.0455185,0.0371351,0.041842
84.520634921,0.102635,0.0826585,0.0996514,0.122305,0.100275,0.104821,0.139385,0.0814236,0.0756547,0.0956858,0.0927085,0.0937115
84.567074830,0.0988898,0.11735,0.109297,0.0859012,0.107147,0.0994022,0.0987562,0.104969,0.101135,0.0863095,0.0870719,0.0919848
84.613514739,0.0602233,0.0722517,0.0583743,0.0449178,0.0450015,0.0697331,0.0748579,0.0461609,0.0511477,0.0629114,0.063543,0.0521521
84.659954649,0.0349258,0.0535844,0.0265382,0.0213832,0.0373894,0.0562585,0.105744,0.0714998,0.0592914,0.113637,0.0903,0.0334463
84.706394558,0.0249636,0.0510073,0.0175648,0.0249773,0.0346821,0.0455969,0.103249,0.0616469,0.0652373,0.136861,0.112613,0.0353076
84.752834467,0.0932396,0.116899,0.0869947,0.0511445,0.0458229,0.0670567,0.119179,0.113442,0.0794075,0.0642888,0.0591609,0.0462863
84.799274376,0.0385041,0.0911588,0.120621,0.0514044,0.0250238,0.0410329,0.107972,0.137739,0.0753373,0.117738,0.0673563,0.0411259
84.845714286,0.030699,0.0760717,0.132112,0.0601341,0.0145789,0.0327525,0.0863625,0.123519,0.0676961,0.0531189,0.0479569,0.0478777
84.892154195,0.0316827,0.0906809,0.0879897,0.0510973,0.0286507,0.0704814,0.164922,0.167009,0.0718392,0.0380491,0.0503118,0.0165966
84.938594104,0.0486501,0.102113,0.110591,0.0502615,0.0286244,0.0917838,0.197686,0.160377,0.0646757,0.0580336,0.0683464,0.036504
84.985034014,0.144282,0.178398,0.193133,0.177214,0.16186,0.125885,0.149868,0.140529,0.119752,0.104731,0.119585,0.129053
85.031473923,0.0785282,0.0969829,0.0898781,0.0737677,0.0812222,0.0801085,0.0935657,0.0572073,0.0727722,0.0566501,0.0501769,0.0616708
85.077913832,0.0578408,0.103404,0.0554157,0.0377498,0.032635,0.0939574,0.164594,0.101302,0.0627444,0.0537368,0.0594487,0.0424138
85.124353741,0.0355539,0.0918833,0.0504393,0.0195957,0.0216522,0.0749984,0.181479,0.0911897,0.0405171,0.0312599,0.0424228,0.0332342
85.170793651,0.0322501,0.0658469,0.0359244,0.0165608,0.0236652,0.0713125,0.126573,0.0611467,0.0302626,0.0174566,0.024174,0.0136659
85.217233560,0.0381902,0.0708364,0.109584,0.0910105,0.104786,0.0762591,0.12556,0.171173,0.0976351,0.0620687,0.0699342,0.0779355
85.263673469,0.0421929,0.0596448,0.0850749,0.0545961,0.118919,0.106714,0.131438,0.145801,0.0682229,0.0360013,0.0622655,0.0683827
85.310113379,0.0315371,0.0627003,0.0847035,0.0508893,0.109116,0.0830831,0.138397,0.134389,0.0691998,0.0380905,0.0628659,0.05258
85.356553288,0.0322516,0.0492928,0.0493889,0.0716119,0.119507,0.0801159,0.120736,0.103117,0.0382155,0.029256,0.0635115,0.0596391
85.402993197,0.0914776,0.115214,0.114401,0.0936799,0.0971086,0.0933727,0.15328,0.132162,0.0799333,0.0785251,0.0954383,0.0780615
85.449433107,0.113914,0.127934,0.139561,0.103862,0.120593,0.128022,0.11097,0.11241,0.0984806,0.10537,0.109479,0.102631
85.495873016,0.0727367,0.109209,0.103416,0.0634399,0.0579922,0.0960691,0.121408,0.0714708,0.0597279,0.0969885,0.0633669,0.039789
85.542312925,0.0422503,0.0805355,0.0521549,0.0352521,0.0433185,0.0945882,0.215421,0.11079,0.029238,0.0484655,0.0462683,0.031506
85.588752834,0.0723637,0.158958,0.0811977,0.0293354,0.0358435,0.0827299,0.209575,0.107686,0.0364979,0.0258543,0.0309174,0.0179677
85.635192744,0.0590035,0.139464,0.0712314,0.0148888,0.0173315,0.0914277,0.214808,0.103532,0.0229677,0.0322005,0.0339303,0.0167653
85.681632653,0.0577154,0.131978,0.0650818,0.00953973,0.0157525,0.0756868,0.189666,0.0980571,0.0311759,0.0218262,0.0152222,0.0120181
85.728072562,0.114867,0.18313,0.116761,0.0619189,0.0632323,0.13819,0.210773,0.107482,0.0703929,0.0617729,0.0533403,0.0446006
85.774512472,0.121636,0.170159,0.148731,0.133931,0.159755,0.117929,0.105593,0.131782,0.116535,0.0876961,0.105733,0.124156
85.820952381,0.0799185,0.112179,0.0736482,0.0716552,0.0696644,0.0640119,0.100502,0.063865,0.0641218,0.0541851,0.057903,0.0452513
85.867392290,0.0642247,0.135687,0.0943574,0.0665197,0.0755312,0.089752,0.133879,0.0868105,0.0850857,0.0747211,0.076258,0.0566183
85.913832200,0.0680519,0.13087,0.104147,0.0440322,0.0827355,0.0863599,0.0551016,0.0350208,0.0676951,0.0762316,0.0545807,0.083368
85.960272109,0.0554683,0.10907,0.100862,0.0325602,0.0407058,0.101599,0.0840563,0.0294608,0.059446,0.0895979,0.0500254,0.0381548
86.006712018,0.0585726,0.137677,0.112388,0.0396644,0.0125437,0.0358661,0.0884729,0.0504362,0.0304758,0.0728666,0.0954874,0.0500203
86.053151927,0.0916172,0.126779,0.11313,0.0610775,0.0388539,0.0727976,0.110218,0.0656021,0.0574614,0.0863953,0.074357,0.0425355
86.099591837,0.136221,0.14939,0.163053,0.163175,0.150451,0.12765,0.120851,0.129687,0.129005,0.0980368,0.145582,0.151578
86.146031746,0.0902767,0.128678,0.100956,0.0961072,0.0908945,0.0667111,0.073155,0.0448494,0.0674814,0.0527319,0.0516881,0.0529169
86.192471655,0.0779192,0.155113,0.120946,0.0858252,0.0348007,0.0409934,0.065019,0.0466182,0.0317222,0.0541142,0.074869,0.0313914
86.238911565,0.0427077,0.129575,0.186656,0.0780633,0.0202924,0.0264463,0.0599296,0.022855,0.0431519,0.0681985,0.0417432,0.0289019
86.285351474,0.0533278,0.184186,0.210271,0.0980546,0.0280719,0.0301743,0.0539359,0.0319223,0.0362679,0.048248,0.0408721,0.0418191
86.331791383,0.0562016,0.107682,0.139313,0.0880406,0.0857089,0.030578,0.0583689,0.0801093,0.145372,0.125086,0.0441464,0.0329235
86.378231293,0.0489072,0.0853027,0.100041,0.0652999,0.0356056,0.0553409,0.0760639,0.0521502,0.0705618,0.0831274,0.0589514,0.0764413
86.424671202,0.0437771,0.0671168,0.0693415,0.0466846,0.028414,0.0522022,0.0855856,0.0506387,0.0773904,0.0938198,0.0495482,0.0698531
86.471111111,0.0233947,0.0730433,0.0736342,0.0474725,0.0290682,0.0400683,0.0610346,0.0456418,0.0729741,0.0975651,0.0681178,0.0484222
86.517551020,0.0826825,0.161127,0.206523,0.134464,0.0884259,0.084781,0.118111,0.0892071,0.121589,0.124311,0.0891752,0.0709236
86.563990930,0.129288,0.144445,0.120826,0.134746,0.101244,0.125057,0.113587,0.0929387,0.126358,0.110447,0.0916391,0.0803796
86.610430839,0.0617874,0.0933817,0.109573,0.0781867,0.0601164,0.0567439,0.060039,0.0538211,0.0567873,0.0690064,0.0572403,0.0491541
86.656870748,0.0382172,0.119393,0.196109,0.114876,0.0252778,0.0264188,0.0385427,0.0216262,0.032991,0.036105,0.0275303,0.0262416
86.703310658,0.0809365,0.184199,0.216142,0.10145,0.0261062,0.0212859,0.0211348,0.0318705,0.0357099,0.0696842,0.0590535,0.0373273
86.749750567,0.135909,0.200716,0.245519,0.108757,0.0678079,0.0869708,0.0732768,0.0654951,0.0803566,0.0999103,0.129748,0.157953
86.796190476,0.151686,0.13114,0.0753845,0.0370887,0.0329047,0.0515325,0.0851187,0.0624297,0.0457842,0.0612835,0.0465231,0.135375
86.842630385,0.0229526,0.0595112,0.0931215,0.0377298,0.0117582,0.0254848,0.030345,0.0146358,0.0157923,0.0259366,0.0204102,0.0263935
86.889070295,0.0129861,0.0223403,0.0304603,0.0764176,0.0599105,0.0115003,0.00733119,0.00676441,0.00680588,0.00929949,0.0250254,0.0263388
86.935510204,0.0216411,0.0221245,0.0156837,0.036902,0.0871995,0.0446446,0.00637836,0.00462475,0.00716976,0.0097348,0.0176374,0.028081
86.981950113,0.0306307,0.0208401,0.0343826,0.0535797,0.099628,0.114878,0.0732774,0.0411092,0.0316454,0.0376558,0.0604504,0.0548785
87.028390023,0.0464515,0.0250933,0.0801066,0.0742054,0.0394434,0.0451643,0.0716451,0.0387786,0.0107726,0.0208139,0.0433552,0.094351
87.074829932,0.0476511,0.0453882,0.0906091,0.0485078,0.0447983,0.035307,0.0328738,0.0960832,0.0820897,0.0288091,0.032776,0.0634901
87.121269841,0.0301181,0.0742868,0.100608,0.0403155,0.0265609,0.0332313,0.0178252,0.0247672,0.065564,0.0415923,0.0232239,0.0401534
87.167709751,0.0894726,0.0835607,0.0325053,0.0200558,0.0424915,0.0391053,0.0218438,0.042472,0.0801775,0.0382183,0.0260175,0.0600836
87.214149660,0.0565873,0.0876702,0.145136,0.107291,0.05424,0.0523301,0.10303,0.104254,0.0741344,0.0551968,0.0319877,0.0598444
87.260589569,0.032259,0.0441922,0.0921486,0.0558293,0.0133274,0.0426067,0.1394,0.136998,0.077382,0.0730394,0.0648712,0.0694891
87.307029478,0.0258495,0.0365748,0.069437,0.0357124,0.0125602,0.0689915,0.163555,0.130438,0.0521224,0.0535835,0.0426417,0.0448025
87.353469388,0.0351341,0.0441237,0.064689,0.0344549,0.0180944,0.0502401,0.109836,0.0983433,0.0540846,0.0415492,0.0333212,0.0547377
87.399909297,0.0327726,0.0314549,0.059267,0.03186,0.0138145,0.0512266,0.140948,0.110877,0.0386435,0.0156332,0.026995,0.0516153
87.446349206,0.0175699,0.0311708,0.0499977,0.0272463,0.00995339,0.054169,0.137742,0.0942074,0.0418618,0.0177737,0.0276006,0.0400652
87.492789116,0.0304411,0.0432798,0.0569839,0.0278973,0.0102748,0.0498792,0.131863,0.0939987,0.0352857,0.0181854,0.034151,0.0500461
87.539229025,0.0400022,0.0580345,0.0683146,0.0288244,0.0165511,0.0663861,0.157219,0.114666,0.0438832,0.0501928,0.0374975,0.0496612
87.585668934,0.0230633,0.0424386,0.0671089,0.0279419,0.00711592,0.0473573,0.108979,0.128021,0.075525,0.043732,0.034549,0.0506401
87.632108844,0.0189783,0.0380498,0.0790544,0.0380116,0.0090251,0.0463694,0.102379,0.123906,0.0748808,0.0547755,0.0408728,0.0471103
87.678548753,0.0137874,0.0293753,0.0373219,0.0179758,0.0102905,0.0278822,0.0647065,0.0987781,0.0663282,0.0440287,0.0417025,0.0395522
87.724988662,0.030358,0.0484857,0.0658161,0.0304284,0.00499949,0.0336748,0.0821879,0.0939416,0.0519066,0.0286513,0.0228801,0.0384243
87.771428571,0.0253523,0.0399028,0.04493,0.0269336,0.0152419,0.0241452,0.0763491,0.0903374,0.0464427,0.0136469,0.0238376,0.0322857
87.817868481,0.0172602,0.0328558,0.0379978,0.0248176,0.0284773,0.0340439,0.0723796,0.0853168,0.0413871,0.0157852,0.0143369,0.0272037
87.864308390,0.0327762,0.0401933,0.0393936,0.0316831,0.0412924,0.0272897,0.0770038,0.0949495,0.0562296,0.0326897,0.0373199,0.0505501
87.910748299,0.0124204,0.0430732,0.0872658,0.0417196,0.01187,0.0266577,0.0767586,0.0835827,0.0647578,0.0575124,0.039563,0.0377072
87.957188209,0.0184607,0.0334494,0.0636882,0.0355989,0.0128945,0.0390924,0.0877264,0.0802773,0.0550004,0.0631019,0.0378613,0.0337536
88.003628118,0.0150963,0.0322552,0.0558808,0.0276216,0.00930996,0.0477572,0.0950965,0.0722435,0.0473229,0.0518573,0.0326314,0.0282896
88.050068027,0.0217153,0.0322317,0.0518804,0.0206455,0.00999198,0.0400301,0.106534,0.0905094,0.0464686,0.045889,0.0332012,0.0190177
88.096507937,0.0424408,0.0804899,0.0825314,0.0555025,0.0413747,0.0679493,0.0641709,0.067538,0.0632617,0.061279,0.0616695,0.037654
88.142947846,0.0325255,0.0795158,0.0610117,0.0322594,0.02437,0.0691958,0.116229,0.0892269,0.0750777,0.0628125,0.078719,0.0454394
88.189387755,0.0319084,0.0584025,0.0253545,0.0126192,0.0227386,0.066097,0.121664,0.0712945,0.0484948,0.0448735,0.0584995,0.0299792
88.235827664,0.0277832,0.0636649,0.029769,0.014671,0.023388,0.0650785,0.111628,0.0569072,0.0369717,0.0373975,0.053752,0.0296798
88.282267574,0.0332897,0.0654323,0.0326631,0.0154883,0.0248497,0.0600744,0.12771,0.0679829,0.0272099,0.0359053,0.0521372,0.02537
88.328707483,0.027814,0.0741351,0.0404309,0.0155393,0.0280481,0.0818743,0.120905,0.0720454,0.056474,0.0390729,0.0463283,0.0374553
88.375147392,0.0402548,0.0711246,0.0415204,0.0218205,0.0269877,0.0579875,0.116818,0.0702014,0.0553208,0.0415107,0.0485896,0.0323114
88.421587302,0.0379326,0.0581184,0.0339585,0.0135073,0.0390449,0.0773916,0.123177,0.0723824,0.0543505,0.0422658,0.050224,0.0374338
88.468027211,0.0390042,0.0842825,0.0538363,0.0189708,0.0358456,0.0761732,0.113503,0.0729424,0.0537617,0.0338699,0.037926,0.0301883
88.514467120,0.0149782,0.0403462,0.0364579,0.0140193,0.0087646,0.0457627,0.105214,0.0562391,0.0142541,0.0218482,0.0371867,0.0210587
88.560907029,0.02671,0.0527134,0.0314919,0.0108516,0.0131713,0.051795,0.10923,0.0559906,0.0328743,0.0293985,0.0365936,0.0297509
88.607346939,0.0325334,0.0571795,0.0266797,0.00949434,0.0167885,0.0628577,0.111352,0.0725301,0.0499515,0.0351379,0.0373263,0.0224723
88.653786848,0.0282574,0.0679532,0.0448471,0.0228743,0.0217606,0.0649479,0.105365,0.0762556,0.0707628,0.0506661,0.0453278,0.0295508
88.700226757,0.0300356,0.0659514,0.0338456,0.0171851,0.0336683,0.0620059,0.0959918,0.0686047,0.0665559,0.0483382,0.0442328,0.0321569
88.746666667,0.0312259,0.0524451,0.0222249,0.0201029,0.0353441,0.0559724,0.0972347,0.0522746,0.0112966,0.0155754,0.0331936,0.0132275
88.793106576,0.0309086,0.0758273,0.0555865,0.0136382,0.0225106,0.0886417,0.122759,0.0496694,0.0534909,0.0621934,0.032867,0.0222662
88.839546485,0.0332295,0.0748619,0.0396236,0.00706046,0.0253787,0.0878067,0.117337,0.0467114,0.0490189,0.0716828,0.0380219,0.0123952
88.885986395,0.0367568,0.0767889,0.0531885,0.0211598,0.030013,0.0796819,0.0925049,0.0768773,0.0902626,0.0453734,0.0258668,0.0255053
88.932426304,0.0464176,0.0759206,0.0327809,0.00788738,0.0360765,0.0667267,0.0788356,0.072635,0.0815632,0.0401619,0.0298846,0.034156
88.978866213,0.0533649,0.0639651,0.0643547,0.0566113,0.0579656,0.0778889,0.0947132,0.0683806,0.054908,0.0649057,0.0863844,0.084302
89.025306122,0.0947597,0.0265413,0.0496818,0.0304551,0.0134748,0.051044,0.105629,0.0522729,0.0211707,0.0268232,0.0923225,0.186302
89.071746032,0.0982377,0.0210582,0.0484056,0.0297898,0.0097165,0.0582592,0.133486,0.0695675,0.0168018,0.0132164,0.0971028,0.208236
89.118185941,0.0871197,0.0232051,0.0497395,0.0349415,0.0107525,0.0627658,0.141023,0.0655944,0.0114444,0.0128598,0.0831628,0.189284
89.164625850,0.0974356,0.04038,0.0598233,0.0398472,0.0188068,0.0470462,0.129293,0.0784677,0.0173028,0.0187339,0.0848669,0.184236
89.211065760,0.0665889,0.0215197,0.0470829,0.0288441,0.00892253,0.0415978,0.0990415,0.0516027,0.00911983,0.00909698,0.0704771,0.148436
89.257505669,0.0512846,0.0280846,0.0539957,0.0278539,0.005462,0.0477824,0.112224,0.0598598,0.0129,0.0155654,0.05162,0.111199
89.303945578,0.0405001,0.0242802,0.0516975,0.0344873,0.0154469,0.0449185,0.097812,0.0609668,0.0180007,0.0118453,0.0520091,0.0968132
89.350385488,0.0562985,0.0304297,0.0555408,0.0469834,0.0156996,0.0420906,0.100128,0.0557645,0.00782861,0.0116216,0.0523271,0.110999
89.396825397,0.0470548,0.0284598,0.0594834,0.0438152,0.0135546,0.0667324,0.118602,0.04498,0.00956396,0.0098976,0.0583496,0.111884
89.443265306,0.0437383,0.0260405,0.0532039,0.0316522,0.00983185,0.0495061,0.0953256,0.0468545,0.0126445,0.0153483,0.0565755,0.101575
89.489705215,0.0508279,0.0214536,0.033008,0.028035,0.0114084,0.0504667,0.128705,0.0733578,0.00868637,0.0111029,0.0410079,0.096082
89.536145125,0.0383451,0.0188583,0.0411017,0.027169,0.00720974,0.0336956,0.0820732,0.0407054,0.00394609,0.00658431,0.0415491,0.0900049
89.582585034,0.0370508,0.0197255,0.0366735,0.0216912,0.0156242,0.0432376,0.0819722,0.0411985,0.00737763,0.00804839,0.0339591,0.0809972
89.629024943,0.0356739,0.0179387,0.0309483,0.0218582,0.0142601,0.0362265,0.0744615,0.0361707,0.00644299,0.00522386,0.03888,0.0765776
89.675464853,0.0195748,0.0409908,0.0759949,0.0655337,0.0465644,0.0517649,0.0714098,0.0517019,0.0389352,0.073942,0.0610964,0.0524457
89.721904762,0.0373225,0.0358475,0.0653747,0.0340101,0.056999,0.0633599,0.0840566,0.0352964,0.0315147,0.0217539,0.0323251,0.0656403
89.768344671,0.0603501,0.0389226,0.0508408,0.0250747,0.0378314,0.0946835,0.0955634,0.0362715,0.022701,0.0286829,0.0244366,0.0610015
89.814784580,0.0702746,0.0422779,0.0448458,0.025574,0.0400539,0.0869093,0.0933573,0.0395814,0.0235289,0.0268016,0.0258618,0.059898
89.861224490,0.032617,0.0275052,0.0510397,0.0444343,0.0311724,0.0414463,0.0591641,0.0382286,0.0390761,0.0380667,0.0329508,0.0486101
89.907664399,0.0224066,0.0235782,0.0511112,0.0619539,0.105294,0.0797072,0.0914126,0.0554571,0.0757015,0.132801,0.0679241,0.0302353
89.954104308,0.0210242,0.025027,0.0561948,0.0560574,0.107426,0.0927183,0.10749,0.0704636,0.0896476,0.150242,0.0693934,0.0332165
90.000544218,0.0301875,0.0224464,0.0387098,0.0516923,0.108494,0.0858035,0.095991,0.0639662,0.0863657,0.138214,0.0920273,0.0642573
90.046984127,0.0329174,0.0193468,0.0482181,0.0402547,0.0882774,0.0710773,0.0830434,0.0681481,0.0843919,0.129613,0.0788838,0.0577332
90.093424036,0.0161382,0.0328553,0.0550031,0.054666,0.0474351,0.0590664,0.098239,0.0798503,0.0701863,0.154165,0.123187,0.0391638
90.139863946,0.00605332,0.0332908,0.0714269,0.0368758,0.0272739,0.0611372,0.110862,0.0545816,0.074926,0.142339,0.0652653,0.0107935
90.186303855,0.00752111,0.0462286,0.100652,0.0415888,0.0255493,0.0583258,0.107322,0.0555855,0.0698735,0.134361,0.0618535,0.0184811
90.232743764,0.00577045,0.0258142,0.0634583,0.0338953,0.0236778,0.0589582,0.116477,0.0516358,0.063384,0.143018,0.0716637,0.0130555
90.279183673,0.00673228,0.0380158,0.0739153,0.0447293,0.0275212,0.0527572,0.107865,0.0524576,0.0610423,0.117406,0.0516844,0.00940687
90.325623583,0.012666,0.0351791,0.0867108,0.058746,0.0287382,0.0439624,0.105989,0.0700208,0.0556653,0.112235,0.0752038,0.0301591
90.372063492,0.0189599,0.0287737,0.0560685,0.0367699,0.0623044,0.0531176,0.0868256,0.0536508,0.06527,0.106202,0.0402974,0.0398962
90.418503401,0.022557,0.0189271,0.0455877,0.0441637,0.0837369,0.0684371,0.0827633,0.0636883,0.0714193,0.096974,0.0467999,0.0390325
90.464943311,0.0347172,0.0218716,0.0423912,0.0526835,0.104202,0.070992,0.078552,0.0456374,0.0514265,0.0850591,0.0601265,0.0667519
90.511383220,0.00604309,0.0172005,0.0298835,0.0162064,0.0393541,0.0478618,0.072431,0.0342173,0.0332597,0.0674489,0.0337891,0.0103975
90.557823129,0.0101859,0.0281559,0.0644234,0.0396702,0.0283637,0.0512499,0.0920972,0.0615289,0.0482935,0.114057,0.0621674,0.0139333
90.604263039,0.0141254,0.0529273,0.098381,0.0503826,0.0211733,0.0481531,0.0996542,0.0484839,0.0475902,0.122833,0.0612895,0.00810914
90.650702948,0.00496563,0.0497195,0.103998,0.0485481,0.0245341,0.0409776,0.083624,0.0431515,0.0524463,0.110025,0.0573068,0.0126584
90.697142857,0.00499295,0.0419259,0.088299,0.039738,0.0190663,0.0402903,0.0838196,0.0429447,0.052501,0.088149,0.0312409,0.0102619
90.743582766,0.0159349,0.0262721,0.06634,0.0492606,0.0305145,0.0247432,0.0426482,0.0401478,0.027341,0.0447283,0.0396356,0.0218338
90.790022676,0.046029,0.0416514,0.0818847,0.0416152,0.0213323,0.0601027,0.0964916,0.0814865,0.0675991,0.0363746,0.048939,0.107552
90.836462585,0.0526644,0.0240441,0.0580915,0.0387777,0.0136727,0.0328223,0.0803708,0.0655046,0.0490216,0.0246876,0.0544133,0.103692
90.882902494,0.0353103,0.0204807,0.0413731,0.0340043,0.0179864,0.0592199,0.112337,0.073287,0.0405452,0.0193495,0.0397536,0.0878166
90.929342404,0.0444786,0.0230209,0.0572704,0.0420388,0.0145397,0.0446867,0.122152,0.0962154,0.044871,0.027436,0.0441878,0.0873289
90.975782313,0.0395764,0.0210251,0.0451682,0.0260059,0.00762651,0.0262652,0.0737611,0.0670797,0.037311,0.01601,0.0413904,0.0802399
91.022222222,0.0241424,0.0160625,0.0446962,0.024733,0.00640338,0.0358228,0.0782849,0.0700961,0.0340493,0.012371,0.0287936,0.0518351
91.068662132,0.0184879,0.017599,0.0393853,0.0224738,0.00615863,0.0239186,0.0762293,0.0852248,0.0357453,0.0101652,0.0260325,0.0435606
91.115102041,0.0317976,0.0268739,0.047589,0.0445232,0.0278146,0.0441474,0.14538,0.16158,0.0678875,0.0207395,0.0276671,0.0628947
91.161541950,0.0256674,0.0214118,0.0535128,0.0367666,0.0127668,0.0476977,0.141922,0.139905,0.0581452,0.0133837,0.032245,0.06644
91.207981859,0.042683,0.0195604,0.0428417,0.0275867,0.0169689,0.0335284,0.100476,0.132629,0.0592555,0.0189697,0.0473925,0.0913673
91.254421769,0.0445528,0.0207742,0.0408107,0.0284517,0.0126712,0.035809,0.10476,0.104758,0.0414831,0.0117095,0.0443175,0.0979084
91.300861678,0.0393326,0.0197514,0.0379799,0.0192648,0.00492956,0.0215898,0.0635592,0.076936,0.0357211,0.011407,0.034083,0.0796209
91.347301587,0.034708,0.0182002,0.0326942,0.0173713,0.0109127,0.0218381,0.0533801,0.0655987,0.0379469,0.0114632,0.0388182,0.0793227
91.393741497,0.0346873,0.0179222,0.0331699,0.0201221,0.0109511,0.0203981,0.0534435,0.0603613,0.0321266,0.0054492,0.0382264,0.0809493
91.440181406,0.0918521,0.0549473,0.0271323,0.0320717,0.021881,0.0276237,0.0707468,0.0678524,0.045302,0.0234969,0.0287321,0.0574818
91.486621315,0.0174291,0.0331992,0.0776321,0.0374706,0.0181987,0.0500301,0.0765811,0.0619658,0.0471282,0.0523222,0.0349438,0.0395998
91.533061224,0.00814265,0.0289749,0.0575889,0.0253428,0.00604072,0.0225474,0.0650513,0.0528456,0.0424174,0.0478591,0.0366477,0.0234943
91.579501134,0.00621986,0.0392496,0.078847,0.0398449,0.00699304,0.0273774,0.0710928,0.0586583,0.0476155,0.0508288,0.0292253,0.0142972
91.625941043,0.0141789,0.0308746,0.0728283,0.0393009,0.0183388,0.0293311,0.0466616,0.0392809,0.032517,0.0212222,0.0263192,0.0301033
91.672380952,0.0409596,0.0699997,0.0428529,0.0286896,0.0423767,0.0589403,0.0958835,0.0799013,0.0766948,0.053115,0.0619532,0.035158
91.718820862,0.0292052,0.0636194,0.040193,0.0112925,0.0179522,0.0704847,0.11238,0.0789529,0.0780389,0.0598652,0.0626182,0.030708
91.765260771,0.0324708,0.0718662,0.0325819,0.00988455,0.0299755,0.0876271,0.122327,0.0761198,0.0585228,0.0503272,0.0525273,0.0325942
91.811700680,0.0430655,0.0866437,0.0399341,0.016533,0.0489609,0.0913417,0.119191,0.0767281,0.0586954,0.045704,0.0556289,0.0345526
91.858140590,0.0265907,0.0549303,0.0301941,0.00726747,0.0137317,0.0477417,0.109564,0.0629013,0.0158942,0.0294567,0.0449689,0.0236552
91.904580499,0.0300464,0.0800451,0.0615335,0.0165949,0.0169259,0.0673569,0.107177,0.0651095,0.0519209,0.0461808,0.0425621,0.0230193
91.951020408,0.0357658,0.0591426,0.0377205,0.0164918,0.0372824,0.086341,0.115095,0.0745356,0.0697777,0.0539202,0.0422387,0.0292326
91.997460317,0.0253837,0.0543627,0.0370243,0.0183271,0.0243455,0.0797554,0.114232,0.0704737,0.0578436,0.0459657,0.0331971,0.0270135
92.043900227,0.0190673,0.0464764,0.0390342,0.0109324,0.0205355,0.0818459,0.112212,0.0786777,0.0674425,0.0434701,0.0410415,0.0282808
92.090340136,0.0336431,0.0511716,0.0338295,0.0185926,0.0401909,0.0827557,0.123153,0.0579001,0.0335921,0.0346617,0.0392296,0.0300401
92.136780045,0.0197888,0.044863,0.0301625,0.00954904,0.0176567,0.0630028,0.106991,0.0525763,0.0173732,0.0247635,0.0511255,0.0267426
92.183219955,0.0228142,0.0546823,0.0313139,0.00510549,0.0250534,0.0953632,0.122632,0.0528893,0.0205931,0.0326882,0.0570456,0.0333429
92.229659864,0.0198861,0.050553,0.0301047,0.0113236,0.0427573,0.107871,0.125244,0.0520306,0.0124972,0.0241842,0.0564198,0.025233
92.276099773,0.0246616,0.054052,0.0285045,0.00942512,0.0322348,0.0891577,0.123778,0.0583338,0.0186463,0.0312113,0.0497487,0.025178
92.322539683,0.019073,0.0357543,0.0250844,0.0221073,0.0497529,0.0841101,0.101683,0.0886171,0.0438677,0.0165901,0.0224884,0.0160797
92.368979592,0.0240435,0.0457833,0.0459936,0.0248426,0.0357347,0.0569113,0.107997,0.113243,0.0440362,0.0171985,0.038341,0.0333304
92.415419501,0.0220518,0.0427035,0.0458235,0.0207413,0.0422334,0.0626326,0.0906024,0.0971846,0.0438766,0.0111174,0.0266955,0.0274125
92.461859410,0.019476,0.0496082,0.0471351,0.0260795,0.0334149,0.0582464,0.0922716,0.117263,0.0598739,0.0155901,0.0269531,0.0265326
92.508299320,0.0147731,0.0310414,0.0189242,0.00940797,0.016402,0.0363771,0.0559665,0.0659234,0.0361018,0.00817896,0.0235676,0.0121068
92.554739229,0.0479625,0.0217357,0.0477646,0.0374037,0.0322505,0.0727328,0.141724,0.0951721,0.034995,0.0347667,0.0757406,0.113723
92.601179138,0.0707653,0.0413083,0.0550797,0.0305038,0.0119092,0.0880343,0.175487,0.0851741,0.0154309,0.0157436,0.0687085,0.138183
92.647619048,0.0669284,0.0383082,0.0524295,0.0346926,0.0129413,0.0723424,0.152834,0.0766504,0.0205768,0.0137138,0.0617957,0.133075
92.694058957,0.0602248,0.0413028,0.0535404,0.0346767,0.0197348,0.0656376,0.15901,0.0822128,0.0146298,0.0159126,0.0646785,0.127125
92.740498866,0.0531001,0.0239928,0.0441067,0.0236781,0.00867703,0.0621424,0.138993,0.0681448,0.00581803,0.00634907,0.057405,0.119417
92.786938776,0.0519376,0.0241447,0.0421267,0.0207356,0.00641712,0.0526067,0.125615,0.0615544,0.00883314,0.0122988,0.0579715,0.110301
92.833378685,0.0494916,0.0219021,0.043839,0.0227435,0.00450783,0.0446134,0.109057,0.0525781,0.00833866,0.00961979,0.0502978,0.101007
92.879818594,0.0488054,0.0496899,0.0501821,0.0332391,0.0241297,0.0751211,0.119532,0.0553629,0.020938,0.0200214,0.0443591,0.0857675
92.926258503,0.0534838,0.0554979,0.0598286,0.0295049,0.0216652,0.0585149,0.136545,0.0704572,0.0182026,0.0106645,0.0487117,0.088303
92.972698413,0.0612343,0.0649951,0.0519462,0.0357855,0.0449593,0.0601586,0.137247,0.0734284,0.0240454,0.0210678,0.0537172,0.0799421
93.019138322,0.0477982,0.0351691,0.0445964,0.0193951,0.055431,0.0803865,0.102528,0.0562458,0.0103673,0.0126855,0.0370226,0.0915233
93.065578231,0.0513922,0.0500617,0.0543693,0.0197844,0.0357511,0.0690375,0.0918152,0.03924,0.0193903,0.0263543,0.0379622,0.0729587
93.112018141,0.0346981,0.0489327,0.0555528,0.0268077,0.00810067,0.0557382,0.126328,0.05895,0.00602104,0.0292057,0.0654379,0.0659826
93.158458050,0.0322147,0.0436244,0.0516303,0.0250627,0.00995681,0.0589778,0.13095,0.0630036,0.00851514,0.0377309,0.075689,0.0681931
93.204897959,0.0168377,0.0500913,0.0602989,0.032231,0.0231527,0.0497644,0.107467,0.0540464,0.010114,0.0494642,0.0809782,0.0580838
93.251337868,0.0355844,0.0524866,0.0519788,0.0251872,0.0130463,0.0782223,0.162555,0.0750252,0.0149912,0.0313343,0.0617117,0.0548453
93.297777778,0.0281885,0.0291874,0.0567691,0.085841,0.0493791,0.0854195,0.149777,0.0747837,0.0135257,0.0216027,0.0631621,0.0594199
93.344217687,0.0294467,0.0511266,0.0733221,0.0474503,0.0161951,0.0655561,0.142832,0.0652439,0.0157489,0.0277146,0.0251888,0.0384823
93.390657596,0.0335476,0.0845129,0.0857094,0.0300883,0.0124904,0.0438189,0.109887,0.0574663,0.0143663,0.00988596,0.0252189,0.0498841
93.437097506,0.0271296,0.0745225,0.140999,0.0872782,0.0840049,0.0840779,0.0757254,0.0773549,0.0556386,0.0994296,0.0619609,0.0419601
93.483537415,0.0255823,0.0408325,0.0810628,0.0509063,0.0445242,0.0690315,0.132107,0.0915377,0.0863218,0.159402,0.101563,0.0710555
93.529977324,0.0250174,0.0197412,0.0442817,0.0466869,0.0629207,0.0925267,0.144806,0.103259,0.0660359,0.174167,0.0892242,0.0609603
93.576417234,0.0312189,0.0334602,0.0781167,0.0390395,0.0524436,0.0562621,0.10158,0.0879443,0.0720379,0.170598,0.120274,0.0787605
93.622857143,0.0365451,0.0396094,0.0702755,0.0354352,0.0284592,0.0524886,0.108635,0.0693044,0.0920646,0.176924,0.0895617,0.0721522
93.669297052,0.0765721,0.062965,0.0656111,0.0440304,0.03052,0.0692874,0.130455,0.069774,0.0711825,0.132153,0.0629943,0.046531
93.715736961,0.0189353,0.0464824,0.0728351,0.0360267,0.027276,0.0540816,0.104405,0.0506285,0.064047,0.168433,0.0923785,0.0317935
93.762176871,0.0177202,0.0679453,0.123911,0.0695935,0.0339789,0.0402388,0.110541,0.0639805,0.0764641,0.156538,0.074226,0.0308112
93.808616780,0.0554736,0.103675,0.0846893,0.0369606,0.0264828,0.0508656,0.111039,0.0594964,0.0634116,0.125979,0.0530298,0.0237336
93.855056689,0.0731054,0.128477,0.106485,0.0315843,0.0232453,0.0399707,0.0867441,0.0471906,0.0507544,0.0893426,0.0414719,0.0216885
93.901496599,0.0173973,0.0592047,0.104847,0.0433358,0.0200656,0.0392751,0.085601,0.0494216,0.0576888,0.0973452,0.0526651,0.0174208
93.947936508,0.0162353,0.0424002,0.0698059,0.0274661,0.0271418,0.0546007,0.0932966,0.0619183,0.0895548,0.120015,0.0522178,0.0142152
93.994376417,0.0173083,0.035564,0.0475344,0.0805771,0.0596634,0.0519904,0.0806416,0.0577386,0.0944446,0.104016,0.0548201,0.024063
94.040816327,0.033071,0.0577333,0.0665274,0.0486368,0.100109,0.0916014,0.0853579,0.0645962,0.0977555,0.0835401,0.0453799,0.0233187
94.087256236,0.149347,0.169248,0.197007,0.180651,0.167403,0.13163,0.147316,0.143669,0.129379,0.0999421,0.123081,0.112752
94.133696145,0.0912755,0.115914,0.119257,0.109121,0.0953469,0.0967883,0.0904868,0.0744047,0.0787108,0.0524534,0.040186,0.0773925
94.180136054,0.0759632,0.0672505,0.082536,0.0523903,0.0380841,0.025866,0.0396946,0.0496994,0.0367711,0.0205308,0.0387414,0.0696338
94.226575964,0.0199548,0.034698,0.0688366,0.0503241,0.0297827,0.0358331,0.0231288,0.0250528,0.0689308,0.0360243,0.0229153,0.0442204
94.273015873,0.116537,0.106261,0.0584766,0.0441201,0.056522,0.0585297,0.0352926,0.0582743,0.0805742,0.0435463,0.0359709,0.0613894
94.319455782,0.143039,0.151164,0.172335,0.152839,0.149351,0.123352,0.135135,0.135905,0.126162,0.112392,0.123249,0.121313
94.365895692,0.0703222,0.107631,0.101823,0.0660873,0.0589737,0.0673083,0.0759602,0.0602753,0.0497907,0.0446738,0.0473771,0.0600931
94.412335601,0.0374706,0.0478998,0.0561314,0.0293763,0.014182,0.0664629,0.137963,0.112817,0.0524277,0.0581008,0.0522398,0.052715
94.458775510,0.0280972,0.0417516,0.0571519,0.0299725,0.0128082,0.0339312,0.118112,0.114076,0.0483177,0.0453867,0.0429739,0.0475807
94.505215420,0.0267391,0.0443289,0.061184,0.0286045,0.0119447,0.0532155,0.130067,0.103089,0.0419091,0.0249962,0.0288104,0.0476838
94.551655329,0.0164534,0.0270694,0.0407598,0.0209949,0.00899737,0.0477793,0.119104,0.0836783,0.0235705,0.00609387,0.0196702,0.035022
94.598095238,0.0138946,0.0225398,0.0218526,0.00855376,0.00382186,0.0368541,0.0793392,0.0511132,0.0154172,0.00753396,0.0132468,0.0179645
94.644535147,0.0415694,0.0518319,0.0491797,0.033471,0.0256731,0.0575902,0.119402,0.109796,0.0686004,0.0522155,0.0596043,0.0530863
94.690975057,0.0318764,0.0328588,0.0440517,0.0379606,0.0129749,0.0406066,0.139403,0.149932,0.0794649,0.0666254,0.0544956,0.0575878
94.737414966,0.0958114,0.0846826,0.115137,0.0909496,0.0743209,0.109601,0.199791,0.171896,0.11996,0.107001,0.086624,0.101199
94.783854875,0.101357,0.133708,0.117869,0.0870324,0.115242,0.0980435,0.0867772,0.0942681,0.0909756,0.0683207,0.0742279,0.0957111
94.830294785,0.0800515,0.0783974,0.0846239,0.0589738,0.0450573,0.0480064,0.0718504,0.051887,0.0423523,0.0368878,0.0360972,0.0532328
94.876734694,0.0325538,0.0445089,0.0579717,0.0303113,0.010523,0.0252391,0.0791531,0.0987706,0.0456261,0.0150375,0.029268,0.0470432
94.923174603,0.0166589,0.0310532,0.023075,0.014445,0.0220498,0.0200777,0.0421222,0.0614378,0.0343536,0.014158,0.0169017,0.0283936
94.969614512,0.0265017,0.0443658,0.0301321,0.0232339,0.0364123,0.0332403,0.0395811,0.0699085,0.0361083,0.019732,0.0299376,0.0355055
95.016054422,0.0312019,0.04428,0.0558719,0.0286655,0.0206523,0.0647333,0.123213,0.0855696,0.0656439,0.0613164,0.0404926,0.0480942
95.062494331,0.0204863,0.0352406,0.056306,0.0308867,0.0101274,0.0446923,0.107714,0.0896456,0.0651421,0.065076,0.04442,0.0527058
95.108934240,0.0172687,0.0287154,0.0636715,0.0339572,0.00871903,0.0556891,0.12726,0.099407,0.0552159,0.0386511,0.0331447,0.0444549
95.155374150,0.0495905,0.0621748,0.0791573,0.0432715,0.024684,0.0655124,0.137471,0.112472,0.0721367,0.0684985,0.0555712,0.0547333
95.201814059,0.146215,0.156981,0.163569,0.185179,0.174323,0.146674,0.152277,0.132561,0.113016,0.124021,0.147209,0.136437
95.248253968,0.0770413,0.110158,0.0931482,0.0709808,0.0786058,0.0738111,0.0684432,0.0557364,0.0565402,0.0531405,0.0523434,0.063466
95.294693878,0.0527161,0.0705508,0.0574029,0.0251715,0.0158654,0.0566263,0.0983966,0.0615387,0.0566994,0.0534898,0.0562477,0.0398737
95.341133787,0.0264544,0.0523802,0.0352933,0.0172981,0.027852,0.077758,0.13312,0.0636323,0.0355855,0.0422299,0.0593029,0.0385425
95.387573696,0.02295,0.0429583,0.0232558,0.0137053,0.033114,0.0849754,0.126872,0.0674839,0.0366999,0.0391958,0.0504382,0.0346685
95.434013605,0.0429031,0.0724198,0.0340352,0.00648725,0.0336297,0.0793438,0.10311,0.0491812,0.0554782,0.0379327,0.0422015,0.0429449
95.480453515,0.0279705,0.0466351,0.0295069,0.0116445,0.0265008,0.0387371,0.0677147,0.0385337,0.0545612,0.0366026,0.024952,0.0190522
95.526893424,0.0421058,0.0579139,0.0432887,0.0361241,0.041614,0.0483233,0.034996,0.0518435,0.0680853,0.043447,0.0206781,0.0284001
95.573333333,0.0321313,0.0637826,0.0432845,0.0219117,0.0305876,0.0771042,0.106863,0.0723974,0.0567875,0.0354784,0.0520138,0.0380365
95.619773243,0.0832677,0.0961891,0.0907812,0.0694689,0.0581407,0.106246,0.15335,0.0870093,0.050451,0.0651787,0.0766227,0.0572228
95.666213152,0.127682,0.148322,0.138779,0.107923,0.13711,0.102874,0.103417,0.114887,0.105551,0.0792892,0.0968219,0.104736
95.712653061,0.0742374,0.0831808,0.0782245,0.0559362,0.0504713,0.0382843,0.0571475,0.0421994,0.0374656,0.0421082,0.0428189,0.0387464
95.759092971,0.033738,0.058423,0.0380176,0.0174166,0.0297687,0.0715142,0.107519,0.07533,0.0643361,0.0452691,0.0596087,0.0382416
95.805532880,0.0174881,0.0342784,0.0204437,0.0133808,0.0435778,0.0701897,0.0836255,0.0563427,0.0657389,0.0474852,0.0337967,0.019243
95.851972789,0.0290604,0.0531897,0.0383973,0.0211365,0.0289,0.0290774,0.0567842,0.0418527,0.0214772,0.0213499,0.0283355,0.0217687
95.898412698,0.0303917,0.0465779,0.0502713,0.0352277,0.0250692,0.0887811,0.133481,0.0537045,0.0616951,0.070766,0.0655376,0.0381915
95.944852608,0.0239586,0.0529663,0.0373302,0.0155701,0.0171745,0.091194,0.161334,0.0673535,0.0529612,0.0866491,0.0705409,0.0294303
95.991292517,0.0217503,0.0485514,0.0294654,0.0136978,0.0351213,0.079732,0.123113,0.0828639,0.0779585,0.0495844,0.0454734,0.0341213
96.037732426,0.0592571,0.0818142,0.0529314,0.0292453,0.0405591,0.0857343,0.120603,0.0880451,0.084134,0.0575578,0.058249,0.0468841
96.084172336,0.148934,0.16052,0.140268,0.136166,0.122936,0.12835,0.168215,0.139642,0.116476,0.112755,0.117319,0.103921
96.130612245,0.0719062,0.109644,0.114273,0.0875737,0.0859899,0.0892704,0.0869997,0.0846862,0.0717178,0.0540145,0.0538454,0.0697999
96.177052154,0.0811865,0.0646164,0.0546576,0.0356029,0.0293757,0.0557175,0.106276,0.0647383,0.034791,0.0353326,0.0571931,0.0901599
96.223492063,0.0541399,0.0286268,0.0518012,0.0398272,0.0164084,0.0658862,0.14282,0.0783376,0.0164744,0.0105253,0.0574862,0.109762
96.269931973,0.0533194,0.0271781,0.0550995,0.0429852,0.0172412,0.0599035,0.138706,0.0756152,0.0180307,0.0167967,0.0457631,0.0956168
96.316371882,0.0422623,0.023165,0.0448969,0.0270675,0.0143776,0.0429492,0.0788353,0.0461107,0.0133175,0.0138322,0.0394303,0.0773155
96.362811791,0.0158111,0.0142933,0.0232604,0.013987,0.0045498,0.0180166,0.0432387,0.0201026,0.00648266,0.00704936,0.0171005,0.0303147
96.409251701,0.0215616,0.0188392,0.0205512,0.0170797,0.0195332,0.0305886,0.0378747,0.0287537,0.0169637,0.015887,0.0189431,0.0282275
96.455691610,0.035389,0.0359992,0.0484929,0.0417664,0.020215,0.0939792,0.212773,0.115108,0.0214609,0.0184882,0.0314024,0.0628485
96.502131519,0.0692053,0.0701296,0.0983493,0.0811891,0.048625,0.134511,0.25033,0.121957,0.036792,0.0377296,0.0415104,0.0714341
96.548571429,0.136164,0.155684,0.165566,0.142238,0.156208,0.122298,0.124747,0.134431,0.108913,0.0781614,0.107034,0.113097
96.595011338,0.0859083,0.0929681,0.104852,0.0771103,0.0663122,0.0594574,0.0931379,0.0509244,0.0423684,0.0450534,0.0367391,0.0596114
96.641451247,0.0510263,0.052728,0.0788014,0.0428037,0.0144792,0.0598135,0.106565,0.0574601,0.0170821,0.0241918,0.0375783,0.0606836
96.687891156,0.0428076,0.021123,0.0182431,0.0177508,0.022139,0.0363386,0.0688259,0.0378173,0.0129855,0.0143913,0.0260867,0.0701337
96.734331066,0.041837,0.0209567,0.0246299,0.0178648,0.0205978,0.0292331,0.0420465,0.0319267,0.017848,0.0164084,0.0339676,0.0680651
96.780770975,0.0388994,0.0322622,0.0515063,0.0299735,0.032013,0.0789855,0.113233,0.0760766,0.0849565,0.0775688,0.0455441,0.0635019
96.827210884,0.0361713,0.0313819,0.0565136,0.053363,0.0702219,0.0818253,0.133997,0.0759037,0.0334168,0.0207892,0.0361096,0.0693483
96.873650794,0.0607123,0.0347267,0.0469763,0.0259601,0.0318048,0.0897815,0.133887,0.0672034,0.0142259,0.021921,0.0290916,0.0633106
96.920090703,0.0754505,0.0558928,0.055934,0.0335763,0.0282426,0.104635,0.145718,0.0657243,0.0234924,0.0336914,0.0358244,0.0631892
96.966530612,0.0987929,0.0988902,0.113262,0.10882,0.0889749,0.0973917,0.158276,0.132181,0.0874256,0.0901791,0.101622,0.0993149
97.012970522,0.0878133,0.122172,0.120954,0.0794819,0.115271,0.0974987,0.0779857,0.0925837,0.0810857,0.0838129,0.0558626,0.0795814
97.059410431,0.0769526,0.078518,0.0513669,0.0415517,0.0725401,0.0686543,0.0930564,0.0464872,0.0424979,0.0569978,0.0419795,0.0452149
97.105850340,0.0337941,0.0280868,0.0436156,0.0538811,0.105551,0.0871088,0.114589,0.0721855,0.0530711,0.066792,0.0384742,0.056235
97.152290249,0.0409958,0.0286083,0.0493461,0.0440292,0.0995199,0.0881656,0.106111,0.0679837,0.0531852,0.0694699,0.0458086,0.0548918
97.198730159,0.0205277,0.0277021,0.0578628,0.0536707,0.0690422,0.0623528,0.0974854,0.0735587,0.056359,0.0819036,0.0629062,0.0451148
97.245170068,0.00451707,0.0280591,0.0517328,0.0239095,0.020623,0.034771,0.0672288,0.0335771,0.0263705,0.0542297,0.0265339,0.00976775
97.291609977,0.0133687,0.0396274,0.0747319,0.0352314,0.017249,0.0324354,0.055831,0.0264714,0.0329774,0.040702,0.0170229,0.0155516
97.338049887,0.0176343,0.0451128,0.0637572,0.0343116,0.0228624,0.0579453,0.118763,0.0623205,0.0391406,0.074502,0.0380282,0.0190261
97.384489796,0.0437856,0.0561847,0.0743633,0.0558547,0.0374982,0.100609,0.175037,0.0874031,0.0509208,0.0951446,0.0517866,0.0298817
97.430929705,0.134875,0.160857,0.192281,0.17365,0.170219,0.130463,0.128186,0.125184,0.11715,0.102677,0.142701,0.135966
97.477369615,0.0767241,0.106054,0.103286,0.063981,0.0842303,0.0659451,0.0714383,0.0559131,0.0467207,0.0456498,0.0427343,0.0565401
97.523809524,0.0415958,0.0559882,0.0876276,0.0668517,0.0932745,0.0690702,0.0810546,0.0529551,0.055931,0.0676581,0.0418408,0.0543438
97.570249433,0.0386543,0.0255856,0.0429235,0.0519323,0.0969774,0.0650065,0.0567743,0.0504775,0.0377075,0.0348004,0.0326808,0.0576056
97.616689342,0.0182415,0.0223073,0.0255259,0.0172004,0.0433077,0.0335377,0.0300309,0.0305679,0.0252627,0.0290777,0.0254145,0.0138055
97.663129252,0.0313465,0.0382683,0.0537294,0.0277045,0.0439743,0.0534562,0.103559,0.0734668,0.0359892,0.084023,0.0554621,0.0307243
97.709569161,0.0172577,0.0381119,0.0741761,0.0454479,0.0292009,0.0736183,0.149814,0.0759363,0.0429439,0.104372,0.0589892,0.0189235
97.756009070,0.0127866,0.0289533,0.0718919,0.0360948,0.0131674,0.0585805,0.132424,0.0691657,0.0424779,0.098953,0.0531621,0.0191362
97.802448980,0.013322,0.0441866,0.0766682,0.0371963,0.0206007,0.0668131,0.134411,0.0674921,0.0446966,0.0869185,0.0399288,0.00979478
97.848888889,0.0874037,0.0937222,0.10584,0.0944227,0.0715732,0.0769074,0.147932,0.116954,0.0766937,0.0843634,0.0671827,0.0559534
97.895328798,0.114345,0.123399,0.125537,0.094038,0.113476,0.0946667,0.0910083,0.0936808,0.0871993,0.0734543,0.0775824,0.099501
97.941768707,0.0815373,0.0895387,0.0665902,0.0343495,0.039528,0.0517756,0.0588067,0.0323557,0.0411446,0.0356187,0.0399898,0.0594589
97.988208617,0.0428244,0.0350982,0.0629787,0.0437117,0.0203452,0.0474597,0.101719,0.0644964,0.036504,0.0230534,0.0483395,0.0829852
98.034648526,0.042592,0.0375763,0.058758,0.0464229,0.0193701,0.0440082,0.102376,0.0704058,0.0424607,0.028466,0.0365421,0.079516
98.081088435,0.0404069,0.0312437,0.0562207,0.0315231,0.0125208,0.0344061,0.0719238,0.0554096,0.0323348,0.0143612,0.0387555,0.0771446
98.127528345,0.0195103,0.0143688,0.0247154,0.015573,0.00778833,0.0181667,0.0392056,0.0312711,0.0189659,0.00839063,0.019027,0.0396188
98.173968254,0.00988974,0.0076466,0.0131199,0.0100883,0.00641082,0.010158,0.0209579,0.0154017,0.0131442,0.00835245,0.00819239,0.0153122
98.220408163,0.0398124,0.0219388,0.0368577,0.0421692,0.0349289,0.045475,0.0834736,0.0826281,0.0483832,0.0309795,0.0332848,0.0622459
98.266848073,0.0443496,0.0457015,0.0590022,0.0556811,0.0287177,0.0751329,0.135523,0.119961,0.0678498,0.0269687,0.0404426,0.076993
98.313287982,0.185682,0.172764,0.19098,0.185067,0.162659,0.130865,0.13524,0.10814,0.147292,0.131108,0.135334,0.166629
98.359727891,0.0759718,0.109334,0.100639,0.0728428,0.0869419,0.0800117,0.0672868,0.0502438,0.0553018,0.0472164,0.0414134,0.0613324
98.406167800,0.0603773,0.0547885,0.0613621,0.0223038,0.0243151,0.046301,0.0691408,0.0518672,0.0470696,0.0206505,0.0422688,0.0731371
98.452607710,0.0364937,0.0274201,0.0292373,0.0188009,0.0170407,0.025828,0.0508798,0.064489,0.0328835,0.0173365,0.0320348,0.0573741
98.499047619,0.0348195,0.0169076,0.0205793,0.0145841,0.0166455,0.020744,0.0334162,0.0568249,0.0287612,0.0175703,0.033965,0.0605897
98.545487528,0.0987314,0.0371826,0.02014,0.0327426,0.0353566,0.0444632,0.120361,0.1265,0.0516757,0.0356086,0.0450636,0.0866068
98.591927438,0.0263354,0.0347268,0.0813663,0.0454306,0.0198383,0.040473,0.107278,0.121875,0.0627603,0.046759,0.0452137,0.0655665
98.638367347,0.0244859,0.03425,0.0712186,0.0361062,0.0065047,0.0287465,0.0954861,0.101592,0.0504594,0.0377367,0.037438,0.0508531
98.684807256,0.0257393,0.0367549,0.0779509,0.0388495,0.01035,0.0331177,0.0971894,0.0966741,0.0452862,0.042428,0.0386194,0.0433411
98.731247166,0.0791522,0.0916503,0.129521,0.0948804,0.0557873,0.0759216,0.128789,0.110564,0.0621734,0.0583613,0.0664931,0.0737303
98.777687075,0.141059,0.151594,0.145722,0.102014,0.129092,0.124724,0.0987106,0.123818,0.118945,0.09749,0.101364,0.102095
98.824126984,0.0675504,0.0834885,0.0759891,0.0399997,0.0539955,0.0558755,0.0473339,0.048497,0.0325042,0.0485873,0.0387204,0.0341209
98.870566893,0.02983,0.0662556,0.0463743,0.0241179,0.039684,0.063705,0.097968,0.0642714,0.044083,0.0393985,0.0470575,0.0270821
98.917006803,0.0389449,0.083531,0.0502346,0.0295545,0.0455164,0.0589302,0.101987,0.0595705,0.0448762,0.047921,0.055238,0.0280795
98.963446712,0.0236347,0.0417791,0.031892,0.0147339,0.014545,0.0482856,0.100524,0.0571972,0.0175725,0.0241156,0.0433372,0.0257187
99.009886621,0.0258509,0.0654454,0.0470524,0.0102346,0.0241613,0.0531825,0.0667664,0.0383952,0.036069,0.0312822,0.0252392,0.0174665
99.056326531,0.0259527,0.0550695,0.0469598,0.0218513,0.0280757,0.0437555,0.0347971,0.0346421,0.0494151,0.0294823,0.0165998,0.0158493
99.102766440,0.0373365,0.0493543,0.0255972,0.0289517,0.0286671,0.0656708,0.0813436,0.0653224,0.0729673,0.0570924,0.0478197,0.0343187
99.149206349,0.0406721,0.0793676,0.0590135,0.0250181,0.0336219,0.0782929,0.114289,0.0771636,0.0521966,0.0502105,0.0465363,0.0328372
99.195646259,0.148937,0.156914,0.153217,0.147893,0.144921,0.123391,0.149106,0.124167,0.0963553,0.107686,0.110676,0.100583
99.242086168,0.0771496,0.122197,0.116018,0.0692387,0.0909004,0.0914268,0.0790213,0.0747713,0.0630982,0.0592791,0.0512653,0.0608261
99.288526077,0.0560241,0.0924485,0.0598902,0.0219221,0.0488428,0.085714,0.108031,0.0682096,0.0226248,0.0347164,0.0633206,0.0418682
99.334965986,0.0328277,0.0713635,0.0446293,0.0256258,0.0355545,0.0709671,0.0966923,0.0403305,0.0192107,0.0359898,0.0635653,0.0286651
99.381405896,0.0424211,0.061289,0.0436486,0.0299072,0.0310293,0.0540563,0.0663242,0.0319137,0.0176187,0.031891,0.0493822,0.0311068
99.427845805,0.0257436,0.0452383,0.0432028,0.0443829,0.0444213,0.0683095,0.0963246,0.0700902,0.0290636,0.0361367,0.0440657,0.0345847
99.474285714,0.0214314,0.0428378,0.0351951,0.0191677,0.0258323,0.0597631,0.117977,0.0823552,0.0428125,0.0291422,0.0528397,0.0337898
99.520725624,0.0215817,0.0392034,0.0343908,0.0160719,0.0221711,0.0596548,0.122862,0.0989509,0.0317571,0.0184633,0.0364377,0.0222587
99.567165533,0.0250376,0.0533437,0.0473853,0.0151355,0.0290101,0.0464212,0.104184,0.0910353,0.037101,0.0146549,0.0365101,0.0252988
99.613605442,0.0227343,0.0420615,0.0282033,0.0138797,0.016452,0.0485145,0.0913633,0.0733299,0.034834,0.0250335,0.035723,0.0240981
99.660045351,0.0490119,0.0416712,0.023401,0.0285112,0.035198,0.0700615,0.087708,0.0673276,0.0446041,0.0408421,0.0470215,0.0577594
99.706485261,0.024758,0.0209312,0.0332564,0.0230128,0.0173503,0.081762,0.146762,0.0772911,0.0221452,0.0169204,0.0316268,0.0504618
99.752925170,0.0301522,0.0245079,0.0283041,0.0149645,0.00838019,0.0508037,0.112995,0.0572696,0.00964746,0.00718232,0.0208558,0.0418058
99.799365079,0.025462,0.0257546,0.0269868,0.0168696,0.00692554,0.0455994,0.106074,0.0568801,0.00989754,0.0135238,0.0235035,0.0441384
99.845804989,0.025542,0.0237233,0.0424732,0.0250934,0.0097501,0.0496213,0.10925,0.0593533,0.00719884,0.00998651,0.0200136,0.0439903
99.892244898,0.0194076,0.0160412,0.0241784,0.00970674,0.00549149,0.0299,0.067844,0.0399278,0.010453,0.00706597,0.0200938,0.0331372
99.938684807,0.00778758,0.0063636,0.0124504,0.00723621,0.00419987,0.011299,0.0292341,0.021429,0.00939371,0.00528067,0.00892473,0.0159365
99.985124717,0.035199,0.0360804,0.0362677,0.0254531,0.0244396,0.0473887,0.0718352,0.0507592,0.026293,0.0261787,0.0344442,0.0497005
100.031564626,0.0232238,0.0318095,0.0353274,0.0195813,0.00883723,0.0362536,0.0842066,0.0533579,0.0142845,0.00717546,0.0159627,0.0390047
100.078004535,0.0278138,0.04227,0.0431268,0.0202179,0.00863242,0.0348875,0.0789854,0.0345549,0.00594546,0.00990012,0.0233956,0.0364518
100.124444444,0.0225152,0.0221506,0.0290937,0.019154,0.00681406,0.0583827,0.126797,0.0705436,0.0147007,0.0117654,0.0207717,0.0336155
100.170884354,0.0268424,0.0341926,0.0447729,0.0177879,0.00594836,0.0518808,0.110126,0.0525315,0.00588852,0.00597239,0.0187538,0.0384601
100.217324263,0.0177618,0.0209548,0.0201709,0.0151904,0.00587034,0.0347456,0.0708881,0.0322083,0.00354883,0.00763708,0.0141818,0.0274828
100.263764172,0.0131975,0.0148095,0.0197839,0.0133435,0.0036988,0.0210768,0.0468344,0.0218597,0.00487666,0.00667764,0.00744362,0.015399
100.310204082,0.0353122,0.0246438,0.0177516,0.0184794,0.0201169,0.0277478,0.0302681,0.0392755,0.0192847,0.0212801,0.0276061,0.0361132
100.356643991,0.0249287,0.022391,0.0296235,0.0211637,0.0134028,0.0564622,0.123044,0.0608048,0.0145864,0.00828301,0.0188023,0.0424295
100.403083900,0.0189029,0.015842,0.0251251,0.0129647,0.00517261,0.0555918,0.119606,0.0597146,0.00803847,0.00410347,0.0165366,0.0335185
100.449523810,0.012748,0.0193578,0.0246533,0.0123163,0.00592443,0.0366229,0.0928856,0.0476109,0.00444099,0.00507264,0.0140126,0.0295105
100.495963719,0.0177704,0.0139035,0.0247871,0.0121683,0.005723,0.0403275,0.0959263,0.0502101,0.00288094,0.00402473,0.0171335,0.0289014
100.542403628,0.0295424,0.0238814,0.0388333,0.032829,0.0291726,0.047792,0.0706669,0.0520772,0.0261597,0.0281219,0.034443,0.0370561
100.588843537,0.0124992,0.0303693,0.0426054,0.0206439,0.0125623,0.0452794,0.0783492,0.0396143,0.0185363,0.0173615,0.0261021,0.0313394
100.635283447,0.0129751,0.0232308,0.0390307,0.0139386,0.00907191,0.0395653,0.0836145,0.0509809,0.0063121,0.0167126,0.0119862,0.0208641
100.681723356,0.0133138,0.0254905,0.0392345,0.0192324,0.0126193,0.0240055,0.0534955,0.0337423,0.0173741,0.0224784,0.0128849,0.0152604
100.728163265,0.00554129,0.0235672,0.0422135,0.0227849,0.0105834,0.0185072,0.0476635,0.0270879,0.0135325,0.0207562,0.0102854,0.00634723
100.774603175,0.0123998,0.0206366,0.0267894,0.00910016,0.0082276,0.0163926,0.0419392,0.0239393,0.00946066,0.00846591,0.00685647,0.00691144
100.821043084,0.00445597,0.0117067,0.0172871,0.00801021,0.00541566,0.00941295,0.0191082,0.010127,0.0057321,0.00526265,0.00577701,0.00583637
100.867482993,0.0141776,0.00921501,0.00991062,0.0151033,0.0144795,0.017417,0.0253872,0.0239131,0.0156992,0.0180998,0.0180298,0.017334
100.913922902,0.0116912,0.0162136,0.0235023,0.0174761,0.00962005,0.0227725,0.043113,0.0216293,0.017059,0.0263645,0.0162167,0.0142067
100.960362812,0.00783899,0.0124353,0.0184796,0.00817846,0.00501394,0.0152277,0.043,0.0266778,0.00594806,0.0187113,0.00997123,0.00861559
101.006802721,0.0111077,0.0159816,0.0200663,0.00998183,0.00800659,0.0226843,0.0433121,0.0223602,0.0190159,0.0308697,0.018968,0.00949977
101.053242630,0.00543414,0.0184844,0.0262973,0.0116626,0.0052928,0.0213011,0.0456093,0.0258697,0.0161631,0.0274131,0.0140995,0.00379122
101.099682540,0.00246825,0.015768,0.0240834,0.0108608,0.00488599,0.013024,0.0251587,0.0141732,0.0061615,0.0137234,0.00741563,0.0025893
101.146122449,0.00441798,0.0142916,0.0188799,0.00880407,0.00262379,0.00305968,0.00970813,0.00600936,0.00241275,0.00407954,0.00450678,0.00216437
101.192562358,0.00462441,0.00682012,0.0118103,0.00744183,0.00456771,0.00499987,0.0106889,0.00796332,0.00248129,0.00729695,0.00613978,0.00244021
101.239002268,0.00369775,0.00606408,0.00580572,0.00316116,0.00203019,0.00697091,0.0136273,0.00747805,0.00467386,0.00782024,0.00438379,0.00305892
101.285442177,0.00120087,0.00297912,0.00299117,0.00103879,0.000677543,0.00352594,0.00666817,0.0044182,0.00283016,0.00269412,0.00183705,0.00159002
101.331882086,0.000346104,0.000897856,0.0011209,0.000652575,0.000377652,0.00116269,0.002833,0.00181865,0.000421142,0.000538628,0.000592635,0.00044
101.378321995,0.000157871,0.000355667,0.000413186,0.000277142,0.000210064,0.000537688,0.00082835,0.000520162,0.00010679,0.000175684,0.000111775,4.66106e-05
101.424761905,3.21767e-05,4.8995e-05,5.33184e-05,3.9135e-05,3.13556e-05,3.30583e-05,4.0414e-05,3.28361e-05,2.68723e-05,1.71086e-05,8.83829e-06,1.26959e-05
101.471201814,2.0923e-06,2.12144e-06,1.92289e-06,1.55133e-06,1.26346e-06,1.00925e-06,5.82416e-07,5.35711e-07,5.34138e-07,4.03454e-07,8.12958e-08,6.67794e-07
101.517641723,7.25235e-08,5.15331e-08,4.01827e-08,4.08967e-08,2.83342e-08,4.91817e-08,1.75028e-08,2.11114e-08,5.32912e-08,3.04945e-08,1.33911e-08,4.64738e-08
101.564081633,1.87427e-09,1.08621e-09,1.08808e-09,1.64118e-09,1.35372e-09,1.23539e-09,1.46021e-09,8.41212e-10,1.26199e-09,1.08982e-09,1.16782e-09,1.56325e-09
101.610521542,1.03554e-11,4.60143e-12,6.58839e-12,1.00148e-11,8.17956e-12,7.82419e-12,1.03454e-11,8.74976e-12,1.17131e-11,1.10897e-11,7.48595e-12,5.28019e-12
101.656961451,0,0,0,0,0,0,0,0,0,0,0,0
101.703401361,0,0,0,0,0,0,0,0,0,0,0,0
101.749841270,0,0,0,0,0,0,0,0,0,0,0,0
101.796281179,0,0,0,0,0,0,0,0,0,0,0,0